metric,npi,provider_full_name,specialty,state,city,peer_group_n,peer_n_metric,metric_value,modified_z_score
total_drug_cost,1649365529,RUSHDI ALUL,Emergency Medicine Physician,IL,Chicago,2986,1493,84134877.16000000,134510.383498056365
total_drug_cost,1578727327,LINDSAY WEAVER,Emergency Medicine Physician,IN,Indianapolis,1125,691,44773965.84000000,50241.063215516811
total_drug_cost,1457435760,SCOTT MURRAY,Emergency Medicine Physician,IA,Sioux City,481,250,24816436.51000000,35728.121595503639
total_drug_cost,1598712978,MICHAEL BAZEL,Emergency Medicine Physician,CA,Bell,6975,3707,24285393.33000000,30856.176550569841
total_drug_cost,1538169388,STEPHANIE HAN,Radiation Oncology Physician,TX,El Paso,385,175,53761887.93000000,30011.219914695513
total_drug_cost,1457394306,JUNG LEE,Surgery Physician,NY,Flushing,2171,656,9534232.57000000,16126.148291644201
total_drug_cost,1326495474,JANELLE DUAH,Student in an Organized Health Care Education/Training Program,CT,Bridgeport,6408,1206,24880205.17000000,15561.681029614689
total_drug_cost,1356534994,CEDRIC DAVIS,Hospitalist Physician,AZ,Parker,394,224,137027395.56000000,14545.108183150760
total_drug_cost,1073541546,JEREMY CUSHMAN,Emergency Medicine Physician,NY,Rochester,4319,1795,9169171.24000000,13387.509773184829
total_drug_cost,1164755872,JASON MCELYEA,Emergency Medicine Physician,OK,Mcalester,688,460,13991876.73000000,13126.708642418973
total_drug_cost,1598936726,KRIKOR TATOYAN,Surgery Physician,CA,Van Nuys,3327,1378,7466054.30000000,13043.889295749200
total_drug_cost,1841253705,MICHAEL STANFORD,Emergency Medicine Physician,AL,Trussville,664,396,27134926.14000000,12315.427771997914
total_drug_cost,1982863502,HOOMAN POOR,Student in an Organized Health Care Education/Training Program,NY,New York,43482,6379,20487649.77000000,11463.847141629887
total_drug_cost,1184063067,KEITH ROSENBERG,Emergency Medicine Physician,ME,Biddeford,423,218,6693361.44000000,10815.341849824507
total_drug_cost,1184891624,ANUJ VOHRA,Emergency Medicine Physician,NY,New Windsor,4319,1795,7367507.35000000,10756.816839459670
total_drug_cost,1265429617,JOHN BOGDASARIAN,Otolaryngology Physician,MA,Fitchburg,363,205,68683795.46000000,9508.341443169666
total_drug_cost,1679863658,ALEXANDER ENGELMAN,Radiation Oncology Physician,FL,Tampa,461,255,13062051.10000000,8946.814386187986
total_drug_cost,1669602710,SANDEEP SAHAY,Student in an Organized Health Care Education/Training Program,TX,Houston,22576,2979,26159084.64000000,8894.074210470996
total_drug_cost,1639189848,GEERTRUIDA KINTS,Emergency Medicine Physician,KY,Ashland,858,519,10041540.65000000,8868.833493655138
total_drug_cost,1699718031,ANNETTE WAGNER,Obstetrics & Gynecology Physician,PA,Wilkes Barre,1949,850,58159001.57000000,8494.674514288359
total_drug_cost,1912295429,NADINE REGIS,Student in an Organized Health Care Education/Training Program,NY,Bronx,43482,6379,14854563.43000000,8311.662950740858
total_drug_cost,1174518708,RICHARD MARASA,Emergency Medicine Physician,VT,Windsor,182,71,3804292.34000000,8108.829385907525
total_drug_cost,1700821063,SATISH SOLANKI,Emergency Medicine Physician,MI,Battle Creek,2654,1446,3872964.28000000,7789.408407777413
total_drug_cost,1558372086,GREGORY HEALEY,Emergency Medicine Physician,NY,Canton,4319,1795,5217667.81000000,7617.736504935706
total_drug_cost,1922088947,DANIEL SALTZSTEIN,Surgery Physician,TX,San Antonio,2473,1064,6096446.16000000,7490.522794219453
total_drug_cost,1831152701,PETER KINKEL,Neurological Surgery Physician,NY,Williamsville,494,101,4832774.05000000,7003.709064475579
total_drug_cost,1164450573,ALEXANDER FRANK,Emergency Medicine Physician,OK,Oklahoma City,688,460,7001279.11000000,6567.857488308527
total_drug_cost,1407872351,SERAFIN CHUA,Emergency Medicine Physician,IL,Chicago,2986,1493,3845576.43000000,6147.224043257721
total_drug_cost,1104846765,ASMAT ULLAH,Emergency Medicine Physician,NY,Brooklyn,4319,1795,4165468.78000000,6081.371943012079
total_drug_cost,1154543452,JOHN ANDERSON,Student in an Organized Health Care Education/Training Program,AL,Homewood,5675,762,12154111.97000000,4700.890593904758
total_drug_cost,1639372766,ABDULRAHEEM YACOUB,Student in an Organized Health Care Education/Training Program,KS,Westwood,1361,256,8673038.88000000,4604.299886692644
total_drug_cost,1467430900,RONALD CABLE,Emergency Medicine Physician,OK,Oklahoma City,688,460,4633202.00000000,4346.035245027125
total_drug_cost,1023065968,DOUGLAS STERN,Emergency Medicine Physician,PA,Mc Connellsburg,3616,1743,2446531.62000000,4274.105745343385
total_drug_cost,1326302712,AMER ISSA,Student in an Organized Health Care Education/Training Program,MI,Saginaw,10231,2109,6135278.93000000,4251.754859973899
total_drug_cost,1598812596,AMABLE AGUILUZ,Emergency Medical Services (Emergency Medicine) Physician,CA,Hawaiian Gardens,274,140,5121308.48000000,4175.955426893266
total_drug_cost,1386819753,BOGDAN DUMITRIU,Student in an Organized Health Care Education/Training Program,MD,Upper Marlboro,7249,977,5212067.53000000,3967.290608299378
total_drug_cost,1295771954,HON YUEN WONG,Emergency Medicine Physician,MD,Rockville,1124,456,2467526.31000000,3922.184478515027
total_drug_cost,1508184953,NICHOLAS LANCIANO,Student in an Organized Health Care Education/Training Program,PA,Johnstown,14928,2712,8085475.67000000,3917.084085111618
total_drug_cost,1629021233,BASSAM AL HOMSI,Emergency Medicine Physician,NM,Deming,465,200,2891718.11000000,3903.506530147434
total_drug_cost,1811050339,CAI GLUSHAK,Emergency Medicine Physician,IL,Chicago,2986,1493,2427796.31000000,3880.536776576833
total_drug_cost,1467569822,ANTHONY OLIVA,Hospitalist Physician,TX,San Antonio,1075,625,50570817.90000000,3789.087795712006
total_drug_cost,1033561253,CATHARINE SKOOG,Physician Assistant,WI,Milwaukee,3244,1862,14602000.22000000,3746.130176436014
total_drug_cost,1457606444,ALEX GONZALEZ BOSSOLO,Student in an Organized Health Care Education/Training Program,PR,San Juan,3496,215,5044721.26000000,3719.018186706750
total_drug_cost,1457556383,ROMY ARANGUIZ,Student in an Organized Health Care Education/Training Program,FL,Fort Myers,19042,2682,7373841.61000000,3684.487525393997
total_drug_cost,1154732436,MARCUM COLLINS,Student in an Organized Health Care Education/Training Program,TN,Knoxville,5929,978,7449520.88000000,3675.492805179175
total_drug_cost,1134378615,RYAN STEVENSON,Student in an Organized Health Care Education/Training Program,MA,Boston,14128,1958,5145747.65000000,3673.677658311234
total_drug_cost,1326166257,NIRMAL KAUR,Student in an Organized Health Care Education/Training Program,MI,Detroit,10231,2109,5200852.52000000,3604.087912212015
total_drug_cost,1063743722,DHAVAL SHAH,Student in an Organized Health Care Education/Training Program,DE,Newark,919,140,2944237.57000000,3522.673332860210
total_drug_cost,1962686030,STANLEY BOUCREE,Dentist,MD,Silver Spring,1892,692,499367.20000000,3508.523428701678
total_drug_cost,1891734430,THAYAPARAN MATHANAKARAN,Emergency Medicine Physician,NY,Olean,4319,1795,2380174.00000000,3474.580305331861
total_drug_cost,1184958415,ANNE MARIE HOLLY,Physician Assistant,NY,Rochester,14666,6059,16822028.57000000,3395.902666868231
total_drug_cost,1720166309,ALIREZA MAHMOUDIEH,Radiation Oncology Physician,CA,Merced,629,297,3611644.94000000,3363.288276305432
total_drug_cost,1407903644,COREY FINCH,Emergency Medicine Physician,OK,Oklahoma City,688,460,3558208.48000000,3337.434425386006
total_drug_cost,1326031006,SHYAM AKKULUGARI,Emergency Medicine Physician,KS,Overland Park,417,241,2557496.97000000,3288.610408245771
total_drug_cost,1194771873,BRIAN GELB,Emergency Medical Services (Emergency Medicine) Physician,MI,Alpena,431,171,1796816.62000000,3268.394197337541
total_drug_cost,1881077063,PARDEEP MASUTA,Student in an Organized Health Care Education/Training Program,MD,Salisbury,7249,977,4229448.22000000,3219.210284366288
total_drug_cost,1649454976,DUARTE MACHADO,Student in an Organized Health Care Education/Training Program,CT,Cheshire,6408,1206,5101743.85000000,3190.398829642509
total_drug_cost,1962658344,WARREN LOK,Student in an Organized Health Care Education/Training Program,CT,New Haven,6408,1206,5049379.49000000,3157.645307298187
total_drug_cost,1447498522,SERGIO CHANG FIGUEROA,Student in an Organized Health Care Education/Training Program,KY,Madisonville,4670,680,8723607.18000000,3116.647390706083
total_drug_cost,1649512542,TRACY CARLSON,Student in an Organized Health Care Education/Training Program,NM,Albuquerque,2240,349,6247509.72000000,3111.685563338307
total_drug_cost,1730133604,CHAWKI LAHOUD,Emergency Medicine Physician,NC,Raleigh,1837,980,2719281.37000000,3081.248408694483
total_drug_cost,1730193533,DAVID REGULE,Emergency Medicine Physician,OH,Youngstown,2616,1447,2311478.51000000,3064.455567527182
total_drug_cost,1265755813,ZHENGNAN YIN,Emergency Medicine Physician,TX,Houston,4378,2334,3285945.65000000,3061.962135984550
total_drug_cost,1750722781,ANDRES CARMONA RUBIO,Student in an Organized Health Care Education/Training Program,OH,Cleveland,15977,3025,4582610.92000000,3054.356980000000
total_drug_cost,1184787509,DHIRAJ WARMAN,General Practice Dentistry,FL,Spring Hill,6665,3620,678210.37000000,3016.185760099594
total_drug_cost,1669588422,FRED REVOREDO,Emergency Medicine Physician,NJ,Paterson,1606,860,2420963.05000000,2995.763825826253
total_drug_cost,1982040390,ARMAND RUSSO,Student in an Organized Health Care Education/Training Program,CT,North Haven,6408,1206,4782464.35000000,2990.691848838503
total_drug_cost,1295057610,JOSEPH OFISI,Surgery Physician,IL,Chicago,1531,557,1723257.46000000,2970.522535737110
total_drug_cost,1487652350,JAVED MALIK,Emergency Medicine Physician,AZ,Bullhead City,1386,644,1630208.88000000,2905.189835209853
total_drug_cost,1073596367,SHAYLA SCHOENOFF,Surgical Physician Assistant,MN,Rochester,281,165,3851763.32000000,2875.970266509434
total_drug_cost,1043302946,MICHAEL ZABOSKI,Emergency Medicine Physician,NJ,Elizabeth,1606,860,2292268.30000000,2836.468854224396
total_drug_cost,1528263852,NAKIZITO KAZIGO,Emergency Medicine Physician,TX,Arlington,4378,2334,2960433.67000000,2758.550405528378
total_drug_cost,1801917554,NICKLESH THAKUR,Neurological Surgery Physician,CA,Sacramento,872,225,2918493.77000000,2746.876475119691
total_drug_cost,1962738351,SUJAY MADDURI,Student in an Organized Health Care Education/Training Program,MI,Midland,10231,2109,3945144.84000000,2733.735413948661
total_drug_cost,1396008918,MICHAEL TOOLE,Student in an Organized Health Care Education/Training Program,IN,Fort Wayne,5589,994,7808365.30000000,2718.619279570267
total_drug_cost,1194084053,NEIL SHAH,Student in an Organized Health Care Education/Training Program,DC,Washington,3063,403,2915997.06000000,2714.976121175301
total_drug_cost,1316107147,MARIA DOLGOVINA,Student in an Organized Health Care Education/Training Program,NY,Forest Hills,43482,6379,4841538.97000000,2708.536085513871
total_drug_cost,1164442711,FREDERICK REYNOLDS,Surgery Physician,NY,Saratoga Springs,2171,656,1593153.50000000,2694.032050963600
total_drug_cost,1609309038,STANLEY COOPER,Student in an Organized Health Care Education/Training Program,NY,New York,43482,6379,4780093.01000000,2674.151918111602
total_drug_cost,1790904027,VARANT ARZOUMANIAN,Student in an Organized Health Care Education/Training Program,AR,Fort Smith,2735,425,8267363.03000000,2671.016164033117
total_drug_cost,1689054397,JEFFREY COHEN,Student in an Organized Health Care Education/Training Program,CT,New Haven,6408,1206,4263588.04000000,2666.138530254556
total_drug_cost,1346343225,FERNANDO GONZALES,Diagnostic Radiology Physician,CA,Whittier,4044,108,967728.45000000,2651.938090321663
total_drug_cost,1841432903,CHUNG-HAN LEE,Student in an Organized Health Care Education/Training Program,NY,West Harrison,43482,6379,4663904.95000000,2609.134955154477
total_drug_cost,1427096551,DAVID ESCALANTE,Emergency Medicine Physician,TN,Jellico,1142,652,3624149.67000000,2593.258313231244
total_drug_cost,1720098205,JOHN HARPER,Emergency Medicine Physician,CA,Ramona,6975,3707,2016036.48000000,2560.648255712536
total_drug_cost,1629230479,DAVID CLARK,Student in an Organized Health Care Education/Training Program,KS,Overland Park,1361,256,4746396.76000000,2519.425552894871
total_drug_cost,1114920485,ROBERT HUNTER,Emergency Medicine Physician,OH,Huber Heights,2616,1447,1872841.01000000,2482.750540591023
total_drug_cost,1609039049,MARIO ALCANTARA,Surgery Physician,TX,San Antonio,2473,1064,2019519.36000000,2480.799658186224
total_drug_cost,1194796169,MICHAEL GAINEY,Emergency Medicine Physician,KY,Cynthiana,858,519,2797408.79000000,2470.060638964917
total_drug_cost,1649485053,KALLEEN BARHAM,Student in an Organized Health Care Education/Training Program,DE,Newark,919,140,2059360.98000000,2463.735270736121
total_drug_cost,1851596035,NOAH MAY,Surgery Physician,PA,Philadelphia,1988,703,1468245.74000000,2460.909377032066
total_drug_cost,1265491807,ANARGYROS SKALIOTIS,Surgical Physician Assistant,MA,North Dartmouth,520,299,2268510.69000000,2457.827333384215
total_drug_cost,1982047833,ALEXANDER LAFORTUNE,Student in an Organized Health Care Education/Training Program,NY,Elmhurst,43482,6379,4384987.66000000,2453.057341740227
total_drug_cost,1093758724,GEORGE PURSLEY,Emergency Medicine Physician,GA,Martinez,1614,896,2565969.63000000,2431.116138630487
total_drug_cost,1326059882,ANDY TRAN,Emergency Medicine Physician,CA,Fullerton,6975,3707,1906413.13000000,2421.360416256946
total_drug_cost,1912947326,FREDERICK BURTON,Emergency Medicine Physician,GA,Macon,1614,896,2540762.48000000,2407.224532375920
total_drug_cost,1871942151,RYAN HUANG,Surgery Physician,NV,Las Vegas,268,106,1206610.11000000,2402.264492138365
total_drug_cost,1285892687,ASHUTOSH PAREEK,Student in an Organized Health Care Education/Training Program,MA,Salem,14128,1958,3346590.88000000,2388.967024267014
total_drug_cost,1316208093,AMIT PATEL,Emergency Medicine Physician,MS,Coldwater,493,313,2880624.84000000,2387.447098356525
total_drug_cost,1063994424,KATELYN AMOS,Emergency Medical Services (Emergency Medicine) Physician,MI,Kalamazoo,431,171,1305434.04000000,2374.332666194600
total_drug_cost,1972641074,MARC WATKINS,General Practice Physician,TN,Nashville,148,61,70303596.82000000,2353.797353262176
total_drug_cost,1033360946,JEFFREY LEVINE,Student in an Organized Health Care Education/Training Program,MD,Bethesda,7249,977,3043995.89000000,2316.710655050397
total_drug_cost,1194110361,CARLOS PLA FERNANDEZ,Student in an Organized Health Care Education/Training Program,FL,Tampa,19042,2682,4570775.93000000,2283.608913359587
total_drug_cost,1316365372,BRIAN HAINES,Student in an Organized Health Care Education/Training Program,OH,Cleveland,15977,3025,3421847.55000000,2280.514733333333
total_drug_cost,1720045826,REBECCA ZULIM,Surgery Physician,CA,Visalia,3327,1378,1304211.50000000,2277.882823446748
total_drug_cost,1851556062,MUHAMMAD HAMEED,Student in an Organized Health Care Education/Training Program,MI,Kalamazoo,10231,2109,3274522.14000000,2268.915335491296
total_drug_cost,1780038026,SETH LARSON,Emergency Medicine Physician,MT,Billings,243,139,930251.44000000,2265.586022559786
total_drug_cost,1205149952,KAMALDEEP HEYER,Emergency Medicine Physician,IL,Burr Ridge,2986,1493,1403964.09000000,2243.676854819977
total_drug_cost,1184857229,ANTOINE FINIANOS,Student in an Organized Health Care Education/Training Program,DC,Washington,3063,403,2407493.22000000,2241.395760963217
total_drug_cost,1952508046,NOREEN RUSSO,Surgical Physician Assistant,NC,West End,430,215,4527954.80000000,2241.273589773895
total_drug_cost,1730338112,TINA KHAIR,Student in an Organized Health Care Education/Training Program,PA,Gettysburg,14928,2712,4619102.95000000,2237.467411819112
total_drug_cost,1992749873,BRIAN SMITH,Emergency Medicine Physician,KY,Versailles,858,519,2534022.39000000,2237.410298084101
total_drug_cost,1023375391,KATHRYN BECKERMANN,Student in an Organized Health Care Education/Training Program,TN,Franklin,5929,978,4530298.56000000,2234.911415647269
total_drug_cost,1023243805,PAUL TUTTLE,Student in an Organized Health Care Education/Training Program,WI,Green Bay,3991,834,4241810.22000000,2234.838493485437
total_drug_cost,1700140266,MICHAEL OLIVER ROXAS,Emergency Medicine Physician,WA,Tacoma,1362,682,1551676.19000000,2232.918411020160
total_drug_cost,1447238993,GREGORY PARRANTO,Emergency Medicine Physician,OH,Lima,2616,1447,1684043.48000000,2232.374153998152
total_drug_cost,1922034487,KHALED SHAFIEI,Emergency Medicine Physician,LA,Monroe,952,558,2285158.56000000,2227.478186840831
total_drug_cost,1609851401,WENDY CALLEN,Surgical Physician Assistant,NY,Amherst,2074,912,2755972.28000000,2217.234574503943
total_drug_cost,1043380413,MARK TURPEN,Emergency Medicine Physician,CO,Durango,1362,572,863067.99000000,2210.758938602990
total_drug_cost,1639179690,EDUARDO DEJESUS-PERDOMO,Emergency Medicine Physician,TX,El Paso,4378,2334,2371424.17000000,2209.531006457029
total_drug_cost,1346461407,BEHZAD SHIRAZI-ARDESTANI,General Practice Dentistry,CA,Burbank,17486,6449,327672.75000000,2195.179118304681
total_drug_cost,1124044334,ZHIYI SHA,Neurological Surgery Physician,MN,Minneapolis,175,60,852719.87000000,2195.051382836362
total_drug_cost,1396957387,KELLY GODBY,Student in an Organized Health Care Education/Training Program,AL,Birmingham,5675,762,5660973.06000000,2189.142458640041
total_drug_cost,1013014752,HARRY LIFSCHUTZ,Surgery Physician,CA,Indio,3327,1378,1252980.62000000,2188.371941140282
total_drug_cost,1801082482,NADIA IOVETTZ-TERESHCHENKO,Emergency Medicine Physician,CO,Craig,1362,572,852830.43000000,2184.523744666705
total_drug_cost,1104912575,JENNIFER TAYLOR-COUSAR,Pediatrics Physician,CO,Denver,1429,52,4076529.07000000,2175.271374122069
total_drug_cost,1164545224,KERRY WHEELER,Surgery Physician,SC,Chapin,690,337,1746636.00000000,2172.788209208147
total_drug_cost,1275534000,RAJAN GULATI,Emergency Medicine Physician,NY,Middletown,4319,1795,1479882.78000000,2160.023376098628
total_drug_cost,1144512484,EDUARDO CANDANOSA,Emergency Medicine Physician,TX,Mcallen,4378,2334,2317988.22000000,2159.723026861103
total_drug_cost,1851364806,CHENG GONJON,Emergency Medicine Physician,NY,New York,4319,1795,1477030.95000000,2155.859286963675
total_drug_cost,1427161918,TODD HAYES,Emergency Medicine Physician,MO,Kansas City,1322,677,1701603.42000000,2146.238785441688
total_drug_cost,1134113939,GLORIA NWANKWO,Emergency Medicine Physician,NJ,Newark,1606,860,1728514.97000000,2138.669832175692
total_drug_cost,1801277702,BRITTANY MALONEY,Surgical Physician Assistant,NY,Syracuse,2074,912,2648111.19000000,2130.429375657730
total_drug_cost,1518022920,GREGORY PANICCIA,Military Health Care Provider,CA,National City,586,31,1449577.56000000,2129.137773178808
total_drug_cost,1942621263,NILAR TUN,Student in an Organized Health Care Education/Training Program,NY,New York,43482,6379,3802855.87000000,2127.305788382724
total_drug_cost,1922234863,ANIMESH JAIN,Student in an Organized Health Care Education/Training Program,NY,New York,43482,6379,3788151.75000000,2119.077600173392
total_drug_cost,1295029130,CRISTIANA CHASE,Student in an Organized Health Care Education/Training Program,NC,Durham,9187,2081,4545010.95000000,2118.453334078749
total_drug_cost,1376690305,LESLIE RUDOLPH,Physician Assistant,NY,New York,14666,6059,10488746.93000000,2117.127838193825
total_drug_cost,1790005627,DUSTIN BIVINS,Student in an Organized Health Care Education/Training Program,MI,Kalamazoo,10231,2109,3019781.58000000,2092.350290667324
total_drug_cost,1518980580,TERRY HERMANCE,Emergency Medicine Physician,OK,Oklahoma City,688,460,2206954.82000000,2069.635574822646
total_drug_cost,1962539759,PARTHIV MEHTA,Radiation Oncology Physician,IL,Glenview,239,122,1842877.26000000,2068.169771535471
total_drug_cost,1881622629,MARK SCHWARTZ,Pediatrics Physician,CO,Boulder,1429,52,3875588.50000000,2068.012959271936
total_drug_cost,1881662823,JEFFREY CLAUS,Physician Assistant,NY,Albany,14666,6059,10228157.75000000,2064.511374415514
total_drug_cost,1447220447,SUSAN GALANDIUK,Surgery Physician,KY,Louisville,491,279,2997137.37000000,2060.102783236317
total_drug_cost,1649266297,SERGIO GARCIA,Emergency Medicine Physician,OK,Norman,688,460,2180668.49000000,2044.972715475031
total_drug_cost,1568527653,RICHARD COOK,Emergency Medicine Physician,PA,Uniontown,3616,1743,1163463.68000000,2032.118943110282
total_drug_cost,1710379425,KHOA NGO,Student in an Organized Health Care Education/Training Program,NY,Albany,43482,6379,3631136.47000000,2031.214383906053
total_drug_cost,1316929227,JOSEPH DAWSON,Emergency Medicine Physician,WV,Craigsville,444,275,2112759.90000000,2023.710063143762
total_drug_cost,1831130129,KURT CROWE,Emergency Medicine Physician,IL,Amboy,2986,1493,1264931.84000000,2021.397937033350
total_drug_cost,1427164144,MICHAEL LAMONTO,Emergency Medicine Physician,IL,Mattoon,2986,1493,1263284.66000000,2018.764494880182
total_drug_cost,1326257163,GEETA MANTHENA,Student in an Organized Health Care Education/Training Program,TX,Fortworth,22576,2979,5937732.96000000,2018.282517215565
total_drug_cost,1174553580,BRUCE COHEN,Neurological Surgery Physician,IL,Chicago,336,96,1929010.68000000,2015.875884451144
total_drug_cost,1831209147,R HALL,Thoracic Surgery (Cardiothoracic Vascular Surgery) Physician,GA,Savannah,130,50,1398564.57000000,2009.171696552606
total_drug_cost,1063899250,ANDREW BERGERSEN,Surgery Physician,MN,Robbinsdale,789,312,938304.90000000,2002.965638639566
total_drug_cost,1528355484,MARLON RAMPAUL,Student in an Organized Health Care Education/Training Program,MD,Silver Spring,7249,977,2630299.22000000,2001.758225605833
total_drug_cost,1770599516,CLIFFORD VOGAN,Emergency Medicine Physician,PA,Kittanning,3616,1743,1145345.21000000,2000.459379847672
total_drug_cost,1184847659,JEREMY TALLEY,Emergency Medicine Physician,MO,Hermann,1322,677,1578241.44000000,1990.576617016500
total_drug_cost,1508030297,LALEH RAZAVI NEMATOLLAHI,Student in an Organized Health Care Education/Training Program,OH,Cleveland,15977,3025,2966521.19000000,1976.963826666667
total_drug_cost,1841290962,ADAM WASSERMAN,Emergency Medicine Physician,PA,Gettysburg,3616,1743,1123614.48000000,1962.487883293179
total_drug_cost,1457515223,GEORGIA PLAMONDON,Surgical Physician Assistant,NH,Concord,120,75,1403638.18000000,1962.025395416097
total_drug_cost,1023437811,SAMUEL RUBINSTEIN,Student in an Organized Health Care Education/Training Program,NC,Chapel Hill,9187,2081,4202251.92000000,1958.638755450637
total_drug_cost,1629568167,VEERABADRAN RAVICHANDRAN,Surgery Physician,NY,Bronx,2171,656,1155764.49000000,1954.200603256304
total_drug_cost,1407142052,STEVEN KONG,Physician Assistant,NY,Brooklyn,14666,6059,9648634.74000000,1947.497876524454
total_drug_cost,1578792834,HALIS SONMEZ,Student in an Organized Health Care Education/Training Program,NY,Rego Park,43482,6379,3477134.18000000,1945.037188209332
total_drug_cost,1336414630,ALICE LI,Student in an Organized Health Care Education/Training Program,CT,New Haven,6408,1206,3107373.44000000,1942.934795196365
total_drug_cost,1861842809,KAREN WEINBAUM,Emergency Medicine Physician,CA,San Francisco,6975,3707,1529428.24000000,1942.362001817839
total_drug_cost,1023424710,TSERING LAMA TAMANG,Student in an Organized Health Care Education/Training Program,NY,Brooklyn,43482,6379,3452952.55000000,1931.505538382724
total_drug_cost,1407079536,JOSHUA VANDERLUGT,Emergency Medicine Physician,MI,Grand Rapids,2654,1446,958420.20000000,1926.944619986282
total_drug_cost,1124344601,LAUREN VELTRI,Student in an Organized Health Care Education/Training Program,WV,Morgantown,2295,532,5184370.83000000,1924.099857843286
total_drug_cost,1215315148,SARA PARYLO,Student in an Organized Health Care Education/Training Program,NY,Cooperstown,43482,6379,3399321.42000000,1901.494423707440
total_drug_cost,1710908140,MICHAEL KIM,Emergency Medicine Physician,MA,Winchester,1735,721,1528773.97000000,1898.270541420336
total_drug_cost,1467727552,KATRINA LAM,Student in an Organized Health Care Education/Training Program,CA,San Francisco,48939,6099,10487915.70000000,1891.088035745135
total_drug_cost,1114951431,ROBERT KEMP,Emergency Medicine Physician,ND,Williston,116,82,792817.87000000,1889.830708507178
total_drug_cost,1699758979,JORGE BOTERO,Emergency Medicine Physician,MA,Lawrence,1735,721,1519167.42000000,1886.336883989907
total_drug_cost,1710958467,DANIEL KALLMERTEN,Emergency Medicine Physician,NH,Laconia,342,161,789257.35000000,1884.558709623149
total_drug_cost,1013268077,SHIVA KUMAR MUKKAMALLA,Student in an Organized Health Care Education/Training Program,PA,Indiana,14928,2712,3887493.51000000,1882.969060654442
total_drug_cost,1487086625,FATIMA JALIL,Student in an Organized Health Care Education/Training Program,CT,Farmington,6408,1206,2981313.11000000,1864.084985222794
total_drug_cost,1003028556,NEDA HEIDARI,Neurological Surgery Physician,CA,Oxnard,872,225,1980309.60000000,1863.600757094203
total_drug_cost,1104811785,GEORGES RAMALANJAONA,Emergency Medicine Physician,NY,Bronx,4319,1795,1273082.92000000,1858.065317541239
total_drug_cost,1548235757,ABRAHAM AREEPHANTHU,Emergency Medicine Physician,SC,Hartsville,1197,744,1833170.23000000,1856.689661772880
total_drug_cost,1720424831,STEVEN DAYTON,Surgery Physician,TX,Beeville,2473,1064,1509092.12000000,1853.587231048806
total_drug_cost,1366404626,RICK CASEY,Emergency Medicine Physician,MO,El Dorado Springs,1322,677,1460358.64000000,1841.828256557040
total_drug_cost,1124273313,CHRISTOPHER SALEM,Emergency Medicine Physician,CA,Irvine,6975,3707,1443149.04000000,1832.735326862579
total_drug_cost,1154740058,EMILY FELD,Student in an Organized Health Care Education/Training Program,PA,Philadelphia,14928,2712,3771303.47000000,1826.669653689769
total_drug_cost,1568078434,ABDESSAMAD EL ADNANI,Student in an Organized Health Care Education/Training Program,MA,Fall River,14128,1958,2555202.79000000,1823.866354980177
total_drug_cost,1891840237,HASHIM RAZA,Emergency Medicine Physician,MO,Saint Louis,1322,677,1440253.28000000,1816.458657799229
total_drug_cost,1851329197,AVERY JACKSON,Neurological Surgery Physician,MI,Grand Blanc,264,108,1200234.55000000,1807.197792378559
total_drug_cost,1821026121,CHRISTINA PATTERSON,Physician Assistant,PA,York,7625,3903,9794149.39000000,1803.427968865554
total_drug_cost,1427004522,GARY NEIFELD,Emergency Medicine Physician,NY,Poughkeepsie,4319,1795,1233252.90000000,1799.907659641945
total_drug_cost,1043268857,BETTINA HARNER,Neurological Surgery Physician,CA,Modesto,872,225,1907780.97000000,1795.316959744846
total_drug_cost,1205128055,ZACHARY NOLZ,Emergency Medicine Physician,MN,Luverne,1265,680,685023.99000000,1795.134933029467
total_drug_cost,1679718357,BENJAMIN BRANNICK,Student in an Organized Health Care Education/Training Program,TN,Memphis,5929,978,3636395.35000000,1793.786969747297
total_drug_cost,1114127396,WINNIE MANN,Specialist,WA,Redmond,2849,140,37382732.56000000,1789.331267571093
total_drug_cost,1770545329,RENEE JAHNKE,Emergency Medicine Physician,WI,West Bend,1387,791,892094.48000000,1776.093647025814
total_drug_cost,1760686059,KALPESH BAROT,Student in an Organized Health Care Education/Training Program,FL,Orlando,19042,2682,3549220.47000000,1773.069611647266
total_drug_cost,1558327031,JOHN GREENE,Emergency Medical Services (Emergency Medicine) Physician,NC,Whiteville,77,39,1535739.25000000,1771.941249713317
total_drug_cost,1659366839,ANAD SALEM,Emergency Medicine Physician,IL,Carbondale,2986,1493,1106567.47000000,1768.211638318045
total_drug_cost,1568605707,EDWARD BARNES,Student in an Organized Health Care Education/Training Program,NC,Chapel Hill,9187,2081,3785623.91000000,1764.382079374680
total_drug_cost,1033349170,BRIGITTE LOVELL,Dentist,CA,Ojai,14647,5237,299784.63000000,1763.800250414594
total_drug_cost,1720010507,SHIELA HAFFAR,Emergency Medicine Physician,TX,Mesquite,4378,2334,1883846.49000000,1755.056834352501
total_drug_cost,1427090232,MICHAEL PARTIN,Emergency Medicine Physician,OK,Oklahoma City,688,460,1871195.19000000,1754.612803317569
total_drug_cost,1396362778,CORI SHOPE,Student in an Organized Health Care Education/Training Program,NC,Wilmington,9187,2081,3734693.57000000,1740.635335703225
total_drug_cost,1376531798,ROBERT ARTHUR,Emergency Medicine Physician,IN,Indianapolis,1125,691,1550800.45000000,1739.133295612970
total_drug_cost,1992144281,JAROLD MENDEZ,Emergency Medicine Physician,PR,Carolina,255,132,2143341.54000000,1732.669284510927
total_drug_cost,1801143599,LAURA HAAR,Physician Assistant,LA,Slidell,1431,720,6574689.16000000,1729.997802206412
total_drug_cost,1417908930,TOM SAAD,Emergency Medicine Physician,MI,Richland,2654,1446,859834.21000000,1728.643691781230
total_drug_cost,1619932126,ADEDAPO OKUSANYA,Emergency Medicine Physician,WI,Glendale,1387,791,866715.49000000,1725.535053030303
total_drug_cost,1467422501,ELIZABETH RESTINO,Emergency Medicine Physician,NC,Denver,1837,980,1520752.07000000,1722.784961400797
total_drug_cost,1518342856,BORIS KAYLAKOV,Dentist,NY,Rego Park,5749,2367,364278.15000000,1721.686242866157
total_drug_cost,1144892407,KIMBERLY THOMPSON,Acute Care Nurse Practitioner,MN,Rochester,145,53,14970906.62000000,1715.268435042755
total_drug_cost,1730542234,CHANTELLE CARNEIRO,Student in an Organized Health Care Education/Training Program,WI,Oshkosh,3991,834,3255623.78000000,1715.093408196433
total_drug_cost,1689677916,JAIME MAYORAL,Surgery Physician,TX,San Antonio,2473,1064,1395154.40000000,1713.580686915888
total_drug_cost,1881890176,CLAUDIU GEORGESCU,Student in an Organized Health Care Education/Training Program,OH,Toledo,15977,3025,2569560.56000000,1712.323406666667
total_drug_cost,1235352147,SCOTT KELLIE,Radiation Oncology Physician,KY,Louisville,79,50,2013474.40000000,1703.836894764092
total_drug_cost,1922299197,JOEL DUNN,Emergency Medicine Physician,MN,Sauk Centre,1265,680,648083.11000000,1698.273544598429
total_drug_cost,1811982754,PASCAL GAUDREAULT,Emergency Medicine Physician,MO,Festus,1322,677,1344647.54000000,1695.820217963108
total_drug_cost,1437474665,DAVID COFFEY,Emergency Medicine Physician,MO,Hannibal,1322,677,1340414.63000000,1690.478994116437
total_drug_cost,1952720906,HARITHA REDDY,Student in an Organized Health Care Education/Training Program,MI,Grand Rapids,10231,2109,2439681.17000000,1690.272761694104
total_drug_cost,1578556890,NEIMAN ODEH,Emergency Medicine Physician,OH,Oregon,2616,1447,1271606.78000000,1685.415670779182
total_drug_cost,1598922130,JOHN BAKER,Student in an Organized Health Care Education/Training Program,SC,Sumter,2824,607,6718600.12000000,1684.908222986595
total_drug_cost,1528488731,NILS NICKEL,Emergency Medicine Physician,TX,El Paso,4378,2334,1807480.66000000,1683.875771744538
total_drug_cost,1588869374,RATESH KHILLAN,General Acute Care Hospital,NY,Brooklyn,346,94,7656065.12000000,1680.626462223438
total_drug_cost,1396057485,IAN LUND,Physician Assistant,NY,Buffalo,14666,6059,8325272.69000000,1680.293262083376
total_drug_cost,1811900426,ALAN BIENSTOCK,Plastic Surgery Physician,NY,New York,417,121,434797.12000000,1674.808475771429
total_drug_cost,1053600353,STEVE LEE,Student in an Organized Health Care Education/Training Program,NY,New York,43482,6379,2992012.69000000,1673.571032865700
total_drug_cost,1932113446,FAIYAZ HAKIM,Emergency Medicine Physician,MA,Westborough,1735,721,1347746.05000000,1673.390102280052
total_drug_cost,1619463361,SHRILEKHA SAIRAM,Student in an Organized Health Care Education/Training Program,TX,El Paso,22576,2979,4920464.19000000,1672.384366129447
total_drug_cost,1952831869,PATRICIA CARR REESE,Student in an Organized Health Care Education/Training Program,PA,Lancaster,14928,2712,3451479.48000000,1671.700252094970
total_drug_cost,1174797344,JOSHUA ZEIDNER,Student in an Organized Health Care Education/Training Program,NC,Chapel Hill,9187,2081,3581781.92000000,1669.338859831884
total_drug_cost,1922016757,JENNIFER SCHEUERMANN,Physician Assistant,LA,New Orleans,1431,720,6339033.42000000,1667.963892648416
total_drug_cost,1477674356,SHANIQUE PALMER,Student in an Organized Health Care Education/Training Program,VA,Fishersville,7167,1433,3829949.10000000,1659.311652658094
total_drug_cost,1336115781,CHOCOMA DAROCHA,Physician Assistant,DC,Washington,569,161,2137010.11000000,1656.840070313937
total_drug_cost,1972858785,ANAR MODI,Student in an Organized Health Care Education/Training Program,MD,Waldorf,7249,977,2174411.75000000,1654.685414432769
total_drug_cost,1649513250,ERIC FOUNTAIN,Student in an Organized Health Care Education/Training Program,ID,Meridian,738,172,5042488.24000000,1653.377415991684
total_drug_cost,1760457121,STANLEY LOBITZ,Emergency Medicine Physician,PA,Kingston,3616,1743,946082.22000000,1652.274393046812
total_drug_cost,1912382201,TANUREET ARORA,Student in an Organized Health Care Education/Training Program,NY,Rochester,43482,6379,2952906.38000000,1651.687773013871
total_drug_cost,1730335753,SARAH BAKER,Surgery Physician,LA,Bossier City,462,233,1644016.68000000,1648.753077605058
total_drug_cost,1972867265,JOSEF GUTMAN,Student in an Organized Health Care Education/Training Program,NY,East Meadow,43482,6379,2947183.90000000,1648.485565573770
total_drug_cost,1942201777,ALEXANDER GAPAY,Emergency Medicine Physician,NY,Middletown,4319,1795,1128289.29000000,1646.645428735334
total_drug_cost,1275509432,BARNETT KANTZ,Emergency Medicine Physician,MI,Dundee,2654,1446,816370.63000000,1641.218812677064
total_drug_cost,1710195888,JASON SHARBAUGH,Surgery Physician,PA,Indiana,1988,703,978045.41000000,1639.034849105145
total_drug_cost,1669459095,SCOTT STEPHENSON,Surgery Physician,TX,Rowlett,2473,1064,1330471.32000000,1634.098189858082
total_drug_cost,1750601985,MIRELA NICOLESCU,Student in an Organized Health Care Education/Training Program,CT,Waterbury,6408,1206,2593540.30000000,1621.535942384198
total_drug_cost,1952597874,EARNEST MURRAY,Student in an Organized Health Care Education/Training Program,TN,Jackson,5929,978,3286242.90000000,1620.993311822332
total_drug_cost,1558322917,GERARD SICILIANO,Surgery Physician,KY,Louisville,491,279,2358429.15000000,1620.918851263597
total_drug_cost,1255561775,MATTHEW FULTON,Surgery Physician,OH,Cincinnati,1317,648,1390366.35000000,1618.953972719736
total_drug_cost,1235334624,REMIGIUS OKEA,Emergency Medicine Physician,TX,Carrizo Springs,4378,2334,1736786.16000000,1617.980990917320
total_drug_cost,1386690477,ADAM BARTA,Emergency Medicine Physician,TX,Austin,4378,2334,1736568.74000000,1617.778332390172
total_drug_cost,1750637930,ASHLEY DAY,Physician Assistant,NJ,Morristown,3178,1430,4831086.84000000,1612.748200904628
total_drug_cost,1275553695,PAUL FERRARO,Surgery Physician,OH,Cuyahoga Falls,1317,648,1384250.09000000,1611.828776481459
total_drug_cost,1114242500,MICHAEL VORNOVITSKY,Orthopaedic Hand Surgery Physician,NY,Rochester,138,73,1052261.67000000,1610.469018479840
total_drug_cost,1043626641,DENISE SESE,Student in an Organized Health Care Education/Training Program,SC,Charleston,2824,607,6418585.77000000,1609.639045207701
total_drug_cost,1629176540,KENNETH ADKINS,Emergency Medicine Physician,WV,South Charleston,444,275,1666909.83000000,1596.463736101837
total_drug_cost,1548223324,AMIR TORABI,Neurological Surgery Physician,TX,Mesquite,606,277,2820470.86000000,1582.380233208225
total_drug_cost,1932337052,LANE FREY,Student in an Organized Health Care Education/Training Program,LA,Thibodaux,4721,1218,8130147.53000000,1579.227773524675
total_drug_cost,1609840636,ERIC WHITMAN,Surgery Physician,NJ,Morristown,811,302,702816.17000000,1577.561122325992
total_drug_cost,1124361977,AMBER SOBUTO,Student in an Organized Health Care Education/Training Program,PA,Wynnewood,14928,2712,3248027.93000000,1573.118638636160
total_drug_cost,1336589746,UMAR AHMAD,Student in an Organized Health Care Education/Training Program,CT,Danbury,6408,1206,2506852.18000000,1567.313160411740
total_drug_cost,1750690376,JAMES HORROCKS,Physician Assistant,NY,Canton,14666,6059,7759092.67000000,1565.973893511229
total_drug_cost,1255351573,BERNARD MCNAMARA,Emergency Medicine Physician,CA,Glendale,6975,3707,1229973.29000000,1561.873419779599
total_drug_cost,1730492216,RACHEL WINTER,Student in an Organized Health Care Education/Training Program,MA,Boston,14128,1958,2187846.30000000,1561.550809688279
total_drug_cost,1215159744,AJA LYSTILA,Emergency Medicine Physician,IL,Mattoon,2986,1493,975562.05000000,1558.765678968451
total_drug_cost,1013150358,ANAHIT MEHRABYAN,Student in an Organized Health Care Education/Training Program,NC,Chapel Hill,9187,2081,3338986.40000000,1556.133195427963
total_drug_cost,1194164418,ARCHANA JADHAV,Student in an Organized Health Care Education/Training Program,VA,Mc Lean,7167,1433,3581063.68000000,1551.437154177832
total_drug_cost,1780659573,GEORGE MELONE,Emergency Medicine Physician,CO,Highlands Ranch,1362,572,604921.79000000,1549.222828346726
total_drug_cost,1508856790,JEFFREY ENGLISH,Neurological Surgery Physician,GA,Atlanta,189,106,3460611.24000000,1547.294920977059
total_drug_cost,1487695904,DONALD TUCKER,Emergency Medicine Physician,TN,Tullahoma,1142,652,2161863.31000000,1546.567822450561
total_drug_cost,1881898856,NARESH PATEL,Student in an Organized Health Care Education/Training Program,NY,Brooklyn,43482,6379,2763776.58000000,1545.853789722573
total_drug_cost,1104163856,DAVID SANDERS,Emergency Medicine Physician,NC,Danbury,1837,980,1362221.52000000,1543.099777689089
total_drug_cost,1891745386,VELLAIAPPAN SOMASUNDARAM,Emergency Medicine Physician,TX,Frisco,4378,2334,1655237.49000000,1541.968971079834
total_drug_cost,1295814119,TARA ANDERSON,Physician Assistant,CT,New Haven,2236,1057,6505727.75000000,1538.028700095029
total_drug_cost,1184268617,JOHN CHAPMAN,Surgical Physician Assistant,TX,Houston,1170,307,2175587.12000000,1537.715975980038
total_drug_cost,1730595190,MARIA DE ARANZAZU VILLAMIL JARAUTA,Student in an Organized Health Care Education/Training Program,PR,Guaynabo,3496,215,2079686.05000000,1532.720018742826
total_drug_cost,1891946646,SREERAM MADDIPATLA,Student in an Organized Health Care Education/Training Program,FL,Orlando,19042,2682,3064873.67000000,1531.009256883368
total_drug_cost,1629051792,WILLIAM MARCRUM,Emergency Medicine Physician,IN,Tell City,1125,691,1362921.93000000,1528.309522567336
total_drug_cost,1831569391,MISTY MAHAFFEY,Acute Care Nurse Practitioner,CA,Stanford,1655,533,12105624.16000000,1527.223899382679
total_drug_cost,1295917946,ELIZABETH KLUKA,Student in an Organized Health Care Education/Training Program,MI,Kalamazoo,10231,2109,2200655.57000000,1524.600024780607
total_drug_cost,1952741555,OMAR NAJERA,Surgery Physician,TX,Schertz,2473,1064,1239801.08000000,1522.682699376947
total_drug_cost,1023558400,WILLIAM HEPPENSTALL,Student in an Organized Health Care Education/Training Program,PA,Philadelphia,14928,2712,3137863.06000000,1519.738703063882
total_drug_cost,1104053792,THAN AYE,Student in an Organized Health Care Education/Training Program,OK,Lawton,3870,417,3860280.66000000,1519.391139403935
total_drug_cost,1659505774,XIAO SU,Student in an Organized Health Care Education/Training Program,NY,Saratoga Springs,43482,6379,2714236.99000000,1518.132234788777
total_drug_cost,1366428484,GEORGE ELLIS,Emergency Medicine Physician,OH,Boardman,2616,1447,1144878.86000000,1517.353733263208
total_drug_cost,1720196611,SCOTT STRINGER,Emergency Medicine Physician,CA,Sacramento,6975,3707,1194097.16000000,1516.289074512574
total_drug_cost,1598942328,PREETHI KURAKULA,Student in an Organized Health Care Education/Training Program,KS,Wichita,1361,256,2845040.93000000,1509.889198870390
total_drug_cost,1194158667,ASHLY MAUGHAN,Student in an Organized Health Care Education/Training Program,CT,New Haven,6408,1206,2412606.03000000,1508.362886219687
total_drug_cost,1366484198,KIRK HINKLEY,Emergency Medicine Physician,PA,Hallstead,3616,1743,863060.89000000,1507.205904963602
total_drug_cost,1710900337,MOHAMMAD RAZAQ,Emergency Medicine Physician,OK,Oklahoma City,688,460,1606221.61000000,1506.004262894700
total_drug_cost,1952717381,SAMUEL GABRIEL,Dentist,CA,Lynwood,14647,5237,255732.60000000,1504.455795190713
total_drug_cost,1225226301,SHARON YEGIAIAN,Student in an Organized Health Care Education/Training Program,CA,Pasadena,48939,6099,8340270.14000000,1503.702143869722
total_drug_cost,1619243680,CHRISTIAN FUCHS,Student in an Organized Health Care Education/Training Program,TN,Memphis,5929,978,3045196.25000000,1502.041317101008
total_drug_cost,1881683712,CHARLOTTE TOWNSEND,Emergency Medicine Physician,VA,Lebanon,1564,768,1315263.53000000,1499.181251612658
total_drug_cost,1346420593,JO FEUGATE,Student in an Organized Health Care Education/Training Program,MO,Springfield,4278,705,3428345.83000000,1498.994855235680
total_drug_cost,1639312739,MATTHEW BRENNAN,Student in an Organized Health Care Education/Training Program,PA,Lancaster,14928,2712,3094041.56000000,1498.505175110002
total_drug_cost,1508972308,JAMES EDWARDS,Emergency Medicine Physician,PA,Clearfield,3616,1743,855334.48000000,1493.705053832802
total_drug_cost,1962411090,JOEL CARROLL,Emergency Medicine Physician,WI,Salem,1387,791,750127.02000000,1493.274071829405
total_drug_cost,1548833478,LAUREN JUST,Student in an Organized Health Care Education/Training Program,CT,Cheshire,6408,1206,2386924.66000000,1492.299378021978
total_drug_cost,1437669405,KRISTIE KOKENY,Physician Assistant,NY,New York,14666,6059,7386983.79000000,1490.840100902848
total_drug_cost,1205974326,PAUL TAYOUN,Emergency Medicine Physician,PA,Hazleton,3616,1743,853662.11000000,1490.782814603249
total_drug_cost,1649613126,ALLISON WINTER,Student in an Organized Health Care Education/Training Program,OH,Cleveland,15977,3025,2225481.00000000,1482.937033333333
total_drug_cost,1235172628,WILLIAM NASH,Emergency Medicine Physician,GA,Nashville,1614,896,1564228.51000000,1481.655195681805
total_drug_cost,1487909719,AYYAPPA DUBA,Student in an Organized Health Care Education/Training Program,NM,Lovington,2240,349,2971564.29000000,1479.665065424840
total_drug_cost,1578533659,JOSE MENDOZA,Emergency Medicine Physician,OH,Avon,2616,1447,1115674.23000000,1478.623619944555
total_drug_cost,1639533235,SUNNY LAI,Student in an Organized Health Care Education/Training Program,PA,Philadelphia,14928,2712,3049328.85000000,1476.839815008710
total_drug_cost,1295053759,RYAN KENNEDY,Student in an Organized Health Care Education/Training Program,TN,Bristol,5929,978,2978788.36000000,1469.270270580618
total_drug_cost,1275875809,FERDINAND CHAN,Sports Medicine (Orthopaedic Surgery) Physician,NY,Bronx,175,115,1722091.69000000,1468.647907253729
total_drug_cost,1508092487,LAWRENCE GOOSS,Surgery Physician,VA,Midlothian,917,377,791630.64000000,1465.026035384869
total_drug_cost,1184914103,SHARENE NUBANI,Podiatrist,MA,Dorchester,291,154,3066984.78000000,1461.435961889732
total_drug_cost,1841269180,DAVID REGNIER,Emergency Medicine Physician,IN,Frankfort,1125,691,1302908.28000000,1460.966517484902
total_drug_cost,1730170655,NARAIN MANDHAN,Emergency Medicine Physician,IL,Monticello,2986,1493,913723.94000000,1459.901507750836
total_drug_cost,1376761767,CALVIN LY,Emergency Medicine Physician,CA,Hercules,6975,3707,1149390.97000000,1459.485221908260
total_drug_cost,1912948019,SAMUEL WILSON,Emergency Medicine Physician,CA,Hesperia,6975,3707,1147837.84000000,1457.511809108034
total_drug_cost,1417127705,DING YANG,Podiatrist,NY,Staten Island,1240,690,12950497.17000000,1454.115147219035
total_drug_cost,1083600183,SAMEERA FAREED-FARRUKH,Emergency Medicine Physician,CO,Colorado Springs,1362,572,566665.28000000,1451.185116316179
total_drug_cost,1073871067,JASON ZIMMERMAN,Emergency Medicine Physician,NY,Brooklyn,4319,1795,994198.92000000,1450.853865837555
total_drug_cost,1386806032,SANA MAKHDOOM,Emergency Medicine Physician,GA,Lagrange,1614,896,1530057.26000000,1449.267319613850
total_drug_cost,1568405710,JONATHAN YOUNAN,Emergency Medicine Physician,IL,Chicago,2986,1493,906944.58000000,1449.062951918747
total_drug_cost,1467719781,DEEBA MINHAS,Student in an Organized Health Care Education/Training Program,MI,Ann Arbor,10231,2109,2087651.57000000,1446.275017073597
total_drug_cost,1659369916,TIMOTHY VIATOR,Emergency Medicine Physician,LA,New Iberia,952,558,1480220.22000000,1442.538640183031
total_drug_cost,1568649135,RAYMOND LAU,Surgery Physician,NY,Patchogue,2171,656,849819.90000000,1436.703766886512
total_drug_cost,1942683958,SUPRIYA TODKAR,Student in an Organized Health Care Education/Training Program,OH,Cincinnati,15977,3025,2154885.94000000,1435.873660000000
total_drug_cost,1255351458,WILLIAM SPENCE,Emergency Medicine Physician,ID,St Maries,299,171,769084.18000000,1434.239298309446
total_drug_cost,1639307093,AMANDA NIES,Neurological Surgery Physician,MI,Holland,264,108,950534.48000000,1431.044364762702
total_drug_cost,1477868487,MICHAEL KAYAL,Surgical Physician Assistant,NJ,Franklin Lakes,498,210,1378155.51000000,1430.354067651723
total_drug_cost,1386089001,WILLIAM SONNIER,Student in an Organized Health Care Education/Training Program,AL,Mobile,5675,762,3698060.16000000,1429.826681694487
total_drug_cost,1659385052,STEVEN ARZE,Emergency Medicine Physician,TX,Dallas,4378,2334,1532576.87000000,1427.636248293327
total_drug_cost,1477936110,ALI WAZIR,Student in an Organized Health Care Education/Training Program,KS,Emporia,1361,256,2689168.93000000,1427.128019667808
total_drug_cost,1407274129,HUNG TRINH,Student in an Organized Health Care Education/Training Program,MA,Worcester,14128,1958,1998990.85000000,1426.696188369089
total_drug_cost,1134173875,SUBHASHISH AGARWAL,Emergency Medicine Physician,WI,Brookfield,1387,791,716477.20000000,1426.238796296296
total_drug_cost,1144642836,CELINE WARD,Student in an Organized Health Care Education/Training Program,SC,Charleston,2824,607,5682994.73000000,1425.090096924656
total_drug_cost,1619918752,DAVID PETERSON,Emergency Medicine Physician,MA,Westfield,1735,721,1140059.27000000,1415.392914387535
total_drug_cost,1184650871,SUREKHA VETSA,Emergency Medicine Physician,CA,Sunnyvale,6975,3707,1114403.12000000,1415.029528539135
total_drug_cost,1457527442,CHRISTOPHER BUNICK,Student in an Organized Health Care Education/Training Program,CT,New Haven,6408,1206,2245108.59000000,1403.594468470348
total_drug_cost,1952539553,WILLIAM HOOD,Surgery Physician,VA,Abingdon,917,377,758409.71000000,1403.514238731196
total_drug_cost,1730316068,KARTHIKEYAN KANDAVELOU,Student in an Organized Health Care Education/Training Program,CT,Middletown,6408,1206,2242208.07000000,1401.780214526823
total_drug_cost,1043339757,ALYSSA LYNCH,Physician Assistant,NJ,Mountain Lakes,3178,1430,4194256.01000000,1400.062914434187
total_drug_cost,1700864568,RICKY KELLENBERGER,Emergency Medicine Physician,KS,Fort Scott,417,241,1088733.13000000,1399.403501020233
total_drug_cost,1922188572,RAMAN TALWAR,Surgery Physician,CA,Palmdale,3327,1378,800882.55000000,1398.463644918339
total_drug_cost,1467835108,SAMAH OSMAN MUSA,Student in an Organized Health Care Education/Training Program,ME,Brewer,1189,265,3906656.61000000,1396.779648758731
total_drug_cost,1124229091,OLGA KROMO,Student in an Organized Health Care Education/Training Program,FL,South Miami,19042,2682,2796045.89000000,1396.658110561784
total_drug_cost,1952538639,MARLISE LUSKIN,Student in an Organized Health Care Education/Training Program,MA,Boston,14128,1958,1956287.39000000,1396.203242958622
total_drug_cost,1215226824,NICHOLAS ROHS,Student in an Organized Health Care Education/Training Program,NY,New York,43482,6379,2490705.71000000,1393.047738571879
total_drug_cost,1821385444,NASSIM RAD,Physical Medicine & Rehabilitation Physician,WA,Seattle,460,152,4032229.72000000,1392.664415149466
total_drug_cost,1073716163,DANIEL ALLENDORF,Student in an Organized Health Care Education/Training Program,AL,Birmingham,5675,762,3601813.97000000,1392.595661134227
total_drug_cost,1679518104,ROBERT EAKER,Emergency Medicine Physician,TX,Sweetwater,4378,2334,1487484.02000000,1385.604923825021
total_drug_cost,1144587544,REENA GUPTA,Student in an Organized Health Care Education/Training Program,MA,Brookline,14128,1958,1941404.68000000,1385.576055756700
total_drug_cost,1487036927,STEPHANIE HAKIMIAN,Student in an Organized Health Care Education/Training Program,PA,New Castle,14928,2712,2858207.83000000,1384.232909249115
total_drug_cost,1710137823,RUY CRUZ,Surgery Physician,PA,Pittsburgh,1988,703,825742.83000000,1383.682897303008
total_drug_cost,1295759512,DAVID KEEN,Emergency Medicine Physician,FL,Crawfordville,3563,2068,1222316.64000000,1379.238477179326
total_drug_cost,1285675488,RONALD HERRINGTON,Emergency Medicine Physician,GA,Lakeland,1614,896,1455537.85000000,1378.637026143837
total_drug_cost,1053373399,KEVIN CLARK,Emergency Medicine Physician,NC,Hickory,1837,980,1216212.11000000,1377.606579945891
total_drug_cost,1033524582,LOGAN MCGUFFEY,Surgery Physician,NE,Lincoln,247,106,967911.43000000,1370.213919852578
total_drug_cost,1144269093,WAEL MCTABI,Emergency Medicine Physician,IL,Joliet,2986,1493,854492.06000000,1365.204067517599
total_drug_cost,1902196165,VARUN DHULIPALA,Student in an Organized Health Care Education/Training Program,TN,Columbia,5929,978,2766292.67000000,1364.407638408861
total_drug_cost,1184656233,GLEN SCOTT,Neurological Surgery Physician,SC,West Columbia,121,60,1799482.90000000,1362.059226286122
total_drug_cost,1285848291,FAHAD IQBAL,Emergency Medicine Physician,WI,Menomonee Falls,1387,791,683724.32000000,1360.990354096521
total_drug_cost,1396727749,CHRISTOPHER BLACK,Emergency Medicine Physician,NY,Watertown,4319,1795,931869.28000000,1359.843470158462
total_drug_cost,1376595959,MARK VANNORDEN,Emergency Medicine Physician,KS,Larned,417,241,1056512.35000000,1357.959316138752
total_drug_cost,1649227844,KIMBERLY MC ABEE,Emergency Medicine Physician,OH,Boardman,2616,1447,1021219.07000000,1353.360637659503
total_drug_cost,1841271780,MALCOLM ROBINSON,Surgery Physician,MA,Boston,1091,313,555166.56000000,1351.502818587267
total_drug_cost,1174513915,DEBRA WILDER,Emergency Medicine Physician,KY,Kuttawa,858,519,1531069.14000000,1351.497375093307
total_drug_cost,1306145859,ALEXANDER HU,Student in an Organized Health Care Education/Training Program,AZ,Flagstaff,4509,785,4310620.27000000,1351.408356801388
total_drug_cost,1235665225,JEREMY AGUINALDO,Student in an Organized Health Care Education/Training Program,GA,Atlanta,8522,1224,3484921.11000000,1349.921760211909
total_drug_cost,1912988965,LUIS PANNOCCHIA,Emergency Medicine Physician,TN,New Tazewell,1142,652,1884521.58000000,1348.049283655147
total_drug_cost,1558487058,GRACE MONTELEONE,Surgical Physician Assistant,NY,Mineola,2074,912,1675276.67000000,1347.504838616053
total_drug_cost,1497911762,NABEEL HAMOUI,Diagnostic Radiology Physician,FL,Brooksville,2423,97,509719.87000000,1347.117756821389
total_drug_cost,1659837771,RENEE THOMPSON,Physician Assistant,CT,Hartford,2236,1057,5687839.64000000,1344.581987984655
total_drug_cost,1720298318,ANTHONY FERNANDEZ,Student in an Organized Health Care Education/Training Program,OH,Cleveland,15977,3025,2006135.27000000,1336.706546666667
total_drug_cost,1497715593,LAWRENCE MORRILL,Emergency Medicine Physician,UT,Roosevelt,432,227,519101.22000000,1334.982763774420
total_drug_cost,1912949801,SUSAN JOHNSON,Emergency Medicine Physician,MI,West Branch,2654,1446,663234.31000000,1333.192546491516
total_drug_cost,1639279417,ARMAGHAN AZAD,Family Medicine Physician,CA,Moreno Valley,15915,10723,160233749.40000000,1332.249357078196
total_drug_cost,1982904033,JOSHUA ALLEN,Emergency Medicine Physician,TX,Corpus Christi,4378,2334,1429006.72000000,1331.097870703951
total_drug_cost,1154563260,CHRISTOPHER DITTUS,Emergency Medicine Physician,NC,Chapel Hill,1837,980,1174852.14000000,1330.727452813860
total_drug_cost,1881044873,MATTHEW RAINWATER,Surgery Physician,CA,Fresno,3327,1378,761771.44000000,1330.128493070756
total_drug_cost,1649286360,TUSHAR SHAH,Emergency Medicine Physician,OH,Middleburg Heights,2616,1447,1003574.84000000,1329.961504463145
total_drug_cost,1972890895,BRIAN SINGELTARY,Student in an Organized Health Care Education/Training Program,OH,Cincinnati,15977,3025,1991458.52000000,1326.922046666667
total_drug_cost,1174272843,KRISTINA SLEMMER,Physician Assistant,NY,Buffalo,14666,6059,6572955.35000000,1326.476799526424
total_drug_cost,1669678736,MELISSA PRICE,Student in an Organized Health Care Education/Training Program,NY,Fishkill,43482,6379,2369126.71000000,1325.014092607188
total_drug_cost,1962660712,BARRY HAMMER,Physician Assistant,OH,Columbus,4893,2451,4806035.85000000,1322.430194626873
total_drug_cost,1811003031,LUCAS BRINKMAN,Emergency Medicine Physician,IA,Fredericksburg,481,250,908820.56000000,1307.564148653120
total_drug_cost,1578530127,ANDREW SEIPEL,Emergency Medicine Physician,OH,Newark,2616,1447,984216.38000000,1304.289022069955
total_drug_cost,1629171756,PARTHSARTHI PATEL,Emergency Medicine Physician,CT,Newington,742,364,1063368.05000000,1303.284477554137
total_drug_cost,1134268956,ANTHONY GIGLIO,Physician Assistant,MO,Springfield,1667,783,5492070.51000000,1302.228109393521
total_drug_cost,1679969620,HOLLY GARDNER,Surgical Physician Assistant,MA,Springfield,520,299,1201905.14000000,1301.863834002828
total_drug_cost,1851555874,AMBUGA BADARI,Student in an Organized Health Care Education/Training Program,AZ,Gilbert,4509,785,4137460.42000000,1297.093834730767
total_drug_cost,1275710873,ABID KHAN,Anesthesiology Physician,MI,Clare,1685,144,3399697.73000000,1296.402951014942
total_drug_cost,1598765026,JEFFREY HOFFSOMMER,Emergency Medicine Physician,OK,Enid,688,460,1382715.38000000,1296.302006482125
total_drug_cost,1902149321,NING WU,Student in an Organized Health Care Education/Training Program,PA,Hershey,14928,2712,2676026.35000000,1295.957620903001
total_drug_cost,1679970453,ARTHUR CACACHO,Student in an Organized Health Care Education/Training Program,NY,Olean,43482,6379,2315666.19000000,1295.098448534048
total_drug_cost,1518518984,ANDRE FERNANDEZ,Physician Assistant,FL,Jacksonville,9503,4279,9768920.13000000,1285.926048000976
total_drug_cost,1013936517,WAEL EID,Hospitalist Physician,KY,Covington,154,102,5696198.27000000,1282.809387981072
total_drug_cost,1518073576,ERIC EHLENBERGER,Emergency Medicine Physician,LA,Kenner,952,558,1316368.90000000,1282.758226642185
total_drug_cost,1508150723,KAVITA VAKHARIA,Plastic Surgery Physician,CA,Duarte,794,245,436707.62000000,1282.355861754967
total_drug_cost,1477888006,KATIE ZELLNER,Physician Assistant,WI,Milwaukee,3244,1862,4986883.97000000,1278.914969037103
total_drug_cost,1649224130,ROBERT LEDBETTER,Emergency Medicine Physician,FL,Trinity,3563,2068,1132256.72000000,1277.551235430006
total_drug_cost,1629038047,STEVEN CATLETT,Emergency Medicine Physician,CA,Coachella,6975,3707,1005926.53000000,1277.198766638410
total_drug_cost,1841455664,JOSE REYES,Surgery Physician,MA,Hyannis,1091,313,523858.96000000,1275.243470062475
total_drug_cost,1205156585,SARAH FRIEND,Student in an Organized Health Care Education/Training Program,GA,Atlanta,8522,1224,3288019.52000000,1273.610330771618
total_drug_cost,1174666945,TANYA GEIST,Surgical Physician Assistant,NY,Amherst,2074,912,1579687.45000000,1270.575880734629
total_drug_cost,1639386626,SOROUSH RAMIN,Surgical Oncology Physician,CA,North Hollywood,182,83,692846.50000000,1267.853275646768
total_drug_cost,1538218532,STUART LIPTON,Plastic Surgery Physician,TX,Lewisville,381,140,454809.97000000,1263.944210928320
total_drug_cost,1750340592,CHI TAI LAU,Emergency Medicine Physician,LA,Zwolle,952,558,1296214.37000000,1263.104438451029
total_drug_cost,1194955831,RYAN NELSON,Surgery Physician,MI,Utica,1509,666,824885.59000000,1258.141689401996
total_drug_cost,1427225069,THEODORE GOURDIN,Student in an Organized Health Care Education/Training Program,SC,Charleston,2824,607,5010620.41000000,1256.401291785693
total_drug_cost,1598739369,PAMELA MOORE,Emergency Medicine Physician,CT,Storrs,742,364,1024812.46000000,1256.000444289896
total_drug_cost,1508839267,JULIUS NWOSU,Physician Assistant,NY,Bronx,14666,6059,6220213.33000000,1255.253436689876
total_drug_cost,1467510040,ADELAIDA BUSTOS,Diagnostic Radiology Physician,CA,Los Angeles,4044,108,457806.92000000,1254.168915571089
total_drug_cost,1780813147,VERNON MACKIE,Student in an Organized Health Care Education/Training Program,MD,Bethesda,7249,977,1647029.44000000,1253.182690757023
total_drug_cost,1255686085,AYODELE ATOLAGBE,Student in an Organized Health Care Education/Training Program,NY,Jamaica,43482,6379,2239486.32000000,1252.469422919294
total_drug_cost,1992383707,SARA CHOI,Student in an Organized Health Care Education/Training Program,PA,Philadelphia,14928,2712,2585445.57000000,1252.067075754746
total_drug_cost,1295935492,AMY BURMESCH,Physician Assistant,WI,Menomonee Falls,3244,1862,4880460.78000000,1251.607039942860
total_drug_cost,1548337215,MALCOLM BILIMORIA,Surgery Physician,IL,Arlington Heights,1531,557,726078.68000000,1251.160877438074
total_drug_cost,1609891860,SUSAN KEEN,Emergency Medicine Physician,NC,Greenville,1837,980,1103487.07000000,1249.839285116537
total_drug_cost,1811159015,RAKESH CHOUBEY,Student in an Organized Health Care Education/Training Program,FL,Winter Haven,19042,2682,2497257.41000000,1247.333606986730
total_drug_cost,1104867068,ARSENIO FAVOR,Surgery Physician,IN,Demotte,634,338,710863.06000000,1245.299794775004
total_drug_cost,1285690719,JULIET CONDE,Emergency Medicine Physician,LA,Eunice,952,558,1275487.96000000,1242.892978689721
total_drug_cost,1063788495,CHAD SMITH,Student in an Organized Health Care Education/Training Program,PA,New Castle,14928,2712,2564364.22000000,1241.852194143424
total_drug_cost,1376963025,VINA NGUYEN,Student in an Organized Health Care Education/Training Program,MA,Boston,14128,1958,1739428.94000000,1241.352725514639
total_drug_cost,1306089222,MANISH MISHRA,Student in an Organized Health Care Education/Training Program,PA,Pottsville,14928,2712,2563107.46000000,1241.243236243961
total_drug_cost,1245728203,MARY KING,Physician Assistant,CO,Centennial,3792,1901,5973551.70000000,1238.088522375027
total_drug_cost,1619053659,ROBERT HIGGINSON,Physician Assistant,VA,Richmond,3843,1787,7285701.09000000,1236.858044258452
total_drug_cost,1003269085,SUNIL BADAMI,Student in an Organized Health Care Education/Training Program,NC,Tarboro,9187,2081,2653367.94000000,1236.457225740001
total_drug_cost,1427493048,JOSEPH PRUNER,Student in an Organized Health Care Education/Training Program,CT,Waterbury,6408,1206,1975134.22000000,1234.727484128530
total_drug_cost,1487611877,MORRIS SMITH,Emergency Medicine Physician,OR,Ontario,992,523,683073.16000000,1234.281489208537
total_drug_cost,1659765873,SONUM SINGH,Student in an Organized Health Care Education/Training Program,PA,Springfield,14928,2712,2547946.64000000,1233.897123142544
total_drug_cost,1073736682,JUSTIN MAY,Emergency Medicine Physician,TN,Germantown,1142,652,1722044.32000000,1231.749626035349
total_drug_cost,1457670432,RAJESH KURPAD,Student in an Organized Health Care Education/Training Program,DE,Dover,919,140,1028833.42000000,1230.495664576052
total_drug_cost,1689068587,SATHYA VELKURU,Student in an Organized Health Care Education/Training Program,NY,Albany,43482,6379,2195467.40000000,1227.837145807062
total_drug_cost,1699167163,ANTON FURMAN,Student in an Organized Health Care Education/Training Program,PA,Levittown,14928,2712,2534963.98000000,1227.606428528582
total_drug_cost,1780025056,JORDAN ROBINSON,Physician Assistant,NC,Charlotte,8094,4399,14525551.84000000,1226.161911969737
total_drug_cost,1679970271,ELIZABETH HARDING,Physician Assistant,SC,Charleston,2219,1078,10488326.35000000,1224.940427936220
total_drug_cost,1265677033,SAAKSHI KHATTRI,Student in an Organized Health Care Education/Training Program,NY,New York,43482,6379,2189047.52000000,1224.244684583859
total_drug_cost,1619364510,UMARA JAMAL,Student in an Organized Health Care Education/Training Program,TX,Houston,22576,2979,3601422.57000000,1223.875504932776
total_drug_cost,1912541996,STEPHANIE GRAY,Physician Assistant,MA,Boston,4332,1873,4897563.65000000,1223.489101489744
total_drug_cost,1760918551,MATTHEW HERRMANN,Student in an Organized Health Care Education/Training Program,CA,Los Angeles,48939,6099,6784920.82000000,1223.152878791728
total_drug_cost,1144245747,JOSEPH LANE,Orthopaedic Surgery Physician,NY,New York,1424,761,1703452.46000000,1222.106222750253
total_drug_cost,1518192343,LUIS BATLLE,Surgery Physician,FL,Clearwater,2075,914,886127.36000000,1218.969121506484
total_drug_cost,1558655464,TAMAYI BWITITI,Student in an Organized Health Care Education/Training Program,MI,Paw Paw,10231,2109,1756875.55000000,1217.008492739996
total_drug_cost,1003241118,YU CHENG,Student in an Organized Health Care Education/Training Program,CA,Tracy,48939,6099,6747491.95000000,1216.401571007571
total_drug_cost,1538131073,JAWAID KAMAL,Emergency Medicine Physician,TN,Hohenwald,1142,652,1697848.24000000,1214.430305043961
total_drug_cost,1053687491,ANTHONY TAM,Student in an Organized Health Care Education/Training Program,NY,New York,43482,6379,2166303.51000000,1211.517503704288
total_drug_cost,1366854044,OLA AZZOUQAH,Student in an Organized Health Care Education/Training Program,NM,Albuquerque,2240,349,2429268.04000000,1209.502263616019
total_drug_cost,1972764496,SHAUN GREWAL,Surgery Physician,OK,Tulsa,393,218,1712600.50000000,1209.347621379896
total_drug_cost,1841213071,OSCAR LINDO,Surgery Physician,FL,Weeki Wachee,2075,914,878747.64000000,1208.811021978919
total_drug_cost,1639293871,MICHAEL CARTER,Emergency Medicine Physician,TN,Erin,1142,652,1689832.32000000,1208.692586722593
total_drug_cost,1255694451,MOHAMMAD FAIZUL SUHAIL,Student in an Organized Health Care Education/Training Program,NY,Bronx,43482,6379,2155754.12000000,1205.614235340479
total_drug_cost,1972896934,MICHAEL ROSE,Student in an Organized Health Care Education/Training Program,NY,Brooklyn,43482,6379,2155537.55000000,1205.493046264187
total_drug_cost,1255586400,ROBERT ANDERSON,Student in an Organized Health Care Education/Training Program,NY,Penn Yan,43482,6379,2154238.95000000,1204.766370665195
total_drug_cost,1124097498,TERENCE HERMAN,Radiation Oncology Physician,TX,Harlingen,385,175,2155442.93000000,1202.398011711056
total_drug_cost,1336379783,MARK JENNINGS,Student in an Organized Health Care Education/Training Program,TX,Allen,22576,2979,3534174.75000000,1201.009476515751
total_drug_cost,1770570772,SCOTT CAUDLE,Surgery Physician,TN,Elizabethton,705,353,1159753.75000000,1200.712913359341
total_drug_cost,1619925989,DANIEL MEADOR,Emergency Medicine Physician,CA,Sonora,6975,3707,944001.01000000,1198.515968785909
total_drug_cost,1124049473,BRIAN BOE,Surgery Physician,IL,Chicago,1531,557,695540.44000000,1198.506047611135
total_drug_cost,1316353188,SUNNAH DOESKEN,Emergency Medicine Physician,MN,Barnesville,1265,680,456457.27000000,1195.818136885788
total_drug_cost,1164442463,CHRISTINE MCKAIN,Emergency Medicine Physician,OH,Piketon,2616,1447,901327.06000000,1194.364234236448
total_drug_cost,1508057159,JAMES TOMPKINS,Emergency Medicine Physician,TN,Byrdstown,1142,652,1668431.30000000,1193.373942755342
total_drug_cost,1730680836,AMITA PATEL,Surgical Physician Assistant,MA,Boston,520,299,1101709.28000000,1193.273777492127
total_drug_cost,1144685504,ERICSSON TRIEU,Physician Assistant,CA,Whittier,13480,6439,7566635.30000000,1187.757220358283
total_drug_cost,1033291869,KRISTYN HARE,Surgical Physician Assistant,WI,Middleton,288,174,1083920.30000000,1187.645998057526
total_drug_cost,1235211129,BRENT BOYETT,General Practice Dentistry,AL,Hamilton,1267,760,434510.61000000,1186.469698596143
total_drug_cost,1093824971,JONATHAN FINKS,Emergency Medicine Physician,KS,Overland Park,417,241,922153.66000000,1185.139589589809
total_drug_cost,1750589701,RUBY SHARMA,Student in an Organized Health Care Education/Training Program,NY,New Hyde Park,43482,6379,2118393.47000000,1184.707818647541
total_drug_cost,1497799480,RICHARD FOX,Plastic Surgery Physician,MA,Fall River,129,42,204180.72000000,1182.343851533637
total_drug_cost,1609071448,KIMATHI BLACKWOOD,Student in an Organized Health Care Education/Training Program,GA,Macon,8522,1224,3052306.44000000,1182.257071142918
total_drug_cost,1881949576,ADELLE MAYNARD - WATTS,Student in an Organized Health Care Education/Training Program,IN,Terre Haute,5589,994,3382793.89000000,1177.380620635486
total_drug_cost,1700997210,PATRICIA FONE,Surgery Physician,CA,Roseville,3327,1378,673355.32000000,1175.647349836159
total_drug_cost,1427005255,VEL SIVAPALAN,Emergency Medicine Physician,NJ,Chatham,1606,860,950406.67000000,1175.547874584809
total_drug_cost,1053562678,FASEEH KHAJA,Student in an Organized Health Care Education/Training Program,FL,Largo,19042,2682,2349529.21000000,1173.503986349963
total_drug_cost,1790948180,AMER SIDANI,Student in an Organized Health Care Education/Training Program,IN,Hobart,5589,994,3369460.76000000,1172.737257440810
total_drug_cost,1568571438,BRAD JENKINS,Emergency Medicine Physician,AR,North Little Rock,464,309,1546365.79000000,1171.258781764851
total_drug_cost,1083006407,ELYSE HEWITT,Student in an Organized Health Care Education/Training Program,MI,Waterford,10231,2109,1690177.90000000,1170.779209260744
total_drug_cost,1477707164,EBAA ALAWAMI,Surgery Physician,NH,Concord,211,88,586429.00000000,1170.341333224775
total_drug_cost,1013396118,JOHN PAUL KELADA,Emergency Medicine Physician,CA,Roseville,6975,3707,912733.80000000,1158.787734548366
total_drug_cost,1578973152,CHARLIE LEE,Physician Assistant,MA,Boston,4332,1873,4635505.57000000,1157.985506848376
total_drug_cost,1164485926,PETER MANIS,Emergency Medicine Physician,FL,Pensacola,3563,2068,1026011.23000000,1157.588761263863
total_drug_cost,1518086230,NAGIB CHALFOUN,Student in an Organized Health Care Education/Training Program,MI,Grand Rapids,10231,2109,1669050.65000000,1156.135550460365
total_drug_cost,1629259478,GERALD O'BRYAN,Emergency Medicine Physician,LA,Houma,952,558,1186178.91000000,1155.802823163723
total_drug_cost,1336123165,ANDREW GOGGIN,Emergency Medicine Physician,IL,Greenville,2986,1493,722253.17000000,1153.786088174643
total_drug_cost,1073511085,FRED WOLODIGER,Surgery Physician,NJ,Englewood,811,302,513580.50000000,1152.584980172801
total_drug_cost,1871736595,JAMES RAYBOURN,Student in an Organized Health Care Education/Training Program,IN,Greenwood,5589,994,3309322.68000000,1151.793717006534
total_drug_cost,1013294164,YOUSOF ELGARIED,Student in an Organized Health Care Education/Training Program,KY,Pikeville,4670,680,3212509.51000000,1147.277248103999
total_drug_cost,1427350628,LOIDA JOHNSON,Acute Care Nurse Practitioner,MD,Baltimore,666,202,6849237.33000000,1143.234986074777
total_drug_cost,1225470701,GHADA METWALLY AHMED ELSAYED,Student in an Organized Health Care Education/Training Program,PA,Blairsville,14928,2712,2342938.44000000,1134.561241315709
total_drug_cost,1538310230,CHERI CARTAGENA,Surgical Physician Assistant,MD,Hagerstown,362,140,1152138.26000000,1131.496089855104
total_drug_cost,1497804397,GREGORY PIERCE,Surgical Physician Assistant,MA,North Dartmouth,520,299,1043468.88000000,1130.154120380487
total_drug_cost,1013110840,JASDEEP SANDHU,Surgical Physician Assistant,NY,New Hyde Park,2074,912,1403961.40000000,1129.153846962213
total_drug_cost,1063875920,ALAN SALGADO,Student in an Organized Health Care Education/Training Program,MI,Ann Arbor,10231,2109,1630042.94000000,1129.098638613149
total_drug_cost,1790148948,CHRISTINE MOORE,Student in an Organized Health Care Education/Training Program,NC,Asheville,9187,2081,2420987.87000000,1128.107861556594
total_drug_cost,1780776435,PHILIP ELANGWE,Student in an Organized Health Care Education/Training Program,AR,Fort Smith,2735,425,3490984.38000000,1127.458428235362
total_drug_cost,1649583097,PATRICIA OATES,Physician Assistant,NY,Rochester,14666,6059,5569661.53000000,1123.898269830626
total_drug_cost,1417169541,VIRAL PATEL,Surgery Physician,PA,Middletown,1988,703,669456.34000000,1121.651484166045
total_drug_cost,1710581061,ABBIE FOX,Physician Assistant,OH,Cleveland,4893,2451,4068401.21000000,1119.352375437250
total_drug_cost,1144740614,HILLARY HARTUNG,Physician Assistant,VA,Norfolk,3843,1787,6593779.01000000,1119.327057938039
total_drug_cost,1932726668,PAULINE NGO,Physician Assistant,MA,Saugus,4332,1873,4479856.40000000,1119.079703455688
total_drug_cost,1356473144,KRISTY ONTIVEROS,Emergency Medicine Physician,NM,Belen,465,200,829430.16000000,1118.946135638431
total_drug_cost,1962160242,CAROLINE BUDNIK,Surgical Physician Assistant,NY,Rochester,2074,912,1390520.42000000,1118.336721513286
total_drug_cost,1881161198,KAITLYN FOX,Surgical Physician Assistant,NY,Buffalo,2074,912,1389905.40000000,1117.841761436446
total_drug_cost,1316194020,MAUREEN THYNE,Physician Assistant,NY,New York,14666,6059,5533395.88000000,1116.575746847815
total_drug_cost,1265459218,PAUL BULAT,Emergency Medicine Physician,MA,Fall River,1735,721,899460.92000000,1116.511600364661
total_drug_cost,1457361180,RAMEL FAILMA,Emergency Medicine Physician,FL,Perry,3563,2068,988396.69000000,1115.117939368069
total_drug_cost,1316213549,ADRIAN LOFFLER,Student in an Organized Health Care Education/Training Program,VA,Charlottesville,7167,1433,2573944.99000000,1114.921332584710
total_drug_cost,1043479355,BRIAN SANKEY,Emergency Medicine Physician,IA,Waterloo,481,250,773675.42000000,1112.991378839463
total_drug_cost,1639476690,REMYA THARACKAL-RAVINDRAN,Student in an Organized Health Care Education/Training Program,MA,Brockton,14128,1958,1556868.30000000,1110.992992846140
total_drug_cost,1356553408,RACQUEL INNIS-SHELTON,Student in an Organized Health Care Education/Training Program,AL,Birmingham,5675,762,2871551.51000000,1110.107422767118
total_drug_cost,1790103612,JEREMY SNYDER,Student in an Organized Health Care Education/Training Program,NM,Albuquerque,2240,349,2228342.01000000,1109.404320432522
total_drug_cost,1740229384,JEFFERY JACOBS,Emergency Medicine Physician,NE,Omaha,261,132,782809.08000000,1108.202515225041
total_drug_cost,1578865432,LILIYA SHIL,Surgical Physician Assistant,NY,Brooklyn,2074,912,1375787.50000000,1106.479859597785
total_drug_cost,1932561081,MEGHAN THOMPSON,Student in an Organized Health Care Education/Training Program,NY,New York,43482,6379,1974935.84000000,1104.431244482976
total_drug_cost,1942793708,SHAZAD BUKSH,Foot & Ankle Surgery Podiatrist,OR,Salem,103,72,1033319.58000000,1101.433548749525
total_drug_cost,1194157701,SARITA DHIRAPRASIDDHI,Physician Assistant,OH,Marietta,4893,2451,3989758.98000000,1097.701422921505
total_drug_cost,1730344748,NIKOLAI ZDRALE,Student in an Organized Health Care Education/Training Program,PA,Mt Lebanon,14928,2712,2264417.28000000,1096.514135538155
total_drug_cost,1144225715,RUBEN MARTINEZ,Obstetrics & Gynecology Physician,TX,Harlingen,3386,1386,5911352.26000000,1094.715735922865
total_drug_cost,1568690287,ALI AMJAD,Student in an Organized Health Care Education/Training Program,PA,New Castle,14928,2712,2260510.63000000,1094.621184316014
total_drug_cost,1881638955,GARRETT BOMBA,Emergency Medicine Physician,NH,New London,342,161,458406.22000000,1094.167382907133
total_drug_cost,1689802001,BRIAN REICHARDT,Student in an Organized Health Care Education/Training Program,IL,O Fallon,10607,1520,2210467.34000000,1092.654715425259
total_drug_cost,1588012413,STEPHANIE CHARLES,Student in an Organized Health Care Education/Training Program,NY,New York,43482,6379,1953750.59000000,1092.576320539092
total_drug_cost,1932181740,JAMES NANNEY,Emergency Medicine Physician,MS,Meridian,493,313,1318412.19000000,1092.196296378700
total_drug_cost,1114166980,CLAUDIA PINEDA-MUYIR,Physician Assistant,NY,Brooklyn,14666,6059,5410992.06000000,1091.860767655828
total_drug_cost,1013945047,ROBERT MAGLEY,Emergency Medicine Physician,PA,Ebensburg,3616,1743,621370.56000000,1084.884909173337
total_drug_cost,1588681035,DANA DAY,Emergency Medicine Physician,MO,Farmington,1322,677,860356.13000000,1084.725527116773
total_drug_cost,1538884184,GONUL OZAY,Student in an Organized Health Care Education/Training Program,DC,Washington,3063,403,1165512.62000000,1084.713011184138
total_drug_cost,1962472084,CHARLES OUTZ,Emergency Medicine Physician,SC,Piedmont,1197,744,1070184.72000000,1083.548434540442
total_drug_cost,1114961554,CRAIG MORGENTHAL,Surgery Physician,FL,Jacksonville,2075,914,787592.68000000,1083.337270114180
total_drug_cost,1972602720,VALENTIN ISACESCU,Military Health Care Provider,CA,Oceanside,586,31,737750.99000000,1083.200553187086
total_drug_cost,1639566045,KALYNA JAKIBCHUK,Student in an Organized Health Care Education/Training Program,WI,Rhinelander,3991,834,2053006.60000000,1081.283873369406
total_drug_cost,1326066671,SCOTT PEAK,Neurological Surgery Physician,CA,Redwood City,872,225,1148483.13000000,1080.458015982022
total_drug_cost,1790063493,NOAH MOSS,Student in an Organized Health Care Education/Training Program,NY,New York,43482,6379,1930005.19000000,1079.288777979193
total_drug_cost,1982674396,AMIE COLLINS,Emergency Medicine Physician,NC,Fayetteville,1837,980,952593.23000000,1078.809869263473
total_drug_cost,1174950570,MELANIE BERNSTEIN,Physician Assistant,NY,New York,14666,6059,5330117.66000000,1075.531137476276
total_drug_cost,1376999037,JASLEEN KAUR,Student in an Organized Health Care Education/Training Program,MI,Saginaw,10231,2109,1551447.27000000,1074.622633706353
total_drug_cost,1417233008,ALEXIS PEPLINSKI,Surgery Physician,TX,Brownwood,2473,1064,874874.70000000,1074.261567843544
total_drug_cost,1508027608,MEAGAN JONES,Emergency Medicine Physician,CO,Colorado Springs,1362,572,419465.05000000,1073.963729431432
total_drug_cost,1891219820,EMILY GAUER,Physician Assistant,IN,Terre Haute,2256,1156,3332299.75000000,1073.714624050500
total_drug_cost,1568651305,CHAUDHRY SARWAR,Surgery Physician,NY,Stony Brook,2171,656,633859.72000000,1071.413078360689
total_drug_cost,1275511404,DAVID WHITMORE,Emergency Medicine Physician,WV,Huntington,444,275,1118066.02000000,1070.521232734738
total_drug_cost,1477896538,MICHAEL OGAWA,Student in an Organized Health Care Education/Training Program,MO,Chesterfield,4278,705,2443685.62000000,1068.263486782712
total_drug_cost,1285286971,HANNAH HOPKINS,Emergency Medicine Physician,OH,West Union,2616,1447,804992.01000000,1066.608210514933
total_drug_cost,1538542378,JUSTIN LANDE,Student in an Organized Health Care Education/Training Program,KY,Danville,4670,680,2984655.11000000,1065.854330367810
total_drug_cost,1952313215,NICHOLAS FINLEY,Emergency Medicine Physician,IN,Warsaw,1125,691,950133.98000000,1065.108550541516
total_drug_cost,1093018046,MAUREEN SCHULLER,Surgical Physician Assistant,PA,Lancaster,845,424,1745172.05000000,1063.918822931129
total_drug_cost,1811987407,VICKI ALLEN,Physician Assistant,SC,Charleston,2219,1078,9104398.20000000,1063.218541490349
total_drug_cost,1346266939,MELISSA CARRAN,Neurological Surgery Physician,NJ,Camden,188,70,1326805.17000000,1062.288009931159
total_drug_cost,1477716991,JASMINE STANNARD,Student in an Organized Health Care Education/Training Program,MI,Ann Arbor,10231,2109,1528390.77000000,1058.641778690630
total_drug_cost,1215065891,LAL YILMAZ-GONZALEZ,Surgery Physician,CA,Mill Valley,3327,1378,606145.73000000,1058.218375351319
total_drug_cost,1689611618,ERIC LEHMAN,Surgery Physician,GA,Cairo,1011,552,935127.10000000,1057.483876018221
total_drug_cost,1518275379,MATTHEW CRAIG,Student in an Organized Health Care Education/Training Program,KY,Lexington,4670,680,2960452.45000000,1057.205600327148
total_drug_cost,1922238864,CHOON HWA GOH,Student in an Organized Health Care Education/Training Program,CA,San Francisco,48939,6099,5859887.82000000,1056.298188989381
total_drug_cost,1285619239,ZACHARY VERES,Emergency Medicine Physician,OH,Warren,2616,1447,796123.67000000,1054.847342010578
total_drug_cost,1619956976,JOHN FOSBINDER,Emergency Medicine Physician,CA,Bakersfield,6975,3707,830861.22000000,1054.760127484223
total_drug_cost,1194730663,MAHLI MICHAEL,Surgery Physician,NM,Las Cruces,229,78,711718.67000000,1052.129116434000
total_drug_cost,1952624314,ISRAEL STEWART,Student in an Organized Health Care Education/Training Program,WY,Rock Springs,161,47,876638.40000000,1049.712790189913
total_drug_cost,1124010228,WILLIAM BARRETT,Radiation Oncology Physician,OH,Cincinnati,263,134,1172939.65000000,1048.987189084273
total_drug_cost,1891711156,GARRICK JOHNSON,Physician Assistant,NH,Concord,874,495,3312978.99000000,1047.803578957864
total_drug_cost,1629224159,JILLIAN ALFONSO,Student in an Organized Health Care Education/Training Program,NY,Bronx,43482,6379,1871731.26000000,1046.679627364439
total_drug_cost,1053730952,REBECCA PINNELAS,Student in an Organized Health Care Education/Training Program,NY,New York,43482,6379,1870252.58000000,1045.852181904161
total_drug_cost,1508215146,ADRIANA MONCAYO,Student in an Organized Health Care Education/Training Program,FL,Plant City,19042,2682,2093052.50000000,1045.325492321970
total_drug_cost,1972735488,ANGELA MCDONALD,Physician Assistant,CO,Thornton,3792,1901,5043004.68000000,1045.113261733246
total_drug_cost,1427374305,ARI POLLACK,Student in an Organized Health Care Education/Training Program,CT,Fairfield,6408,1206,1671829.36000000,1045.012523243845
total_drug_cost,1083972814,DAVID COOLEY,Student in an Organized Health Care Education/Training Program,OH,Bryan,15977,3025,1568213.16000000,1044.758473333333
total_drug_cost,1639179013,EDWARD BATES,Emergency Medicine Physician,TX,Cleburne,4378,2334,1121669.03000000,1044.626508398629
total_drug_cost,1932270253,VISHAL SEHGAL,Emergency Medicine Physician,IN,Carmel,1125,691,931682.02000000,1044.403087100101
total_drug_cost,1861542532,KEEGAN JOHNSON,Surgery Physician,MA,Fall River,1091,313,429083.87000000,1044.389408435954
total_drug_cost,1508253295,MARY HANCOCK,Student in an Organized Health Care Education/Training Program,MS,Booneville,2070,358,2027101.03000000,1042.859621307703
total_drug_cost,1205121803,JORDAN WHITSON,Student in an Organized Health Care Education/Training Program,IN,Indianapolis,5589,994,2994590.98000000,1042.186026090919
total_drug_cost,1336186667,SETH DINOWITZ,Emergency Medicine Physician,NJ,Manahawkin,1606,860,841865.96000000,1041.199042817426
total_drug_cost,1942629001,JOSE CRUZ,Emergency Medicine Physician,TX,Edinburg,4378,2334,1117786.10000000,1041.007205322471
total_drug_cost,1912988486,KATHERINE WANG,Neurological Surgery Physician,MA,Cambridge,222,53,505170.74000000,1040.808247707123
total_drug_cost,1598714040,RICHARD NILES,Emergency Medicine Physician,TX,Dallas,4378,2334,1116427.83000000,1039.741153452040
total_drug_cost,1295199719,RAYMOND HOWARD,Emergency Medicine Physician,ME,Belfast,423,218,642624.52000000,1037.500590250243
total_drug_cost,1285022574,ZUMARA AYERS,Surgical Physician Assistant,NY,Bronx,2074,912,1289519.00000000,1037.052095640787
total_drug_cost,1770521536,EJIRO UGHOVWA,Emergency Medicine Physician,LA,Kinder,952,558,1064143.49000000,1036.799388377657
total_drug_cost,1750355871,JOSEPH STILWILL,Hospitalist Physician,KS,Overland Park,109,74,2836643.76000000,1036.333417261761
total_drug_cost,1164714416,CHANNING HAMPTON,Student in an Organized Health Care Education/Training Program,GA,Tifton,8522,1224,2666510.14000000,1032.737368809506
total_drug_cost,1497756894,RICARDO RAYMUNDO,Surgery Physician,PA,Harmony,1988,703,615282.91000000,1030.823797029580
total_drug_cost,1316992068,LAWRENCE HIGHMAN,Surgery Physician,CA,Colusa,3327,1378,590377.68000000,1030.668349512363
total_drug_cost,1649216680,ROBERT WALKER,Emergency Medicine Physician,MS,Hazlehurst,493,313,1242150.35000000,1028.966614158226
total_drug_cost,1134485410,WADE IAMS,Student in an Organized Health Care Education/Training Program,TN,Nashville,5929,978,2084725.81000000,1028.067193383181
total_drug_cost,1457745531,AMMAR YOUSIF,Student in an Organized Health Care Education/Training Program,NV,Las Vegas,2580,329,3171727.88000000,1028.047986751942
total_drug_cost,1750394300,KURT SCHULTZ,Emergency Medicine Physician,MO,Columbia,1322,677,814478.89000000,1026.836129915441
total_drug_cost,1104802651,PATRICK HANLEY,Emergency Medicine Physician,PA,Jim Thorpe,3616,1743,587932.64000000,1026.456689593534
total_drug_cost,1043461817,TRAVIS WILLIAMS,Student in an Organized Health Care Education/Training Program,ID,Meridian,738,172,3130299.17000000,1026.125277867208
total_drug_cost,1114963196,PAUL YUTAN,Acupuncturist,OR,Lake Oswego,1638,39,582463.71000000,1026.075790411962
total_drug_cost,1205082724,IOANA FAT,Student in an Organized Health Care Education/Training Program,DC,Washington,3063,403,1102305.77000000,1025.847137544184
total_drug_cost,1932323813,HUY HOANG,Optometrist,WA,Seattle,1593,704,10479816.86000000,1025.250290658950
total_drug_cost,1780844621,ELAINE SUNDERLIN,Student in an Organized Health Care Education/Training Program,NC,Mooresville,9187,2081,2198160.20000000,1024.212392521879
total_drug_cost,1508048430,STACEY PANASCI,Physician Assistant,MA,Springfield,4332,1873,4097459.48000000,1023.496415812781
total_drug_cost,1407173347,THOMAS MILLER,Student in an Organized Health Care Education/Training Program,GA,Claxton,8522,1224,2637123.00000000,1021.348051635572
total_drug_cost,1720025513,OLABODE OLUMOFIN,Surgery Physician,AR,Pine Bluff,286,161,1537597.35000000,1020.631183489762
total_drug_cost,1508250549,JEFFREY WALKER,Student in an Organized Health Care Education/Training Program,PA,Bala Cynwyd,14928,2712,2102665.92000000,1018.138177979921
total_drug_cost,1821007972,SANJAY RATHI,Neurological Surgery Physician,CT,North Haven,100,30,1091815.28000000,1017.181718395095
total_drug_cost,1487620654,ROBERT BYRUM,Emergency Medicine Physician,NC,Greensboro,1837,980,897344.26000000,1016.188366188308
total_drug_cost,1740237155,EDMUND FREUND,Emergency Medicine Physician,CA,Lodi,6975,3707,800110.62000000,1015.688299849298
total_drug_cost,1073773008,JEFFREY DAVIS,Surgery Physician,KS,Wichita,367,204,663879.63000000,1014.285272957044
total_drug_cost,1841279668,ROBERT HORVAT,Emergency Medicine Physician,CA,Atwater,6975,3707,798883.59000000,1014.129230931525
total_drug_cost,1194013607,JANAKI SHARMA,Student in an Organized Health Care Education/Training Program,FL,Miami,19042,2682,2030195.85000000,1013.911837894460
total_drug_cost,1750530630,EVAN FELDMAN,Surgery Physician,GA,Atlanta,1011,552,895605.69000000,1012.758171052742
total_drug_cost,1144462441,JOHN ALLAN,Student in an Organized Health Care Education/Training Program,NY,New York,43482,6379,1809890.30000000,1012.074424337957
total_drug_cost,1710320056,MARTA KOKOSZYNSKA,Student in an Organized Health Care Education/Training Program,VT,Burlington,900,166,3979140.53000000,1012.056930681936
total_drug_cost,1548707854,CECILLE GUMABON,Physician Assistant,MD,Baltimore,3091,1254,2907285.52000000,1010.760748525441
total_drug_cost,1548421803,TIMOTHY PRESTLEY,Student in an Organized Health Care Education/Training Program,AL,Tuscaloosa,5675,762,2609433.75000000,1008.712118581371
total_drug_cost,1982041315,MEGAN ESCH,Student in an Organized Health Care Education/Training Program,PA,Danville,14928,2712,2080339.80000000,1007.320148174422
total_drug_cost,1457472490,FRANCIS TAN,Surgery Physician,NV,Las Vegas,268,106,505146.81000000,1005.220183962264
total_drug_cost,1023035706,ANNE CALKINS,Emergency Medicine Physician,NY,North Syracuse,4319,1795,687798.25000000,1003.464049162229
total_drug_cost,1285832204,JONATHAN HOWARD,Student in an Organized Health Care Education/Training Program,NY,New York,43482,6379,1793145.38000000,1002.704237389660
total_drug_cost,1629043096,HENRY YU,Physician Assistant,NY,Bronx,14666,6059,4955952.73000000,999.982200692104
total_drug_cost,1457696379,MEGHAN WELLS,Physician Assistant,WI,Madison,3244,1862,3896433.66000000,999.108098501881
total_drug_cost,1649781030,VALERIE BOTSCHELLER,Emergency Medicine Physician,MD,Berlin,1124,456,628839.55000000,998.921733388332
total_drug_cost,1376861187,KARILYN LARKIN,Student in an Organized Health Care Education/Training Program,OH,Columbus,15977,3025,1498549.90000000,998.316300000000
total_drug_cost,1720258221,TOU VUE,Naturopath,CA,Sacramento,916,121,1580101.09000000,996.096031741058
total_drug_cost,1619270576,SHEETAL SHROFF,Student in an Organized Health Care Education/Training Program,TX,Houston,22576,2979,2924282.88000000,993.630191496065
total_drug_cost,1043639545,MEGHANA KUMAR,Student in an Organized Health Care Education/Training Program,GA,Conyers,8522,1224,2555608.55000000,989.756208220091
total_drug_cost,1477760403,KUMUDINI RAO,Student in an Organized Health Care Education/Training Program,PA,Camp Hill,14928,2712,2043822.08000000,989.625636840215
total_drug_cost,1528655057,JONA TANGUAY,Physician Assistant,DC,Washington,569,161,1276204.93000000,989.161719451472
total_drug_cost,1578698940,EDNA CARABALLO-GONZALEZ,Physician Assistant,TX,San Antonio,10016,4190,11669135.97000000,988.456402170853
total_drug_cost,1720212228,KATINA TSAGARIS,Student in an Organized Health Care Education/Training Program,GA,Atlanta,8522,1224,2551593.45000000,988.200110982147
total_drug_cost,1114176856,PUNPRAPAI BORIBOONSOMSIN,Student in an Organized Health Care Education/Training Program,OR,Portland,4366,874,4154120.04000000,985.086809509444
total_drug_cost,1407849433,JAMES WILLIAMS,Surgery Physician,WI,Green Bay,773,334,873712.66000000,981.989220735744
total_drug_cost,1790722809,FARUKH KHAN,Emergency Medicine Physician,WV,Elkins,444,275,1025632.18000000,981.944329215622
total_drug_cost,1952371387,TROY CAPPLEMAN,Emergency Medicine Physician,MS,New Albany,493,313,1184382.23000000,981.070315431704
total_drug_cost,1558316117,OANA NISIPEANU,Emergency Medicine Physician,IL,Gurnee,2986,1493,613651.83000000,980.158830287516
total_drug_cost,1871858787,BRIGITTE BEKAN-HOMAWOO,Emergency Medicine Physician,NY,Saratoga Springs,4319,1795,671612.36000000,979.830281129584
total_drug_cost,1144298571,SARA LEVINE,Emergency Medicine Physician,FL,Boca Raton,3563,2068,868490.53000000,979.731113806236
total_drug_cost,1659369056,NARENDRA NIGALYE,Emergency Medicine Physician,TX,Brownwood,4378,2334,1050509.24000000,978.298027883725
total_drug_cost,1063646628,ADIREDDY KAMIREDDY,Student in an Organized Health Care Education/Training Program,OH,Toledo,15977,3025,1464360.94000000,975.523660000000
total_drug_cost,1518988021,DAVID TETROKALASHVILI,Podiatrist,NY,Brooklyn,1240,690,8689378.44000000,975.415909642773
total_drug_cost,1033633524,KIM ZAWODNI,Acute Care Nurse Practitioner,MI,Ann Arbor,808,248,7526534.25000000,975.145509138597
total_drug_cost,1225130859,WILLIAM STEINER,General Practice Dentistry,NJ,Matawan,3941,1898,137282.73000000,974.039870306988
total_drug_cost,1508805532,ERIC DUPREE,Emergency Medicine Physician,LA,Olla,952,558,999663.06000000,973.920982694435
total_drug_cost,1700028784,HOLLY WEGHORST,Surgical Physician Assistant,WV,Morgantown,66,33,3795349.33000000,973.810631215906
total_drug_cost,1487703492,LARA CAMPAGNA,Surgical Physician Assistant,NC,Pinehurst,430,215,1968102.19000000,973.750035637205
total_drug_cost,1114313335,CHRISTINA MINGORA,Student in an Organized Health Care Education/Training Program,SC,Charleston,2824,607,3883263.70000000,973.564112080060
total_drug_cost,1568592962,DANIEL ROSA,Emergency Medicine Physician,NY,Bronx,4319,1795,666595.63000000,972.505121184569
total_drug_cost,1477036895,CHEINY SHIAU,Surgical Physician Assistant,CA,Los Angeles,979,501,2309184.17000000,972.143335731954
total_drug_cost,1093078222,PREETHI SRIRAM,Student in an Organized Health Care Education/Training Program,MD,Glen Burnie,7249,977,1277268.99000000,971.679453034527
total_drug_cost,1497134118,SAIKRISHNA GADDE,Student in an Organized Health Care Education/Training Program,AL,Birmingham,5675,762,2512709.63000000,971.296219828464
total_drug_cost,1942437603,VAISHALI PATEL,Emergency Medicine Physician,KY,Cadiz,858,519,1100385.39000000,971.072564817119
total_drug_cost,1457386294,MOHAMMAD ARAIN,Surgery Physician,CA,Madera,3327,1378,556138.89000000,970.846142632336
total_drug_cost,1124480637,MARIE PEREIRA,Student in an Organized Health Care Education/Training Program,MD,Baltimore,7249,977,1273619.53000000,968.901073665023
total_drug_cost,1285628321,BRYAN VENERUS,Emergency Medicine Physician,NY,Little Falls,4319,1795,662659.14000000,966.757269721176
total_drug_cost,1396971164,TONY SCHWARTZ,Student in an Organized Health Care Education/Training Program,CT,Norwich,6408,1206,1546634.92000000,966.704321101683
total_drug_cost,1932543675,WYZSCX PATACXIL,Surgery Physician,CA,El Segundo,3327,1378,553693.82000000,966.574102546335
total_drug_cost,1407088123,ABDULRAZAK ALCHAKAKI,Emergency Medicine Physician,MI,Southfield,2654,1446,479427.14000000,963.473355947872
total_drug_cost,1346263886,KAREN TAYLOR,Neurological Surgery Physician,AZ,Phoenix,180,60,586988.11000000,963.419888660196
total_drug_cost,1649336306,DAVID FRENCH,Emergency Medicine Physician,KY,Eddyville,858,519,1089581.62000000,961.529548270714
total_drug_cost,1407824477,MECHERY DAVIS,Emergency Medicine Physician,RI,Warwick,351,137,491027.49000000,960.985393802997
total_drug_cost,1417175522,ADAM ABODEELY,Surgery Physician,NY,Saranac Lake,2171,656,567733.36000000,959.562164112949
total_drug_cost,1205923869,LUIS SANTOS,Emergency Medicine Physician,NJ,Belleville,1606,860,774083.07000000,957.299167044391
total_drug_cost,1144296088,KENT FARNSWORTH,Emergency Medicine Physician,IN,Fort Wayne,1125,691,852114.80000000,955.118471002678
total_drug_cost,1386106391,JOSHUA PRICE,Emergency Medicine Physician,AZ,Payson,1386,644,535554.58000000,953.756477164605
total_drug_cost,1639228141,CHRISTINE POWELL,Emergency Medicine Physician,TX,Tyler,4378,2334,1023806.88000000,953.408592923870
total_drug_cost,1588741565,STEVEN HODKIN,Physician Assistant,NY,West Seneca,14666,6059,4716518.41000000,951.637187957636
total_drug_cost,1730527474,ANTOIN DESCHRIJVER,Student in an Organized Health Care Education/Training Program,MA,Quincy,14128,1958,1331985.20000000,950.412372633245
total_drug_cost,1336425206,BRITTANY YERKES,Physician Assistant,MD,Salisbury,3091,1254,2733463.16000000,950.286062034647
total_drug_cost,1821415894,JENNA MCGOLDRICK,Student in an Organized Health Care Education/Training Program,WI,Madison,3991,834,1803640.39000000,949.861601851816
total_drug_cost,1780621490,VERONICA SCHIMP,Gynecologic Oncology Physician,FL,Orlando,101,63,2585694.36000000,947.168502837034
total_drug_cost,1205241262,TAHA AL-JUHAISHI,Student in an Organized Health Care Education/Training Program,OK,Oklahoma City,3870,417,2405678.12000000,946.602644319575
total_drug_cost,1770996373,FADY TAWADROS,Student in an Organized Health Care Education/Training Program,VA,Richlands,7167,1433,2184720.75000000,946.219728101967
total_drug_cost,1558742239,CARABETH HOPPER,Physician Assistant,PA,York,7625,3903,5137845.50000000,945.717896001857
total_drug_cost,1609107549,VALENTIN MARIAN,Student in an Organized Health Care Education/Training Program,NJ,Jersey City,9394,1066,4064691.22000000,945.067036116410
total_drug_cost,1073743639,MARIE ABDALLAH,Student in an Organized Health Care Education/Training Program,NY,Brooklyn,43482,6379,1686877.55000000,943.238475015763
total_drug_cost,1144458977,BENJAMIN ABINALES,Student in an Organized Health Care Education/Training Program,FL,St Petersburg,19042,2682,1888343.53000000,943.018785843157
total_drug_cost,1811127566,JENNIFER SCHWARZ,Student in an Organized Health Care Education/Training Program,NY,New Hyde Park,43482,6379,1685446.69000000,942.437788855612
total_drug_cost,1891158176,MATTHEW TUCKER,Student in an Organized Health Care Education/Training Program,AL,Birmingham,5675,762,2433989.97000000,940.845006331528
total_drug_cost,1821087172,ANDREW WYANT,Emergency Medicine Physician,MO,Marshall,1322,677,746294.99000000,940.799461845699
total_drug_cost,1487764957,DEREK DUNCAN,Emergency Medicine Physician,IA,Lake City,481,250,653804.08000000,940.408786190740
total_drug_cost,1144284704,FEDERICO CEPPA,Surgery Physician,PA,Lancaster,1988,703,560283.73000000,938.611649602287
total_drug_cost,1457779035,KATHLEEN KERRIGAN,Student in an Organized Health Care Education/Training Program,OH,Columbus,15977,3025,1408319.64000000,938.162793333333
total_drug_cost,1437577954,JENNIFER KRALL,Student in an Organized Health Care Education/Training Program,NC,Winston Salem,9187,2081,2011908.50000000,937.370808933929
total_drug_cost,1245556190,CLINTON MCMAHILL,Student in an Organized Health Care Education/Training Program,WY,Lander,161,47,781972.87000000,936.276950176766
total_drug_cost,1801234729,STEPHEN MORSE,Emergency Medicine Physician,IN,Bluffton,1125,691,832335.93000000,932.924044519124
total_drug_cost,1205031010,SOAMES BOYLE,Student in an Organized Health Care Education/Training Program,CA,San Diego,48939,6099,5167653.40000000,931.435011762614
total_drug_cost,1003175142,MARIANA GOMEZ DE LA ESPRIELLA,Student in an Organized Health Care Education/Training Program,VA,Pearisburg,7167,1433,2150314.74000000,931.307118623047
total_drug_cost,1700806767,ALYCE ADAMS,Emergency Medicine Physician,LA,West Monroe,952,558,955848.09000000,931.194601082863
total_drug_cost,1225267982,JOHN BERTINI,Student in an Organized Health Care Education/Training Program,NY,Endwell,43482,6379,1664649.62000000,930.800084174023
total_drug_cost,1558370254,NICOLE STIVERS,Emergency Medicine Physician,ID,Boise,299,171,498958.30000000,930.116930814565
total_drug_cost,1619994258,VANDANA KAMAT,Emergency Medicine Physician,TX,Alice,4378,2334,998123.35000000,929.468815710377
total_drug_cost,1689876328,M.BASSEL ATASSI,Student in an Organized Health Care Education/Training Program,IL,Evergreen Park,10607,1520,1878328.61000000,928.368266373456
total_drug_cost,1770900185,ANTHONY ESPOSITO,Student in an Organized Health Care Education/Training Program,IL,Chicago,10607,1520,1877094.74000000,927.757954769954
total_drug_cost,1679864375,JENNA KING-SONA,Student in an Organized Health Care Education/Training Program,SD,Sioux Falls,486,135,2895070.97000000,927.474981484034
total_drug_cost,1417375452,DANIEL JEUNG,Student in an Organized Health Care Education/Training Program,MI,Ypsilanti,10231,2109,1338263.31000000,926.861180040899
total_drug_cost,1457559692,KEVIN GRAHAM,Emergency Medicine Physician,OH,Granville,2616,1447,697687.64000000,924.305075372093
total_drug_cost,1902838337,SHAWN SWAENEPOEL,Emergency Medicine Physician,WI,Menomonie,1387,791,464433.08000000,924.130700897868
total_drug_cost,1669899829,KYLA D'ANGELO,Student in an Organized Health Care Education/Training Program,CT,Wethersfield,6408,1206,1477878.03000000,923.697391714193
total_drug_cost,1023306040,ADAM PARKER,Student in an Organized Health Care Education/Training Program,MO,Bridgeton,4278,705,2110296.37000000,922.425149433823
total_drug_cost,1497763783,PAUL RUTLEDGE,Emergency Medicine Physician,MO,Saint Louis,1322,677,731037.95000000,921.547631337225
total_drug_cost,1366889826,CAROL LAI,Student in an Organized Health Care Education/Training Program,TX,Houston,22576,2979,2712212.26000000,921.520600087212
total_drug_cost,1366754715,KIM HINOJOSA,Family Nurse Practitioner,TX,San Antonio,18908,8241,20318090.49000000,920.871399244912
total_drug_cost,1194811307,ALBERT VELTRI,Emergency Medicine Physician,IA,Ida Grove,481,250,639473.19000000,919.776146636001
total_drug_cost,1043548399,REBECCA RAHN,Physician Assistant,GA,Augusta,4310,1754,4926737.58000000,919.531344462983
total_drug_cost,1194145607,JIM CARMICAL,Emergency Medicine Physician,AR,Monticello,464,309,1213828.20000000,919.189144697804
total_drug_cost,1912976911,JOSEPH HARKINS,Physician Assistant,ME,Bangor,984,509,4139107.47000000,918.669968439009
total_drug_cost,1477563781,LORRIE PENFIELD,Emergency Medicine Physician,NY,Elmira,4319,1795,629433.85000000,918.243484153786
total_drug_cost,1376983205,CHRISTOPHER HANZAKER,Student in an Organized Health Care Education/Training Program,MI,Kalamazoo,10231,2109,1325532.36000000,918.037140565592
total_drug_cost,1356987457,JESSICA BROWN,Emergency Medicine Physician,GA,Thomasville,1614,896,969243.63000000,917.722165554213
total_drug_cost,1992217178,YASER MUSTAFA,Emergency Medicine Physician,IL,Dekalb,2986,1493,574431.10000000,917.454375607386
total_drug_cost,1215207337,AMANDA SELL,Physician Assistant,WI,Franklin,3244,1862,3578181.11000000,917.445276052544
total_drug_cost,1740280999,KEITH BECK,Emergency Medical Services (Emergency Medicine) Physician,TX,San Antonio,296,115,885353.07000000,917.148230858504
total_drug_cost,1508062993,MARK BRIDENSTINE,Hospitalist Physician,CO,Longmont,333,149,2084694.56000000,917.054273871528
total_drug_cost,1063808509,JAE SIM,Student in an Organized Health Care Education/Training Program,MA,Boston,14128,1958,1284238.43000000,916.318187966801
total_drug_cost,1831451012,ANDREW MUETING,Emergency Medicine Physician,IA,Sioux City,481,250,637023.63000000,916.249436951696
total_drug_cost,1215401674,NATASHA SALAZAR,Physician Assistant,CA,Downey,13480,6439,5828267.92000000,914.718614506901
total_drug_cost,1447236476,CURT FENKL,Emergency Medicine Physician,NY,Binghamton,4319,1795,626641.81000000,914.166697168463
total_drug_cost,1780236786,ANDREA DESMOND,Student in an Organized Health Care Education/Training Program,MA,Lowell,14128,1958,1280613.75000000,913.729939394661
total_drug_cost,1750554515,LENORE BONANNO,Physician Assistant,NY,Stony Brook,14666,6059,4523475.25000000,912.659174995659
total_drug_cost,1871977793,PRATIK SHAH,Student in an Organized Health Care Education/Training Program,MD,Frederick,7249,977,1199603.67000000,912.551877224962
total_drug_cost,1417075581,MANISH JAIN,Student in an Organized Health Care Education/Training Program,IL,Chicago,10607,1520,1846165.80000000,912.459510877138
total_drug_cost,1750451886,KELLY FELIX,Surgical Physician Assistant,NY,Manhasset,2074,912,1134694.83000000,912.451622355657
total_drug_cost,1760825137,JONATHAN JENSEN,Student in an Organized Health Care Education/Training Program,KS,Wichita,1361,256,1719214.28000000,912.124743857992
total_drug_cost,1376731406,DINESH SHARMA,Student in an Organized Health Care Education/Training Program,FL,Naples,19042,2682,1824318.54000000,911.021234103050
total_drug_cost,1043238728,CHERYL OLSON,Surgery Physician,CA,La Jolla,3327,1378,520451.11000000,908.492252256861
total_drug_cost,1457642605,SARAH CARROLL,Student in an Organized Health Care Education/Training Program,NC,New Bern,9187,2081,1947619.74000000,907.395577967953
total_drug_cost,1407804370,KIUMARS ARFAI,Emergency Medicine Physician,CA,Mission Hills,6975,3707,713604.95000000,905.773871263069
total_drug_cost,1568498855,BARISH EDIL,Surgery Physician,CO,Aurora,633,257,278623.36000000,905.679034539315
total_drug_cost,1548248461,BRUCE BARKER,Emergency Medicine Physician,TX,Bay City,4378,2334,972554.93000000,905.636333240054
total_drug_cost,1922072503,RAKESH PARIKH,Emergency Medicine Physician,IN,Merrillville,1125,691,807741.05000000,905.325437721473
total_drug_cost,1831457936,ALEXANDER ROSS,Student in an Organized Health Care Education/Training Program,DC,Washington,3063,403,972101.89000000,904.585515623274
total_drug_cost,1386654655,COLLEEN OHENE-AGYEI,Physician Assistant,NY,Kingston,14666,6059,4476863.45000000,903.247625036671
total_drug_cost,1316268618,NICHOLAS BENNER,Student in an Organized Health Care Education/Training Program,OH,Columbus,15977,3025,1354720.42000000,902.429980000000
total_drug_cost,1033287636,MARINE MARTIROSYAN,Dentist,CA,Glendale,14647,5237,153099.02000000,900.228251243781
total_drug_cost,1417057977,JONELL POE,Physician Assistant,GA,Augusta,4310,1754,4801250.19000000,896.092483004721
total_drug_cost,1821347162,LI ZHANG,Physician Assistant,NY,New York,14666,6059,4439829.22000000,895.769915404396
total_drug_cost,1841865086,SAMANTHA GIOVANNIELLO,Surgical Physician Assistant,NY,Bronx,2074,912,1109997.96000000,892.575903398719
total_drug_cost,1942300363,WILLIAM AURIEMMA,Surgery Physician,PA,Scranton,1988,703,532562.40000000,892.133804499130
total_drug_cost,1811914443,WILLIAM RAUH,Emergency Medicine Physician,IN,Wabash,1125,691,795611.64000000,891.714685512985
total_drug_cost,1013158906,JEFFREY MARTINDALE,Student in an Organized Health Care Education/Training Program,MI,Midland,10231,2109,1286023.10000000,890.652595823828
total_drug_cost,1720212426,SHERWIN YEN,Student in an Organized Health Care Education/Training Program,TX,Austin,22576,2979,2621061.19000000,890.526837659490
total_drug_cost,1154596922,JULIANA ENG,Student in an Organized Health Care Education/Training Program,NY,New York,43482,6379,1592164.08000000,890.238345996217
total_drug_cost,1932593381,ANTHONY BRADSHAW,Student in an Organized Health Care Education/Training Program,TX,Houston,22576,2979,2620098.80000000,890.199599734331
total_drug_cost,1316208895,PAUL SCHWARTZ,Acupuncturist,WA,Federal Way,1577,36,467968.82000000,888.946577834478
total_drug_cost,1801215835,CAROLYN GARCIA,Student in an Organized Health Care Education/Training Program,NY,New York,43482,6379,1589814.67000000,888.923654082598
total_drug_cost,1154398709,LARRY HORESH,Diagnostic Radiology Physician,GA,Savannah,917,39,384091.91000000,887.869825661167
total_drug_cost,1336222504,ROBERT MORTON,Psychiatry Physician,OK,Ada,429,212,32546005.01000000,887.708030411461
total_drug_cost,1710121330,CHARLES YUN,Student in an Organized Health Care Education/Training Program,NY,Glens Falls,43482,6379,1584936.21000000,886.193746610971
total_drug_cost,1437158409,ALBERT CHARRON,Emergency Medicine Physician,FL,Nokomis,3563,2068,785516.13000000,886.044178798912
total_drug_cost,1881627743,PAMELA ALVAREZ,Neurological Surgery Physician,CA,Murrieta,872,225,941485.14000000,885.574853279455
total_drug_cost,1992720387,WALTER TORONJO,Emergency Medicine Physician,TX,Huntsville,4378,2334,950920.14000000,885.470411629562
total_drug_cost,1285991372,DANNY BARLEV,Student in an Organized Health Care Education/Training Program,OH,Cleveland,15977,3025,1328723.44000000,885.098660000000
total_drug_cost,1487910410,ESSAM NAKHLA,Student in an Organized Health Care Education/Training Program,CT,Waterbury,6408,1206,1415954.39000000,884.964609982844
total_drug_cost,1790731867,KIMBERLY HARBIN,Emergency Medicine Physician,GA,Cairo,1614,896,934325.68000000,884.626559243438
total_drug_cost,1699125377,RILEY TORREANO,Student in an Organized Health Care Education/Training Program,MI,Marquette,10231,2109,1274533.53000000,882.688978086401
total_drug_cost,1407203888,JONATHAN TACKETT,Emergency Medicine Physician,NC,Chapel Hill,1837,980,778967.45000000,882.015117864525
total_drug_cost,1457316762,LAURIE HERBST,Physician Assistant,NY,Buffalo,14666,6059,4367774.93000000,881.221184179803
total_drug_cost,1053426643,EDWARD MAA,Neurological Surgery Physician,CO,Denver,168,40,520258.12000000,880.349598121571
total_drug_cost,1033191424,JOEL SOLIS,Emergency Medicine Physician,TX,Mcallen,4378,2334,945173.82000000,880.114231205865
total_drug_cost,1801020524,SONAL PATHAK,Student in an Organized Health Care Education/Training Program,NJ,North Bergen,9394,1066,3782714.58000000,879.458046579035
total_drug_cost,1316121049,MEIR DERSHOWITZ,Physician Assistant,NJ,Lyndhurst,3178,1430,2635311.87000000,879.415255137737
total_drug_cost,1427139617,TAREEF ABBASI,Emergency Medicine Physician,NJ,Clifton,1606,860,711157.14000000,879.411108422183
total_drug_cost,1962014803,PAIGE PEREZ,Pharmacist,NC,Fayetteville,9615,749,9875556.24000000,877.687512760726
total_drug_cost,1780770057,KERRY NIE,Surgical Physician Assistant,OH,Dayton,408,211,2572871.92000000,877.422963356561
total_drug_cost,1538195433,DEBRA MENESS,Emergency Medicine Physician,NY,Hogansburg,4319,1795,600706.15000000,876.296838160800
total_drug_cost,1861437386,NOEL SANCHEZ,Surgery Physician,KS,Wichita,367,204,572787.54000000,875.009256398051
total_drug_cost,1285724203,FRANK GIUGLIANO,Emergency Medicine Physician,PA,Berwick,3616,1743,500914.56000000,874.404424211808
total_drug_cost,1245464114,PHILLIP DEAN,Student in an Organized Health Care Education/Training Program,AL,Sheffield,5675,762,2256919.61000000,872.348682333948
total_drug_cost,1144200122,SULTAN QURAISHI,Surgery Physician,CT,East Hartford,411,141,664256.54000000,872.279470976793
total_drug_cost,1174701429,HEESOO JEONG,Student in an Organized Health Care Education/Training Program,CA,Los Angeles,48939,6099,4838761.11000000,872.110402774249
total_drug_cost,1518266741,MATTHEW COREY,Student in an Organized Health Care Education/Training Program,MA,Somerville,14128,1958,1222185.16000000,872.008266132575
total_drug_cost,1306815980,MICHAEL LUND,Emergency Medicine Physician,CT,Enfield,742,364,711379.26000000,871.610376470481
total_drug_cost,1922020288,SARA COX,Emergency Medicine Physician,IN,Elwood,1125,691,774900.54000000,868.474177519174
total_drug_cost,1467443879,CORY RYAN,Emergency Medicine Physician,KY,Monticello,858,519,983485.72000000,867.814583105250
total_drug_cost,1578594057,ALLEN BEECHAM,Emergency Medicine Physician,GA,Canton,1614,896,916270.06000000,867.513249578439
total_drug_cost,1598128902,AUBREY ALLEN,Student in an Organized Health Care Education/Training Program,AL,Foley,5675,762,2243809.57000000,867.277311001890
total_drug_cost,1427381441,JOCELYN HARRINGTON,Surgical Physician Assistant,NY,Rochester,2074,912,1077124.75000000,866.119972619942
total_drug_cost,1174599500,KAMAL MUZAFFAR,Emergency Medicine Physician,WI,Elkhorn,1387,791,435307.34000000,866.108042648709
total_drug_cost,1598919243,NIRAJ MEHTA,Radiation Oncology Physician,FL,Pembroke Pines,461,255,1264774.88000000,865.503452973138
total_drug_cost,1598020836,WILLIAM BAILEY,Surgery Physician,IL,Canton,1531,557,502032.47000000,864.854559165623
total_drug_cost,1386967875,KATAYOUN OMRANI,Dentist,CA,Los Angeles,14647,5237,146956.44000000,864.065466832504
total_drug_cost,1316300247,WAQAS AHMAD,Student in an Organized Health Care Education/Training Program,IL,Rockford,10607,1520,1745893.07000000,862.861408456411
total_drug_cost,1346402914,YASIR EL-SHERIF,Student in an Organized Health Care Education/Training Program,NY,Staten Island,43482,6379,1540809.82000000,861.501331021438
total_drug_cost,1447697180,RACHEL MORGAN,Student in an Organized Health Care Education/Training Program,IN,Indianapolis,5589,994,2475158.97000000,861.289906622315
total_drug_cost,1396165676,DAVID MCCOMB,Student in an Organized Health Care Education/Training Program,MI,Lansing,10231,2109,1243365.00000000,861.085536151016
total_drug_cost,1811989411,MARGARET DAVIS,Emergency Medicine Physician,GA,Gainesville,1614,896,908031.85000000,859.704986067394
total_drug_cost,1962843391,ANAND KUMTHEKAR,Student in an Organized Health Care Education/Training Program,NY,Bronx,43482,6379,1537315.45000000,859.545937972888
total_drug_cost,1710141346,JACOB MATHEW,Student in an Organized Health Care Education/Training Program,WA,Bremerton,7225,1153,5310502.05000000,859.082876337259
total_drug_cost,1528178563,NATHALIE KING,Physician Assistant,WI,Racine,3244,1862,3348686.72000000,858.557579398774
total_drug_cost,1174755763,RACHELLE OLSEN,Physician Assistant,CA,Los Angeles,13480,6439,5464483.89000000,857.580471255388
total_drug_cost,1194834747,JOSEPH BLACKSTON,Emergency Medicine Physician,MS,Jackson,493,313,1035344.53000000,857.501222293244
total_drug_cost,1912232646,SUNIL YERRAGONDU,Student in an Organized Health Care Education/Training Program,CT,East Hartford,6408,1206,1369324.31000000,855.797837636203
total_drug_cost,1619141108,KAREN TORIBIO,Student in an Organized Health Care Education/Training Program,LA,New Orleans,4721,1218,4406674.55000000,855.651520183351
total_drug_cost,1538576111,AMANDEEP AUJLA,Student in an Organized Health Care Education/Training Program,CT,Waterford,6408,1206,1369060.27000000,855.632682556684
total_drug_cost,1144501875,CHIOMA MGBOKWERE,Emergency Medicine Physician,TX,Horizon City,4378,2334,918093.16000000,854.872180475519
total_drug_cost,1902137540,HASSAN HATOUM,Student in an Organized Health Care Education/Training Program,OK,Oklahoma City,3870,417,2172589.15000000,854.817653797653
total_drug_cost,1609255025,AMY PHILLIPS,Student in an Organized Health Care Education/Training Program,PA,Philadelphia,14928,2712,1765376.59000000,854.706017576911
total_drug_cost,1790760262,KURT ROSENKRANS,Emergency Medicine Physician,IA,Sioux City,481,250,593334.72000000,853.349119346197
total_drug_cost,1003870031,LAURIE BARKWAY,Emergency Medicine Physician,MI,Tecumseh,2654,1446,424519.08000000,853.028461455879
total_drug_cost,1992877591,YANA POPILEVSKAYA,Surgical Physician Assistant,NY,Liverpool,2074,912,1059801.10000000,852.178124980611
total_drug_cost,1952500803,VIKTORIJA OVERIENE,Student in an Organized Health Care Education/Training Program,ND,Fargo,401,95,2280896.39000000,852.165653415674
total_drug_cost,1336268747,MICHAEL MCNAMARA,Student in an Organized Health Care Education/Training Program,MI,Wyoming,10231,2109,1229414.59000000,851.416268065232
total_drug_cost,1194791178,MA.BELEN CLARK,Emergency Medicine Physician,CA,Vista,6975,3707,670811.81000000,851.400747160215
total_drug_cost,1548206428,H AYRE,Emergency Medicine Physician,VT,Rutland,182,71,399517.74000000,850.776645159761
total_drug_cost,1447452776,MANDIP RAWLA,Student in an Organized Health Care Education/Training Program,VA,Norfolk,7167,1433,1963758.37000000,850.447923046029
total_drug_cost,1184083263,LAUREN STOCK,Physician Assistant,MO,Springfield,1667,783,3586013.39000000,850.037907946524
total_drug_cost,1760537229,NATALIE TAFEL,Physician Assistant,NY,New York,14666,6059,4210858.89000000,849.537723128596
total_drug_cost,1447599501,ERIC DEIN,Student in an Organized Health Care Education/Training Program,MD,Baltimore,7249,977,1115554.75000000,848.564387197083
total_drug_cost,1407146418,CARTER DAVIS,Student in an Organized Health Care Education/Training Program,LA,New Orleans,4721,1218,4363381.20000000,847.238396157514
total_drug_cost,1164788790,STEPHANIE SBONG,Student in an Organized Health Care Education/Training Program,TX,Plano,22576,2979,2492106.86000000,846.678972044241
total_drug_cost,1780647255,JAMES PAAUW,Surgery Physician,MI,Grand Rapids,1509,666,555166.56000000,846.517629544992
total_drug_cost,1104245521,VIKRAM PREMKUMAR,Student in an Organized Health Care Education/Training Program,NJ,Teaneck,9394,1066,3637156.18000000,845.590207233631
total_drug_cost,1821190778,PAUL BENITES,Emergency Medicine Physician,NY,Bronx,4319,1795,578881.42000000,844.429538543967
total_drug_cost,1225294176,DARCI BROWN,Student in an Organized Health Care Education/Training Program,OH,Fairborn,15977,3025,1267702.58000000,844.418086666667
total_drug_cost,1558712729,GLENN HERRINGTON,Pharmacist,NC,Wilmington,9615,749,9500556.51000000,844.319750064971
total_drug_cost,1801242334,MICHAEL TILSON,Student in an Organized Health Care Education/Training Program,MI,Monroe,10231,2109,1218287.61000000,843.703967666523
total_drug_cost,1164884433,EDWARD MCKENNA,Student in an Organized Health Care Education/Training Program,WI,Wausau,3991,834,1601078.66000000,843.106469794698
total_drug_cost,1255379681,RICHARD KANGAH,Surgery Physician,CA,Highland,3327,1378,482346.16000000,841.915068832649
total_drug_cost,1740239854,REINIER ULTEE,Emergency Medicine Physician,NY,Plattsburgh,4319,1795,575888.46000000,840.059378956141
total_drug_cost,1942643754,MONICA CHATWAL,Student in an Organized Health Care Education/Training Program,GA,Atlanta,8522,1224,2168343.11000000,839.667124128777
total_drug_cost,1659527497,GILBERT CHING,Student in an Organized Health Care Education/Training Program,CT,New Britain,6408,1206,1342116.70000000,838.779677535123
total_drug_cost,1073958823,DAVID BLUMENTHAL,Student in an Organized Health Care Education/Training Program,MI,Ypsilanti,10231,2109,1209051.35000000,837.302157680293
total_drug_cost,1033476643,DANIEL RAFII,Student in an Organized Health Care Education/Training Program,NY,Brooklyn,43482,6379,1497151.54000000,837.070862232030
total_drug_cost,1902151251,VIMBAI NYEMBA,Student in an Organized Health Care Education/Training Program,AZ,Tucson,4509,785,2670838.79000000,837.063100747778
total_drug_cost,1568609287,ALAN WEATHERFORD,Emergency Medicine Physician,TN,Lexington,1142,652,1170189.10000000,836.736975393048
total_drug_cost,1225100613,DAWN OWENS-WATTERSON,Student in an Organized Health Care Education/Training Program,NC,Winston Salem,9187,2081,1795224.91000000,836.340074217832
total_drug_cost,1275959363,SHAUNA GALES,Physician Assistant,OH,Cleveland,4893,2451,3039729.57000000,836.149307162945
total_drug_cost,1295116218,GREGORY MCMAHON,Student in an Organized Health Care Education/Training Program,PA,Wynnewood,14928,2712,1726830.47000000,836.028653348539
total_drug_cost,1518486356,MELISSA RUBIANES,Physician Assistant,NY,New York,14666,6059,4142570.40000000,835.749357623318
total_drug_cost,1629221254,GEORGE FROEHLE,Physician Assistant,MN,Minneapolis,3595,1982,4908067.47000000,835.095819189627
total_drug_cost,1003838210,GEORGE IDELKOPE,Emergency Medicine Physician,NH,Hinsdale,342,161,349894.69000000,834.937280955585
total_drug_cost,1114418159,KELSEY CRAMER,Acute Care Nurse Practitioner,WI,Milwaukee,256,103,3122206.89000000,834.086671124139
total_drug_cost,1437299237,SAMUEL DETWEILER,Emergency Medicine Physician,NY,Northville,4319,1795,571465.88000000,833.601764958653
total_drug_cost,1831200245,HECTOR DEPAZ,Surgery Physician,NY,New York,2171,656,493153.73000000,833.412776792096
total_drug_cost,1083784136,EVE COMINOS,Surgery Physician,CA,Martinez,3327,1378,477094.06000000,832.738570108407
total_drug_cost,1518992072,REBECCA BROOKS,Emergency Medicine Physician,NC,New Bern,1837,980,735156.02000000,832.357403006268
total_drug_cost,1093039000,TAMMY MILHOLEN,Surgery Physician,TN,Lexington,705,353,803644.59000000,831.794150043005
total_drug_cost,1295853281,KRISTEN BOARDMAN,Physician Assistant,MI,Ann Arbor,6430,3263,7486859.27000000,831.300855477663
total_drug_cost,1295742849,PADMAJA TANNERU,Emergency Medicine Physician,OH,Reynoldsburg,2616,1447,627510.65000000,831.238915141267
total_drug_cost,1821033424,MOHAMMED ELSAYED,Emergency Medicine Physician,CA,Highland,6975,3707,654597.42000000,830.798682443251
total_drug_cost,1164543252,JULIA CHARLES,Emergency Medicine Physician,MA,Boston,1735,721,668784.14000000,829.955274766562
total_drug_cost,1902812019,JOHN KENDRICK,Surgery Physician,AR,Springdale,286,161,1250021.36000000,829.597367979160
total_drug_cost,1497782809,ANJU SOOD,Emergency Medicine Physician,FL,Margate,3563,2068,735497.37000000,829.567671378950
total_drug_cost,1457585424,NEHA KALARIA,Student in an Organized Health Care Education/Training Program,MD,Baltimore,7249,977,1089770.56000000,828.934562084495
total_drug_cost,1104037506,SAEID SADIGHI,Diagnostic Radiology Physician,CA,South Gate,4044,108,302228.57000000,827.706000995672
total_drug_cost,1417301482,STEPHANIE OSSOWSKI,Student in an Organized Health Care Education/Training Program,CA,San Diego,48939,6099,4590428.92000000,827.316984020121
total_drug_cost,1982010823,MARYAM TAUFEEQ,Student in an Organized Health Care Education/Training Program,OH,Cleveland,15977,3025,1241572.05000000,826.997733333333
total_drug_cost,1548288533,WINSTON YAP,Emergency Medicine Physician,KY,Bedford,858,519,936907.28000000,826.671646553869
total_drug_cost,1295050037,LIJO JOHN,Student in an Organized Health Care Education/Training Program,TX,Longview,22576,2979,2432935.46000000,826.559138957085
total_drug_cost,1073540969,JOEL MYERS,Emergency Medicine Physician,OR,Bend,992,523,457486.47000000,826.328723899405
total_drug_cost,1245288158,BRIAN STEVENS,Surgical Physician Assistant,OH,Lorain,408,211,2422573.08000000,826.120849777589
total_drug_cost,1295714376,FRANCISCO REYTOR,Emergency Medicine Physician,FL,Miami,3563,2068,732138.23000000,825.774844544884
total_drug_cost,1356338412,DONALD HOPKINS,Emergency Medicine Physician,TX,Kempner,4378,2334,886421.62000000,825.350942094026
total_drug_cost,1558306019,MICHAEL BAGWELL,Emergency Medicine Physician,MS,Senatobia,493,313,994505.18000000,823.640786686252
total_drug_cost,1427579283,CHRISTOPHER THOMAS,Student in an Organized Health Care Education/Training Program,OH,Mason,15977,3025,1235436.63000000,822.907453333333
total_drug_cost,1013905629,MICHAEL GORDON,Emergency Medical Services (Emergency Medicine) Physician,FL,Apopka,216,109,583363.83000000,821.577340926197
total_drug_cost,1730323270,HECTOR NARANJO LOPEZ,Student in an Organized Health Care Education/Training Program,FL,Miami,19042,2682,1644601.01000000,821.204414689582
total_drug_cost,1154664597,JASON LING,Student in an Organized Health Care Education/Training Program,CA,Fullerton,48939,6099,4556370.77000000,821.173676642447
total_drug_cost,1790132066,ELCHANAN ORLANSKY,Surgical Physician Assistant,CT,Hartford,632,295,1050657.37000000,819.800929481168
total_drug_cost,1740365733,JODY CHANCE,Emergency Medicine Physician,LA,Shreveport,952,558,841484.24000000,819.672135184369
total_drug_cost,1679624811,KEVIN O'CONNOR,Emergency Medicine Physician,NY,Elmira,4319,1795,561611.30000000,819.212636045807
total_drug_cost,1831137249,CELESTINE JAIN-OFOMA,Emergency Medicine Physician,WI,Eau Claire,1387,791,411611.85000000,818.903222502806
total_drug_cost,1972987758,ABHINAYA JAWAHAR,Student in an Organized Health Care Education/Training Program,TN,Chattanooga,5929,978,1660835.58000000,818.885325884169
total_drug_cost,1013970540,MICHAEL KORDUS,Emergency Medicine Physician,OR,White City,992,523,453248.00000000,818.663841023647
total_drug_cost,1760876056,ALEX BELSHOFF,Surgery Physician,IL,Maywood,1531,557,475082.71000000,818.387080140085
total_drug_cost,1952734436,CHRISTINA LEIGH NOGUERA,Student in an Organized Health Care Education/Training Program,GA,Thomaston,8522,1224,2109687.41000000,816.934446795796
total_drug_cost,1770807992,CARMEN FAMILIA,Student in an Organized Health Care Education/Training Program,NY,Bronx,43482,6379,1460394.01000000,816.501941755990
total_drug_cost,1710984513,WYCHE COLEMAN,Emergency Medicine Physician,LA,Coushatta,952,558,838161.91000000,816.432348887138
total_drug_cost,1609297761,MIGUEL CASTRO,Student in an Organized Health Care Education/Training Program,FL,Weston,19042,2682,1634883.50000000,816.347927730193
total_drug_cost,1992738967,GUS KRUCKE,Emergency Medicine Physician,GA,Gainesville,1614,896,860806.74000000,814.944521935248
total_drug_cost,1801850003,ALEXANDER PINKUSOVICH,Psychiatry Physician,NY,Brooklyn,6050,3077,9934393.65000000,813.785110850318
total_drug_cost,1922260454,JOHN WIRICK,Student in an Organized Health Care Education/Training Program,OH,Cincinnati,15977,3025,1221451.25000000,813.583866666667
total_drug_cost,1811245970,VIRAL GANDHI,Student in an Organized Health Care Education/Training Program,NM,Albuquerque,2240,349,1633819.49000000,813.223275954266
total_drug_cost,1134106784,CLAYTON SYNDERGAARD,Obstetrics & Gynecology Physician,UT,Vernal,373,118,1123343.23000000,813.186618032611
total_drug_cost,1104147990,LANCE MARTIN,Emergency Medicine Physician,TX,Amarillo,4378,2334,873253.30000000,813.076669551428
total_drug_cost,1558543686,MARY BAILEY,Student in an Organized Health Care Education/Training Program,CT,New Haven,6408,1206,1299793.29000000,812.306695622942
total_drug_cost,1104209238,JENNIFER ARNOLD,Physician Assistant,NY,Williamsville,14666,6059,4008346.00000000,808.647644187766
total_drug_cost,1962865642,PETER XIE,Student in an Organized Health Care Education/Training Program,OH,Cleveland,15977,3025,1214006.30000000,808.620566666667
total_drug_cost,1275547242,LLOYD FRUGE,Emergency Medicine Physician,TX,Atlanta,4378,2334,867025.69000000,807.271875741056
total_drug_cost,1457618480,RONGRONG GE,Student in an Organized Health Care Education/Training Program,PA,Harrisburg,14928,2712,1666588.32000000,806.838566837880
total_drug_cost,1962633800,ERIKA STENSEN,Physician Assistant,CO,Durango,3792,1901,3887440.36000000,805.474295568653
total_drug_cost,1396823167,SUSAN KAO,Hospitalist Physician,CA,Berkeley,1831,1039,7541718.76000000,805.230993072378
total_drug_cost,1336526235,BRANDON HAUBNER,Student in an Organized Health Care Education/Training Program,NC,Asheville,9187,2081,1727442.97000000,804.736115659261
total_drug_cost,1659716876,ERIC WIRTSCHAFTER,Student in an Organized Health Care Education/Training Program,CA,Santa Monica,48939,6099,4464083.02000000,804.527087927443
total_drug_cost,1497142665,AMRUTHA IDUPUGANTI,Student in an Organized Health Care Education/Training Program,NY,Williamsville,43482,6379,1438846.01000000,804.444028767339
total_drug_cost,1952565368,DMITRIY ACHERKAN,Emergency Medicine Physician,IA,Coralville,481,250,559039.57000000,803.973297717134
total_drug_cost,1467486480,CORRINE GIGGEE,Surgical Physician Assistant,NE,Omaha,117,74,1099891.19000000,802.927475317169
total_drug_cost,1427204221,AVNEET SINGH,Student in an Organized Health Care Education/Training Program,NY,Syracuse,43482,6379,1436096.11000000,802.905229114124
total_drug_cost,1235175233,WALTER MAIER,Emergency Medicine Physician,CA,Lake Arrowhead,6975,3707,632550.46000000,802.785732419704
total_drug_cost,1194844324,JENNIFER NASH,Student in an Organized Health Care Education/Training Program,MI,Midland,10231,2109,1158883.03000000,802.529635905420
total_drug_cost,1912171570,JEFF CROTEAU,Student in an Organized Health Care Education/Training Program,VA,Roanoke,7167,1433,1852326.25000000,802.149858580893
total_drug_cost,1033349246,RACHEL MCKENNEY,Student in an Organized Health Care Education/Training Program,WI,La Crosse,3991,834,1523094.58000000,802.006896056101
total_drug_cost,1952712234,LEONARD NAYMAGON,Student in an Organized Health Care Education/Training Program,NY,New York,43482,6379,1434150.51000000,801.816502758512
total_drug_cost,1912983560,DIANE JACOBI,Emergency Medicine Physician,MO,Mexico,1322,677,635709.03000000,801.258492002469
total_drug_cost,1831178524,JEFFREY HAMBY,Emergency Medicine Physician,AR,Van Buren,464,309,1057270.12000000,800.515227546021
total_drug_cost,1265726327,EMILEE BOCKER,Emergency Medicine Physician,IL,Amboy,2986,1493,500596.43000000,799.410608476143
total_drug_cost,1427180868,EDWARD RHIM,Emergency Medicine Physician,TN,Murfreesboro,1142,652,1117960.40000000,799.352175034357
total_drug_cost,1558471433,KIRAN MARIWALLA,Emergency Medicine Physician,CA,Solvang,6975,3707,629670.17000000,799.126025148347
total_drug_cost,1528268703,JADE HOY,Emergency Medicine Physician,AL,Montgomery,664,396,1760568.78000000,798.315939071700
total_drug_cost,1932143666,JUNAID MEMON,Emergency Medicine Physician,AL,Scottsboro,664,396,1760167.01000000,798.133580560883
total_drug_cost,1497011134,MEAGHAN STUMPF,Student in an Organized Health Care Education/Training Program,VA,Charlottesville,7167,1433,1842160.25000000,797.743605488404
total_drug_cost,1497752919,EMILY LEVANDUSKY,Physician Assistant,NY,Cheektowaga,14666,6059,3952237.18000000,797.318518031516
total_drug_cost,1477781102,SHERIF GOBRIAL,Student in an Organized Health Care Education/Training Program,WI,West Allis,3991,834,1514124.86000000,797.279627765515
total_drug_cost,1104054139,JOANN KANG,Student in an Organized Health Care Education/Training Program,NY,Bronx,43482,6379,1424241.96000000,796.271838114754
total_drug_cost,1972766954,CHARLENE ROBERTSON,Student in an Organized Health Care Education/Training Program,FL,Orange City,19042,2682,1593823.67000000,795.827595983714
total_drug_cost,1114137064,JASON SMITH,Student in an Organized Health Care Education/Training Program,TX,San Marcos,22576,2979,2337805.08000000,794.212306414373
total_drug_cost,1609837087,MATTHEW FRENCH,Surgery Physician,LA,Covington,462,233,792047.60000000,793.932483391595
total_drug_cost,1295963387,EMILY COLLIER,Student in an Organized Health Care Education/Training Program,CT,New Haven,6408,1206,1270379.92000000,793.908848852413
total_drug_cost,1740515097,SKYE NEHS,Naturopath,OR,Gresham,1013,202,1432252.35000000,793.773642276974
total_drug_cost,1487661955,WARREN LEE,Physician Assistant,IL,Champaign,4437,2180,3720947.72000000,793.578858368409
total_drug_cost,1689895260,DONNA ROBBINS,Surgical Physician Assistant,MA,Dedham,520,299,732564.97000000,793.203340614757
total_drug_cost,1699018531,ALEXANDER MALEY,Student in an Organized Health Care Education/Training Program,WI,New Berlin,3991,834,1506107.12000000,793.054076905046
total_drug_cost,1154068757,CASSIDY SHIVE,Student in an Organized Health Care Education/Training Program,NC,Gastonia,9187,2081,1701455.40000000,792.619169975529
total_drug_cost,1902000854,ALLEN JOO,Student in an Organized Health Care Education/Training Program,CA,Sylmar,48939,6099,4394499.15000000,791.975757278594
total_drug_cost,1710399860,NOUH MAZLOUM,Emergency Medicine Physician,MI,Wayne,2654,1446,393838.12000000,791.315201324069
total_drug_cost,1285958223,BRODI LYNCH,Student in an Organized Health Care Education/Training Program,MI,Standish,10231,2109,1142666.53000000,791.289702031568
total_drug_cost,1447773643,MORGAN SIMMONS,Emergency Medicine Physician,SC,Greenville,1197,744,781563.17000000,791.085187928159
total_drug_cost,1629044334,JOHN OSBORN,Emergency Medicine Physician,OK,Miami,688,460,843330.16000000,790.229769884546
total_drug_cost,1952362048,KERSTIN STEPHENS,Surgical Physician Assistant,KS,Kansas City,102,59,1709578.96000000,790.001695287211
total_drug_cost,1487040861,JEANIE LEE,Student in an Organized Health Care Education/Training Program,NY,Bronx,43482,6379,1411367.74000000,789.067632408575
total_drug_cost,1992020457,KATHERINE SCILLA,Student in an Organized Health Care Education/Training Program,MD,Baltimore,7249,977,1036326.34000000,788.246811494746
total_drug_cost,1831488337,CHARLENE LEE,Student in an Organized Health Care Education/Training Program,CA,San Jose,48939,6099,4373628.50000000,788.211171764646
total_drug_cost,1932526977,LISA DOMARADZKI,Student in an Organized Health Care Education/Training Program,FL,Miami,19042,2682,1578314.20000000,788.076480852159
total_drug_cost,1215331152,JAMES CAI,Physician Assistant,NJ,Edison,3178,1430,2358935.40000000,787.112549416597
total_drug_cost,1740321090,BROOK GRAM,Physician Assistant,OH,Beloit,4893,2451,2860076.07000000,786.688993057058
total_drug_cost,1932363777,SHEILA SANTA,Student in an Organized Health Care Education/Training Program,OH,Columbus,15977,3025,1180311.16000000,786.157140000000
total_drug_cost,1205298072,LAURA HANSON,Student in an Organized Health Care Education/Training Program,NC,Pinehurst,9187,2081,1683530.12000000,784.261341824391
total_drug_cost,1871524348,MARIA BERDAYES,Emergency Medicine Physician,TX,Kingwood,4378,2334,842039.62000000,783.982205308652
total_drug_cost,1174652143,BENJAMIN PROHASKA,Physician Assistant,NV,Reno,1032,538,6736392.30000000,783.886836301867
total_drug_cost,1093792103,JUAN CHANG,Emergency Medicine Physician,IN,Indianapolis,1125,691,698357.49000000,782.583067660417
total_drug_cost,1568874469,BRENT MCMILLION,Emergency Medicine Physician,PA,Pittsburgh,3616,1743,448329.98000000,782.520019118676
total_drug_cost,1659766152,LOREN RABINOWITZ,Student in an Organized Health Care Education/Training Program,MA,Boston,14128,1958,1096793.28000000,782.470609189653
total_drug_cost,1366901282,ZEV LATI,Student in an Organized Health Care Education/Training Program,NY,Brooklyn,43482,6379,1399473.81000000,782.411981163304
total_drug_cost,1366435000,MILCIADES MERCEDES MALDONADO,Student in an Organized Health Care Education/Training Program,PR,Guaynabo,3496,215,1061315.03000000,781.814030232304
total_drug_cost,1770803645,BENJAMIN TEPLY,Student in an Organized Health Care Education/Training Program,NE,Omaha,984,210,3024554.62000000,781.692387268673
total_drug_cost,1174514558,KACIE CARLSON,Physician Assistant,CT,New Haven,2236,1057,3306764.57000000,781.410647127924
total_drug_cost,1730290545,TRAVIS BUZZARD,Emergency Medicine Physician,ID,Post Falls,299,171,418791.09000000,780.504891787948
total_drug_cost,1649667999,VISHAL KOCHAR,Student in an Organized Health Care Education/Training Program,CT,Bloomfield,6408,1206,1247202.45000000,779.411511703065
total_drug_cost,1972619013,JAGMOHAN SINGH,Emergency Medicine Physician,NY,Montour Falls,4319,1795,533831.29000000,778.649756137161
total_drug_cost,1699723569,THOMAS CALL,Emergency Medicine Physician,ID,Blackfoot,299,171,417482.78000000,778.063258521941
total_drug_cost,1518041615,PETER HEDERA,Neurological Surgery Physician,KY,Louisville,105,57,1430534.18000000,777.545651496938
total_drug_cost,1831195395,KARA WOODS,Physician Assistant,NY,Buffalo,14666,6059,3853998.30000000,777.482765560359
total_drug_cost,1316918782,KENNETH WARNOCK,Surgery Physician,TX,Wichita Falls,2473,1064,633146.20000000,777.225854794046
total_drug_cost,1760612113,VIJAYA BHATT,Student in an Organized Health Care Education/Training Program,NE,Omaha,984,210,3006073.09000000,776.911651667015
total_drug_cost,1821062985,WILLIAM DEMPSEY,Emergency Medicine Physician,PA,South Abington Township,3616,1743,444634.31000000,776.062338190720
total_drug_cost,1144887308,MACKENZIE BOTH,Physician Assistant,NY,Rochester,14666,6059,3846880.55000000,776.045596008430
total_drug_cost,1770993594,KARTHIK RAVINDRAN,Student in an Organized Health Care Education/Training Program,MI,Saginaw,10231,2109,1119033.55000000,774.909278855047
total_drug_cost,1194109041,RAHUL THAMPI,Student in an Organized Health Care Education/Training Program,MO,Cape Girardeau,4278,705,1773061.67000000,774.904652164185
total_drug_cost,1093855819,KATHERINE LAMBERT,Physician Assistant,MD,Dunkirk,3091,1254,2228999.33000000,774.777617866731
total_drug_cost,1558307280,JOHN MULLINS,Emergency Medicine Physician,ID,Nampa,299,171,415562.09000000,774.478771208013
total_drug_cost,1386646669,EDWARD ZIMMERMAN,Emergency Medicine Physician,WY,Worland,108,58,281242.32000000,774.441686075742
total_drug_cost,1437380789,SINA TEBI,Student in an Organized Health Care Education/Training Program,CA,Los Angeles,48939,6099,4296103.70000000,774.227479879071
total_drug_cost,1245292085,MARCELLE MAHAN,Emergency Medicine Physician,CA,Eureka,6975,3707,609948.78000000,774.067953084676
total_drug_cost,1407374408,CARLY SWINT,Physician Assistant,CO,Centennial,3792,1901,3735824.69000000,774.032495415848
total_drug_cost,1275742090,ASHAR LUQMAN,Student in an Organized Health Care Education/Training Program,IA,Sioux City,1279,262,2551578.14000000,773.611994986874
total_drug_cost,1356895494,AMULYA YELLALA,Student in an Organized Health Care Education/Training Program,PA,Pittsburgh,14928,2712,1597440.66000000,773.333352010560
total_drug_cost,1124435003,THEIN SWE,Student in an Organized Health Care Education/Training Program,CA,Modesto,48939,6099,4284355.07000000,772.108297088563
total_drug_cost,1063945475,JOHN COLEMAN,Student in an Organized Health Care Education/Training Program,MS,Forest,2070,358,1499188.71000000,771.078419133923
total_drug_cost,1609173038,BRANDON KING,Student in an Organized Health Care Education/Training Program,OK,Gore,3870,417,1959087.25000000,770.745593811664
total_drug_cost,1184949414,MATTHEW SCHINDLER,Student in an Organized Health Care Education/Training Program,CT,Waterbury,6408,1206,1232860.91000000,770.440983831780
total_drug_cost,1639308786,NAMITA GUPTA,Student in an Organized Health Care Education/Training Program,MO,Kansas City,4278,705,1760522.42000000,769.419462189997
total_drug_cost,1437486784,AMY OEBSER,Surgical Physician Assistant,WI,Ladysmith,288,174,701962.45000000,768.867285901218
total_drug_cost,1861846263,IAN KAHANE,Student in an Organized Health Care Education/Training Program,FL,Bradenton,19042,2682,1539565.37000000,768.711109724517
total_drug_cost,1437299088,KERRY BIERMANN,Emergency Medicine Physician,WA,Camas,1362,682,534140.79000000,767.987135366752
total_drug_cost,1760456412,PAUL DAVIDSON,Emergency Medicine Physician,CO,Littleton,1362,572,299888.16000000,767.531054121312
total_drug_cost,1487888103,TASHA KOUVATSOS,Student in an Organized Health Care Education/Training Program,PA,Philadelphia,14928,2712,1585394.23000000,767.496303800219
total_drug_cost,1063809713,DAVID MOFFAT,Surgery Physician,SC,Columbia,690,337,616568.64000000,766.510886747721
total_drug_cost,1225118573,JOHN GOSS,Surgery Physician,TX,Houston,2473,1064,623643.59000000,765.549058151610
total_drug_cost,1053602672,MARIAM AZEEM,Student in an Organized Health Care Education/Training Program,CT,Farmington,6408,1206,1223616.53000000,764.658692080493
total_drug_cost,1760604706,SHEHZAD SHEIKH,Student in an Organized Health Care Education/Training Program,NC,Chapel Hill,9187,2081,1640911.29000000,764.389916823354
total_drug_cost,1447471602,NINA CASANOVA,Surgery Physician,CO,Denver,633,257,235193.49000000,764.369592595273
total_drug_cost,1194949818,TONY TRAN,Emergency Medicine Physician,CA,Stockton,6975,3707,602129.23000000,764.132403541490
total_drug_cost,1629381363,DHARMESH MEHTA,Student in an Organized Health Care Education/Training Program,OH,Mayfield Village,15977,3025,1146825.08000000,763.833086666667
total_drug_cost,1063709665,URIEL FELSEN,Student in an Organized Health Care Education/Training Program,NY,Bronx,43482,6379,1365841.40000000,763.591827395965
total_drug_cost,1427503515,MICHAEL FLORES,Physician Assistant,CA,Lynwood,13480,6439,4860641.80000000,762.737341831281
total_drug_cost,1437387677,JOSHUA ALEXANDER,Neuromusculoskeletal Medicine & OMM Physician,CA,San Diego,236,95,1859636.33000000,762.304992721134
total_drug_cost,1558350082,DIANNA ANDREWS,Emergency Medicine Physician,IN,Sharpsville,1125,691,680019.38000000,762.005358507046
total_drug_cost,1407080849,RAMIT PANARA,Student in an Organized Health Care Education/Training Program,FL,Lake Mary,19042,2682,1524271.67000000,761.067829232827
total_drug_cost,1861804684,KRISHNA UPADHYAYA,Student in an Organized Health Care Education/Training Program,WI,Milwaukee,3991,834,1445231.49000000,760.971087093939
total_drug_cost,1568800480,LAURA SANTORO,Emergency Medicine Physician,MI,Marquette,2654,1446,378675.60000000,760.816529150389
total_drug_cost,1043566235,YEZAZ GHOURI,Student in an Organized Health Care Education/Training Program,MO,Columbia,4278,705,1739963.22000000,760.426012205562
total_drug_cost,1316128937,KARIM PARACHA,Surgery Physician,NY,East Setauket,2171,656,449713.46000000,759.934758121952
total_drug_cost,1285922187,MICHAEL LEVIN,Surgery Physician,MI,Royal Oak,1509,666,497858.68000000,759.058831300767
total_drug_cost,1881711125,ALVIN KINGCADE,Physician Assistant,NJ,Marlton,3178,1430,2273755.12000000,758.664504190155
total_drug_cost,1689921934,HONG CHEN,Physician Assistant,NY,Brooklyn,14666,6059,3758960.74000000,758.293402696869
total_drug_cost,1770950107,MICHAEL GENIN,Physician Assistant,IL,Springfield,4437,2180,3553523.35000000,757.839970601779
total_drug_cost,1255541108,MEGAN DEVINE,Student in an Organized Health Care Education/Training Program,TX,Tyler,22576,2979,2230267.44000000,757.646678976342
total_drug_cost,1952664989,DIANA MARIE JAIYEOLA,Surgery Physician,PA,Fountain Hill,1988,703,451802.38000000,756.730788118320
total_drug_cost,1063427532,RAJEEV BAIS,Emergency Medicine Physician,NC,Durham,1837,980,667566.18000000,755.748239552001
total_drug_cost,1306089867,RESHMI SRINATH,Student in an Organized Health Care Education/Training Program,NY,New York,43482,6379,1351275.04000000,755.440727459016
total_drug_cost,1922088855,RONALD KLINE,Emergency Medicine Physician,MN,Jackson,1265,680,288356.18000000,755.046152727025
total_drug_cost,1326399148,LAINE MARKHAM,Surgical Physician Assistant,TX,Fort Worth,1170,307,1068209.26000000,754.601908344604
total_drug_cost,1760058648,SEAN GOONAN,Physician Assistant,NY,Rochester,14666,6059,3738484.52000000,754.158978205619
total_drug_cost,1639145659,MIKHAIL SHPAK,Emergency Medicine Physician,NY,Brooklyn,4319,1795,516335.37000000,753.103152595575
total_drug_cost,1942210893,PAMELA BURIAN,Physician Assistant,CA,Los Angeles,13480,6439,4795748.36000000,752.544781506950
total_drug_cost,1033311386,MAGDALENE SZUSZKIEWICZ-GARCIA,Student in an Organized Health Care Education/Training Program,TX,Mansfield,22576,2979,2214908.33000000,752.424177403500
total_drug_cost,1447693007,SHEREEN MAHMOOD,Student in an Organized Health Care Education/Training Program,NY,Manhasset,43482,6379,1345851.96000000,752.406059426230
total_drug_cost,1811166739,JONIDA COTE,Student in an Organized Health Care Education/Training Program,PA,Wilkes Barre,14928,2712,1551158.46000000,750.907501971947
total_drug_cost,1194107102,RADHIKA ANNAM,Student in an Organized Health Care Education/Training Program,IL,Effingham,10607,1520,1519258.01000000,750.760452214294
total_drug_cost,1487687513,BENSON GRIGSBY,Emergency Medicine Physician,LA,Ruston,952,558,770751.08000000,750.696349357005
total_drug_cost,1285835926,BRUCE CHEN,Emergency Medicine Physician,OH,Chillicothe,2616,1447,565731.67000000,749.309888952242
total_drug_cost,1063700490,YAN YAN XIE,Student in an Organized Health Care Education/Training Program,NY,Great Neck,43482,6379,1339850.37000000,749.047666535309
total_drug_cost,1285926808,ANDREW SCHISSLER,Student in an Organized Health Care Education/Training Program,MD,Upper Marlboro,7249,977,983849.56000000,748.295585031096
total_drug_cost,1285740290,TERRY SMITH,Emergency Medicine Physician,MT,Polson,243,139,307427.85000000,748.013190195795
total_drug_cost,1407820590,BERNARD EISENGA,Emergency Medicine Physician,MI,Grand Rapids,2654,1446,371355.71000000,746.092926117556
total_drug_cost,1114347788,MICHAEL BELSKY,Student in an Organized Health Care Education/Training Program,DC,Washington,3063,403,801808.93000000,745.988087256987
total_drug_cost,1447233101,KIMBERLY CELOTTO,Physician Assistant,NY,Buffalo,14666,6059,3694394.76000000,745.256662077089
total_drug_cost,1730688409,NARIFA AZIZ,Physician Assistant,NY,New York,14666,6059,3693440.65000000,745.064014422818
total_drug_cost,1750310082,ROBERT SQUIRE,Emergency Medicine Physician,VA,Emporia,1564,768,653816.70000000,744.810992429174
total_drug_cost,1578868840,LINDSEY SHANAHAN,Medical Physician Assistant,MA,Worcester,916,477,8792668.50000000,743.678383551242
total_drug_cost,1174586275,NISHUA BENDT,Emergency Medicine Physician,MO,Springfield,1322,677,587797.97000000,740.802754415011
total_drug_cost,1669805784,KAY WIN,Student in an Organized Health Care Education/Training Program,PA,Philadelphia,14928,2712,1528289.02000000,739.826208690577
total_drug_cost,1073976338,KURT ASHACK,Student in an Organized Health Care Education/Training Program,MI,Grand Rapids,10231,2109,1068204.41000000,739.678731420967
total_drug_cost,1851783245,ANDREW VOGEL,Student in an Organized Health Care Education/Training Program,OH,Cincinnati,15977,3025,1110574.20000000,739.665833333333
total_drug_cost,1851667596,MICHELLE LEVY,Student in an Organized Health Care Education/Training Program,CO,Denver,5362,865,2456625.98000000,738.697394457013
total_drug_cost,1225505944,MORGAN MUELLER,Physician Assistant,OK,Oklahoma City,1760,782,5124321.61000000,738.642397041569
part_d_total_claims,1649365529,RUSHDI ALUL,Emergency Medicine Physician,IL,Chicago,2986,1493,328138.00000000,4175.002283018868
part_d_total_claims,1699718031,ANNETTE WAGNER,Obstetrics & Gynecology Physician,PA,Wilkes Barre,1949,850,237578.00000000,3725.687023255814
part_d_total_claims,1356534994,CEDRIC DAVIS,Hospitalist Physician,AZ,Parker,394,224,571889.00000000,3135.210351626016
part_d_total_claims,1538169388,STEPHANIE HAN,Radiation Oncology Physician,TX,El Paso,385,175,251711.00000000,2782.378844262295
part_d_total_claims,1457394306,JUNG LEE,Surgery Physician,NY,Flushing,2171,656,59873.00000000,1494.692000000000
part_d_total_claims,1265429617,JOHN BOGDASARIAN,Otolaryngology Physician,MA,Fitchburg,363,205,264661.00000000,1415.909329365079
part_d_total_claims,1578727327,LINDSAY WEAVER,Emergency Medicine Physician,IN,Indianapolis,1125,691,151081.00000000,1414.201666666667
part_d_total_claims,1326495474,JANELLE DUAH,Student in an Organized Health Care Education/Training Program,CT,Bridgeport,6408,1206,98416.00000000,1382.092656250000
part_d_total_claims,1457435760,SCOTT MURRAY,Emergency Medicine Physician,IA,Sioux City,481,250,91964.00000000,1137.132743119266
part_d_total_claims,1467569822,ANTHONY OLIVA,Hospitalist Physician,TX,San Antonio,1075,625,202408.00000000,1118.199368852459
part_d_total_claims,1720045826,REBECCA ZULIM,Surgery Physician,CA,Visalia,3327,1378,49870.00000000,933.301902777778
part_d_total_claims,1912295429,NADINE REGIS,Student in an Organized Health Care Education/Training Program,NY,Bronx,43482,6379,65311.00000000,814.945888888889
part_d_total_claims,1164450573,ALEXANDER FRANK,Emergency Medicine Physician,OK,Oklahoma City,688,460,95587.00000000,809.892088050314
part_d_total_claims,1598712978,MICHAEL BAZEL,Emergency Medicine Physician,CA,Bell,6975,3707,61703.00000000,755.709800000000
part_d_total_claims,1427213842,HARSHUL PATEL,Pharmacist,KY,Hopkinsville,4125,148,20226.00000000,664.415402439024
part_d_total_claims,1972641074,MARC WATKINS,General Practice Physician,TN,Nashville,148,61,261252.00000000,640.029370909091
part_d_total_claims,1558372086,GREGORY HEALEY,Emergency Medicine Physician,NY,Canton,4319,1795,40575.00000000,607.274833333333
part_d_total_claims,1093758724,GEORGE PURSLEY,Emergency Medicine Physician,GA,Martinez,1614,896,78144.00000000,587.873851955307
part_d_total_claims,1346343225,FERNANDO GONZALES,Diagnostic Radiology Physician,CA,Whittier,4044,108,5977.00000000,574.192214285714
part_d_total_claims,1073541546,JEREMY CUSHMAN,Emergency Medicine Physician,NY,Rochester,4319,1795,37095.00000000,555.113500000000
part_d_total_claims,1164840724,ABBAS HASNAIN,Hospitalist Physician,CA,Fresno,1831,1039,83561.00000000,541.098168269231
part_d_total_claims,1841253705,MICHAEL STANFORD,Emergency Medicine Physician,AL,Trussville,664,396,117519.00000000,529.338125418060
part_d_total_claims,1831209147,R HALL,Thoracic Surgery (Cardiothoracic Vascular Surgery) Physician,GA,Savannah,130,50,40423.00000000,528.572252427184
part_d_total_claims,1164755872,JASON MCELYEA,Emergency Medicine Physician,OK,Mcalester,688,460,59890.00000000,507.028861635220
part_d_total_claims,1306089222,MANISH MISHRA,Student in an Organized Health Care Education/Training Program,PA,Pottsville,14928,2712,48742.00000000,475.649579710145
part_d_total_claims,1043380413,MARK TURPEN,Emergency Medicine Physician,CO,Durango,1362,572,22639.00000000,441.592217391304
part_d_total_claims,1467510040,ADELAIDA BUSTOS,Diagnostic Radiology Physician,CA,Los Angeles,4044,108,4578.00000000,439.388571428571
part_d_total_claims,1326031006,SHYAM AKKULUGARI,Emergency Medicine Physician,KS,Overland Park,417,241,39111.00000000,438.559900000000
part_d_total_claims,1407903644,COREY FINCH,Emergency Medicine Physician,OK,Oklahoma City,688,460,51228.00000000,433.538056603774
part_d_total_claims,1043262538,MOHAMMAD ABUTINEH,Hospitalist Physician,TN,Memphis,365,231,68613.00000000,423.666444954128
part_d_total_claims,1194866194,GIUSEPPE MARZELLA,Pediatrics Physician,NJ,East Hanover,2215,106,12185.00000000,420.421038461538
part_d_total_claims,1386830776,GABRIEL OBOITE,Pharmacist,MD,Greenbelt,5524,921,18684.00000000,418.819533333333
part_d_total_claims,1184891624,ANUJ VOHRA,Emergency Medicine Physician,NY,New Windsor,4319,1795,27459.00000000,410.680566666667
part_d_total_claims,1295771954,HON YUEN WONG,Emergency Medicine Physician,MD,Rockville,1124,456,24962.00000000,409.651817073171
part_d_total_claims,1528263852,NAKIZITO KAZIGO,Emergency Medicine Physician,TX,Arlington,4378,2334,48531.00000000,408.241125000000
part_d_total_claims,1134506660,HALEY KEY,Women's Health Nurse Practitioner,WA,Bellevue,215,41,18393.00000000,399.173451612903
part_d_total_claims,1720258221,TOU VUE,Naturopath,CA,Sacramento,916,121,11220.00000000,397.174000000000
part_d_total_claims,1780776435,PHILIP ELANGWE,Student in an Organized Health Care Education/Training Program,AR,Fort Smith,2735,425,52386.00000000,391.802061111111
part_d_total_claims,1467430900,RONALD CABLE,Emergency Medicine Physician,OK,Oklahoma City,688,460,46010.00000000,389.267100628931
part_d_total_claims,1255694451,MOHAMMAD FAIZUL SUHAIL,Student in an Organized Health Care Education/Training Program,NY,Bronx,43482,6379,30701.00000000,382.641351851852
part_d_total_claims,1225100613,DAWN OWENS-WATTERSON,Student in an Organized Health Care Education/Training Program,NC,Winston Salem,9187,2081,40904.00000000,372.023209459459
part_d_total_claims,1114963196,PAUL YUTAN,Acupuncturist,OR,Lake Oswego,1638,39,8811.00000000,370.258343750000
part_d_total_claims,1184063067,KEITH ROSENBERG,Emergency Medicine Physician,ME,Biddeford,423,218,23629.00000000,369.571098837209
part_d_total_claims,1164545224,KERRY WHEELER,Surgery Physician,SC,Chapin,690,337,25245.00000000,369.127456521739
part_d_total_claims,1023065968,DOUGLAS STERN,Emergency Medicine Physician,PA,Mc Connellsburg,3616,1743,25070.00000000,366.605413043478
part_d_total_claims,1386689453,LORAINE DIEGO,Obstetrics & Gynecology Physician,CA,Los Angeles,4940,2109,22035.00000000,361.564902439024
part_d_total_claims,1629568167,VEERABADRAN RAVICHANDRAN,Surgery Physician,NY,Bronx,2171,656,14491.00000000,360.982407407407
part_d_total_claims,1174518708,RICHARD MARASA,Emergency Medicine Physician,VT,Windsor,182,71,14764.00000000,354.618375000000
part_d_total_claims,1760656193,JOSEPH REES,Hospitalist Physician,SD,Sioux Falls,60,36,26078.00000000,354.487222222222
part_d_total_claims,1699710319,KEVIN NEESE,Hospitalist Physician,IN,Indianapolis,344,218,81822.00000000,348.464629746835
part_d_total_claims,1114127396,WINNIE MANN,Specialist,WA,Redmond,2849,140,145264.00000000,344.887195767196
part_d_total_claims,1699167163,ANTON FURMAN,Student in an Organized Health Care Education/Training Program,PA,Levittown,14928,2712,35139.00000000,342.675326086957
part_d_total_claims,1639279417,ARMAGHAN AZAD,Family Medicine Physician,CA,Moreno Valley,15915,10723,665901.00000000,336.215226931733
part_d_total_claims,1598936726,KRIKOR TATOYAN,Surgery Physician,CA,Van Nuys,3327,1378,17980.00000000,335.807319444444
part_d_total_claims,1245237825,ANN HAGEDORN,Hospitalist Physician,IL,Greenville,825,465,36182.00000000,328.891668918919
part_d_total_claims,1194872713,JYOTHI GUDLA,Hospitalist Physician,OH,Canton,662,363,43874.00000000,327.926911111111
part_d_total_claims,1114920485,ROBERT HUNTER,Emergency Medicine Physician,OH,Huber Heights,2616,1447,28028.00000000,314.047200000000
part_d_total_claims,1336526235,BRANDON HAUBNER,Student in an Organized Health Care Education/Training Program,NC,Asheville,9187,2081,34505.00000000,313.697189189189
part_d_total_claims,1164474763,JOHN BAUER,Pediatrics Physician,MO,Cape Girardeau,2069,102,25608.00000000,313.225536363636
part_d_total_claims,1881783181,H THOMAS SNYDER,Obstetrics & Gynecology Physician,OK,Enid,437,199,21197.00000000,309.815445652174
part_d_total_claims,1639189848,GEERTRUIDA KINTS,Emergency Medicine Physician,KY,Ashland,858,519,38037.00000000,304.400244047619
part_d_total_claims,1427389766,SHAUN GILL,Internal Medicine Physician,PA,Doylestown,8493,4935,210039.00000000,297.548220000000
part_d_total_claims,1063771301,LUIS CORREA,Pediatrics Physician,NJ,West New York,2215,106,8606.00000000,296.624346153846
part_d_total_claims,1730344748,NIKOLAI ZDRALE,Student in an Organized Health Care Education/Training Program,PA,Mt Lebanon,14928,2712,30310.00000000,295.470101449275
part_d_total_claims,1184650871,SUREKHA VETSA,Emergency Medicine Physician,CA,Sunnyvale,6975,3707,24001.00000000,293.346181818182
part_d_total_claims,1073871067,JASON ZIMMERMAN,Emergency Medicine Physician,NY,Brooklyn,4319,1795,19578.00000000,292.553133333333
part_d_total_claims,1316208895,PAUL SCHWARTZ,Acupuncturist,WA,Federal Way,1577,36,4691.00000000,286.141295454545
part_d_total_claims,1619918752,DAVID PETERSON,Emergency Medicine Physician,MA,Westfield,1735,721,19323.00000000,282.454206521739
part_d_total_claims,1558447607,TSOVINAR TEKKELIAN,Infectious Disease Physician,CA,Glendale,880,462,75483.00000000,275.146646341463
part_d_total_claims,1407849433,JAMES WILLIAMS,Surgery Physician,WI,Green Bay,773,334,15543.00000000,274.823250000000
part_d_total_claims,1962686030,STANLEY BOUCREE,Dentist,MD,Silver Spring,1892,692,7948.00000000,273.674051282051
part_d_total_claims,1265459218,PAUL BULAT,Emergency Medicine Physician,MA,Fall River,1735,721,18515.00000000,270.606467391304
part_d_total_claims,1881754281,SHAHZAD KHURSHID,Hospice and Palliative Medicine (Internal Medicine) Physician,FL,Daytona Beach,141,67,55975.00000000,268.908696428571
part_d_total_claims,1932113446,FAIYAZ HAKIM,Emergency Medicine Physician,MA,Westborough,1735,721,18251.00000000,266.735423913043
part_d_total_claims,1841213071,OSCAR LINDO,Surgery Physician,FL,Weeki Wachee,2075,914,18588.00000000,265.774526595745
part_d_total_claims,1992764591,DANIEL BAUER,Internal Medicine Physician,NC,Charlotte,4861,3220,289508.00000000,265.152883253914
part_d_total_claims,1942621263,NILAR TUN,Student in an Organized Health Care Education/Training Program,NY,New York,43482,6379,21278.00000000,264.941101851852
part_d_total_claims,1639476690,REMYA THARACKAL-RAVINDRAN,Student in an Organized Health Care Education/Training Program,MA,Brockton,14128,1958,14545.00000000,264.239932432432
part_d_total_claims,1174573224,STEPHEN CANOWITZ,Pediatrics Physician,OH,Gahanna,3075,185,34324.00000000,262.319181818182
part_d_total_claims,1285047092,JACK JANANI,Hospitalist Physician,NY,Brooklyn,1261,596,31105.00000000,261.402475000000
part_d_total_claims,1487652350,JAVED MALIK,Emergency Medicine Physician,AZ,Bullhead City,1386,644,16324.00000000,261.079678571429
part_d_total_claims,1477781102,SHERIF GOBRIAL,Student in an Organized Health Care Education/Training Program,WI,West Allis,3991,834,30068.00000000,260.892248387097
part_d_total_claims,1760653612,WILLIE LANDRUM,Hospitalist Physician,GA,Newnan,487,319,41469.00000000,258.033722222222
part_d_total_claims,1538168174,SAMVEL HMAYAKYAN,Hospice and Palliative Medicine (Family Medicine) Physician,CA,Glendale,102,57,64399.00000000,256.210221893491
part_d_total_claims,1770599516,CLIFFORD VOGAN,Emergency Medicine Physician,PA,Kittanning,3616,1743,17237.00000000,251.749793478261
part_d_total_claims,1750368825,JAMES DEMIDOVICH,General Practice Physician,OH,Canfield,301,81,42217.00000000,251.242296460177
part_d_total_claims,1720424831,STEVEN DAYTON,Surgery Physician,TX,Beeville,2473,1064,19082.00000000,248.942888349515
part_d_total_claims,1841432150,EMILY WORTHINGTON,Hospitalist Physician,KS,Lenexa,109,74,22774.00000000,248.797276422764
part_d_total_claims,1447366018,ARA SOGHOMONIAN,Hospitalist Physician,CA,Fresno,1831,1039,38336.00000000,247.787951923077
part_d_total_claims,1104037506,SAEID SADIGHI,Diagnostic Radiology Physician,CA,South Gate,4044,108,2556.00000000,244.554428571429
part_d_total_claims,1770747263,MICHAEL MIROCHNA,Student in an Organized Health Care Education/Training Program,IN,Valparaiso,5589,994,34162.00000000,244.326861702128
part_d_total_claims,1053373399,KEVIN CLARK,Emergency Medicine Physician,NC,Hickory,1837,980,25022.00000000,240.073821428571
part_d_total_claims,1225300494,DEREK KLEMM,Pharmacist,GA,Demorest,8291,690,11212.00000000,238.955007936508
part_d_total_claims,1366404626,RICK CASEY,Emergency Medicine Physician,MO,El Dorado Springs,1322,677,21694.00000000,238.872516393443
part_d_total_claims,1992017636,CHINH MAI,Hospitalist Physician,CA,Westminster,1831,1039,36763.00000000,237.586139423077
part_d_total_claims,1235253378,GALINA KRAYTERMAN,Hospitalist Physician,OH,Cincinnati,662,363,31816.00000000,237.558900000000
part_d_total_claims,1124273313,CHRISTOPHER SALEM,Emergency Medicine Physician,CA,Irvine,6975,3707,19359.00000000,236.418381818182
part_d_total_claims,1891745386,VELLAIAPPAN SOMASUNDARAM,Emergency Medicine Physician,TX,Frisco,4378,2334,28093.00000000,235.923237500000
part_d_total_claims,1891734430,THAYAPARAN MATHANAKARAN,Emergency Medicine Physician,NY,Olean,4319,1795,15701.00000000,234.441211111111
part_d_total_claims,1538131073,JAWAID KAMAL,Emergency Medicine Physician,TN,Hohenwald,1142,652,34326.00000000,234.041228426396
part_d_total_claims,1659500692,JENNIFER LEGAR,Hospice and Palliative Medicine (Internal Medicine) Physician,PA,Allentown,79,38,32266.00000000,232.002751336898
part_d_total_claims,1194796169,MICHAEL GAINEY,Emergency Medicine Physician,KY,Cynthiana,858,519,28791.00000000,230.157065476190
part_d_total_claims,1336313972,EMMANUEL ONASILE,Hospitalist Physician,GA,Atlanta,487,319,36805.00000000,228.905314814815
part_d_total_claims,1427579283,CHRISTOPHER THOMAS,Student in an Organized Health Care Education/Training Program,OH,Mason,15977,3025,22814.00000000,228.846776119403
part_d_total_claims,1992168322,JACOB FYDA,Student in an Organized Health Care Education/Training Program,IL,Chicago,10607,1520,23119.00000000,228.506713235294
part_d_total_claims,1912947029,HERBERT ROSENGARTEN,Pediatrics Physician,NJ,Cream Ridge,2215,106,6466.00000000,222.602294871795
part_d_total_claims,1366752586,CASEY INMAN,Acupuncturist,WA,Bellingham,1577,36,3650.00000000,222.309068181818
part_d_total_claims,1992786305,JOHN FOX,Pediatrics Physician,MO,Nevada,2069,102,18156.00000000,221.836918181818
part_d_total_claims,1366901282,ZEV LATI,Student in an Organized Health Care Education/Training Program,NY,Brooklyn,43482,6379,17770.00000000,221.123583333333
part_d_total_claims,1477583920,JAMES KRESHON,Physical Medicine & Rehabilitation Physician,PA,Pittsburgh,820,330,60862.00000000,220.490595687332
part_d_total_claims,1356679310,TORMEIKA SANFORD,Women's Health Nurse Practitioner,MD,Cambridge,159,31,3939.00000000,220.055625000000
part_d_total_claims,1518980580,TERRY HERMANCE,Emergency Medicine Physician,OK,Oklahoma City,688,460,26060.00000000,220.005779874214
part_d_total_claims,1265613483,ARTHUR GONZALES,Pharmacist,TX,Schertz,18292,463,6226.00000000,219.887000000000
part_d_total_claims,1669588422,FRED REVOREDO,Emergency Medicine Physician,NJ,Paterson,1606,860,19238.00000000,219.006720338983
part_d_total_claims,1770545329,RENEE JAHNKE,Emergency Medicine Physician,WI,West Bend,1387,791,13356.00000000,218.505097560976
part_d_total_claims,1780038026,SETH LARSON,Emergency Medicine Physician,MT,Billings,243,139,10422.00000000,218.474765625000
part_d_total_claims,1649616855,BRITTANY BRINLEY,Hospitalist Physician,CA,Bakersfield,1831,1039,33765.00000000,218.142379807692
part_d_total_claims,1023558400,WILLIAM HEPPENSTALL,Student in an Organized Health Care Education/Training Program,PA,Philadelphia,14928,2712,22394.00000000,218.088333333333
part_d_total_claims,1902052236,JAMEEL CHOHAN,Student in an Organized Health Care Education/Training Program,CO,Golden,5362,865,29619.00000000,216.367869565217
part_d_total_claims,1760457121,STANLEY LOBITZ,Emergency Medicine Physician,PA,Kingston,3616,1743,14736.00000000,215.077521739130
part_d_total_claims,1649286360,TUSHAR SHAH,Emergency Medicine Physician,OH,Middleburg Heights,2616,1447,19202.00000000,214.828250000000
part_d_total_claims,1790077600,DUSTIN TOMPKINS,Student in an Organized Health Care Education/Training Program,MO,Nixa,4278,705,22353.00000000,214.548814285714
part_d_total_claims,1659385052,STEVEN ARZE,Emergency Medicine Physician,TX,Dallas,4378,2334,25339.00000000,212.703575000000
part_d_total_claims,1578591186,PHILLIP COMPTON,Hospitalist Physician,MS,Gulfport,99,67,41056.00000000,212.270338461538
part_d_total_claims,1770862047,SERGIO CANTU,Hospitalist Physician,TX,Alice,1075,625,38444.00000000,211.693483606557
part_d_total_claims,1578556890,NEIMAN ODEH,Emergency Medicine Physician,OH,Oregon,2616,1447,18919.00000000,211.646858333333
part_d_total_claims,1356473144,KRISTY ONTIVEROS,Emergency Medicine Physician,NM,Belen,465,200,18365.00000000,208.900652542373
part_d_total_claims,1902812019,JOHN KENDRICK,Surgery Physician,AR,Springdale,286,161,22184.00000000,206.781090277778
part_d_total_claims,1144458977,BENJAMIN ABINALES,Student in an Organized Health Care Education/Training Program,FL,St Petersburg,19042,2682,24279.00000000,206.490917721519
part_d_total_claims,1629021233,BASSAM AL HOMSI,Emergency Medicine Physician,NM,Deming,465,200,18116.00000000,206.054033898305
part_d_total_claims,1922034487,KHALED SHAFIEI,Emergency Medicine Physician,LA,Monroe,952,558,25440.00000000,205.689993975904
part_d_total_claims,1790782209,JONATHAN GRYMALOSKI,Obstetrics & Gynecology Physician,WA,Everson,1006,353,4585.00000000,204.823166666667
part_d_total_claims,1881683712,CHARLOTTE TOWNSEND,Emergency Medicine Physician,VA,Lebanon,1564,768,19518.00000000,204.763445312500
part_d_total_claims,1205964038,MARY THIEL,Acute Care Nurse Practitioner,OH,Warrensville Heights,1549,468,35468.00000000,204.524032188841
part_d_total_claims,1659369916,TIMOTHY VIATOR,Emergency Medicine Physician,LA,New Iberia,952,558,25257.00000000,204.202843373494
part_d_total_claims,1316929227,JOSEPH DAWSON,Emergency Medicine Physician,WV,Craigsville,444,275,22151.00000000,203.652801369863
part_d_total_claims,1063475192,MARTIN DUCLOS,Internal Medicine Physician,SC,Conway,2228,1457,174487.00000000,202.912472318339
part_d_total_claims,1134106784,CLAYTON SYNDERGAARD,Obstetrics & Gynecology Physician,UT,Vernal,373,118,4816.00000000,201.801968750000
part_d_total_claims,1427303353,MELISSA BENARDOT,Pediatric Nurse Practitioner,NY,Malone,1540,38,4514.00000000,201.787916666667
part_d_total_claims,1619925989,DANIEL MEADOR,Emergency Medicine Physician,CA,Sonora,6975,3707,16430.00000000,200.498190909091
part_d_total_claims,1639134430,JAMES BURLESON,Obstetrics Physician,TX,Snyder,106,47,10077.00000000,198.798955882353
part_d_total_claims,1558688754,YI XIE,Neurology with Special Qualifications in Child Neurology Physician,NY,New York,152,34,8578.00000000,198.523956896552
part_d_total_claims,1497888226,ELIZABETH VAN DERMARK,Women's Health Nurse Practitioner,MD,Frederick,159,31,3542.00000000,197.740916666667
part_d_total_claims,1447238993,GREGORY PARRANTO,Emergency Medicine Physician,OH,Lima,2616,1447,17676.00000000,197.673466666667
part_d_total_claims,1508972308,JAMES EDWARDS,Emergency Medicine Physician,PA,Clearfield,3616,1743,13464.00000000,196.426130434783
part_d_total_claims,1386717486,JENNIFER TRESSER,Pharmacist,CA,Martinez,32442,4634,17557.00000000,196.346950000000
part_d_total_claims,1427493048,JOSEPH PRUNER,Student in an Organized Health Care Education/Training Program,CT,Waterbury,6408,1206,13944.00000000,195.085072916667
part_d_total_claims,1225081433,JAMES ZOLA,Pediatrics Physician,PA,Selinsgrove,3888,146,12051.00000000,195.011765060241
part_d_total_claims,1013014752,HARRY LIFSCHUTZ,Surgery Physician,CA,Indio,3327,1378,10410.00000000,193.974958333333
part_d_total_claims,1730323270,HECTOR NARANJO LOPEZ,Student in an Organized Health Care Education/Training Program,FL,Miami,19042,2682,22688.00000000,192.907000000000
part_d_total_claims,1679771588,ROBERTO LARIOS,Emergency Medicine Physician,MA,Leominster,1735,721,13184.00000000,192.437782608696
part_d_total_claims,1508092487,LAWRENCE GOOSS,Surgery Physician,VA,Midlothian,917,377,10320.00000000,192.363652777778
part_d_total_claims,1710140975,AHMED NAZIMUDDIN,Student in an Organized Health Care Education/Training Program,IL,Burr Ridge,10607,1520,19454.00000000,192.153147058824
part_d_total_claims,1366769796,JOSEPH FASANELLO,Student in an Organized Health Care Education/Training Program,NY,West Amherst,43482,6379,15371.00000000,191.158296296296
part_d_total_claims,1851379309,RACHEL HUNTER,Medical Physician Assistant,OH,Kettering,889,458,66270.00000000,190.627854389722
part_d_total_claims,1790756070,ASHRAF ESKANDER,Hospitalist Physician,CA,San Bernardino,1831,1039,29472.00000000,190.299798076923
part_d_total_claims,1053687491,ANTHONY TAM,Student in an Organized Health Care Education/Training Program,NY,New York,43482,6379,15263.00000000,189.809296296296
part_d_total_claims,1578533659,JOSE MENDOZA,Emergency Medicine Physician,OH,Avon,2616,1447,16830.00000000,188.163016666667
part_d_total_claims,1891840237,HASHIM RAZA,Emergency Medicine Physician,MO,Saint Louis,1322,677,16992.00000000,186.880729508197
part_d_total_claims,1518266741,MATTHEW COREY,Student in an Organized Health Care Education/Training Program,MA,Somerville,14128,1958,10266.00000000,186.234918918919
part_d_total_claims,1508253295,MARY HANCOCK,Student in an Organized Health Care Education/Training Program,MS,Booneville,2070,358,18306.00000000,186.172219696970
part_d_total_claims,1215065891,LAL YILMAZ-GONZALEZ,Surgery Physician,CA,Mill Valley,3327,1378,9972.00000000,185.768541666667
part_d_total_claims,1316108269,ANDREW GRAF,Internal Medicine Physician,PA,Plymouth Meeting,8493,4935,131006.00000000,185.321360000000
part_d_total_claims,1568467132,ROBERT WOOL,Obstetrics & Gynecology Physician,MA,Westfield,1112,479,7117.00000000,183.593711538462
part_d_total_claims,1003838210,GEORGE IDELKOPE,Emergency Medicine Physician,NH,Hinsdale,342,161,8762.00000000,183.506156250000
part_d_total_claims,1356598387,DORIANN LAVERY,Student in an Organized Health Care Education/Training Program,PA,Philipsburg,14928,2712,18747.00000000,182.437586956522
part_d_total_claims,1720196611,SCOTT STRINGER,Emergency Medicine Physician,CA,Sacramento,6975,3707,14947.00000000,182.311218181818
part_d_total_claims,1235633785,ALFRED JOHN TANGLAO,Student in an Organized Health Care Education/Training Program,MA,Brockton,14128,1958,10043.00000000,182.169689189189
part_d_total_claims,1043479355,BRIAN SANKEY,Emergency Medicine Physician,IA,Waterloo,481,250,14761.00000000,181.657082568807
part_d_total_claims,1912947326,FREDERICK BURTON,Emergency Medicine Physician,GA,Macon,1614,896,24217.00000000,181.463108938547
part_d_total_claims,1639383532,ROBERT LONG,Pharmacist,MS,Jackson,2231,58,6617.00000000,181.151428571429
part_d_total_claims,1619261112,ANDREA BATCHELOR,Pediatrics Physician,AL,Double Springs,910,48,23117.00000000,180.538552325581
part_d_total_claims,1306839063,HUMBERTO GARCIA,Student in an Organized Health Care Education/Training Program,FL,Miami,19042,2682,21202.00000000,180.219569620253
part_d_total_claims,1366487746,PANKAJ DOSHI,Pediatrics Physician,NJ,Toms River,2215,106,5239.00000000,180.160679487179
part_d_total_claims,1275534000,RAJAN GULATI,Emergency Medicine Physician,NY,Middletown,4319,1795,12074.00000000,180.076511111111
part_d_total_claims,1295057610,JOSEPH OFISI,Surgery Physician,IL,Chicago,1531,557,9920.00000000,179.872743243243
part_d_total_claims,1851364806,CHENG GONJON,Emergency Medicine Physician,NY,New York,4319,1795,12059.00000000,179.851677777778
part_d_total_claims,1760870778,MANDISSA SEALEY,Hospitalist Physician,KY,Flemingsburg,154,102,26473.00000000,178.623869346734
part_d_total_claims,1275742090,ASHAR LUQMAN,Student in an Organized Health Care Education/Training Program,IA,Sioux City,1279,262,32154.00000000,178.452632231405
part_d_total_claims,1568513257,TRACY MARMER,Physician Assistant,NY,Jamaica,14666,6059,37229.00000000,177.316960992908
part_d_total_claims,1609173038,BRANDON KING,Student in an Organized Health Care Education/Training Program,OK,Gore,3870,417,20314.00000000,177.148227272727
part_d_total_claims,1841290962,ADAM WASSERMAN,Emergency Medicine Physician,PA,Gettysburg,3616,1743,12134.00000000,176.924282608696
part_d_total_claims,1750340592,CHI TAI LAU,Emergency Medicine Physician,LA,Zwolle,952,558,21848.00000000,176.499584337349
part_d_total_claims,1508805615,SALLY FERGUSON-AVERY,Pediatrics Physician,PA,Shamokin Dam,3888,146,10905.00000000,176.385813253012
part_d_total_claims,1912988965,LUIS PANNOCCHIA,Emergency Medicine Physician,TN,New Tazewell,1142,652,25906.00000000,176.383461928934
part_d_total_claims,1770877946,IVET JORDAN,Student in an Organized Health Care Education/Training Program,FL,Hialeah,19042,2682,20568.00000000,174.806493670886
part_d_total_claims,1700140266,MICHAEL OLIVER ROXAS,Emergency Medicine Physician,WA,Tacoma,1362,682,12492.00000000,174.484718750000
part_d_total_claims,1518192343,LUIS BATLLE,Surgery Physician,FL,Clearwater,2075,914,12218.00000000,174.358250000000
part_d_total_claims,1174513915,DEBRA WILDER,Emergency Medicine Physician,KY,Kuttawa,858,519,21683.00000000,173.081517857143
part_d_total_claims,1659307510,CECILIA CELESTINO,Pediatrics Physician,NJ,Clinton,2215,106,5031.00000000,172.966012820513
part_d_total_claims,1972778108,JYOTHI JASTI,Student in an Organized Health Care Education/Training Program,NY,Bronx,43482,6379,13850.00000000,172.159879629630
part_d_total_claims,1962520478,TAM NGUYEN,Hospitalist Physician,CA,San Jose,1831,1039,26624.00000000,171.828875000000
part_d_total_claims,1497756894,RICARDO RAYMUNDO,Surgery Physician,PA,Harmony,1988,703,8954.00000000,171.573528571429
part_d_total_claims,1114951431,ROBERT KEMP,Emergency Medicine Physician,ND,Williston,116,82,6771.00000000,171.119377358491
part_d_total_claims,1083006407,ELYSE HEWITT,Student in an Organized Health Care Education/Training Program,MI,Waterford,10231,2109,13983.00000000,170.623972727273
part_d_total_claims,1962400291,ALEXANDER SCHUETZ,Pediatrics Physician,MO,Saint Charles,2069,102,13978.00000000,170.599445454545
part_d_total_claims,1407173347,THOMAS MILLER,Student in an Organized Health Care Education/Training Program,GA,Claxton,8522,1224,21090.00000000,170.591614457831
part_d_total_claims,1699718411,RICHARD CHASE,Emergency Medicine Physician,GA,Oglethorpe,1614,896,22770.00000000,170.558064245810
part_d_total_claims,1205839909,GARY SALEM,Hospitalist Physician,MI,Clio,297,183,24786.00000000,169.739989795918
part_d_total_claims,1992749873,BRIAN SMITH,Emergency Medicine Physician,KY,Versailles,858,519,21233.00000000,169.468125000000
part_d_total_claims,1821389180,MEGAN BROWN,Obstetrics & Gynecology Physician,KS,Abilene,340,165,8314.00000000,168.870272727273
part_d_total_claims,1457585424,NEHA KALARIA,Student in an Organized Health Care Education/Training Program,MD,Baltimore,7249,977,10545.00000000,168.464404761905
part_d_total_claims,1245487388,MANUEL GARCIA,Student in an Organized Health Care Education/Training Program,FL,Miami,19042,2682,19770.00000000,167.993189873418
part_d_total_claims,1225267982,JOHN BERTINI,Student in an Organized Health Care Education/Training Program,NY,Endwell,43482,6379,13514.00000000,167.962990740741
part_d_total_claims,1245244565,WILLIAM LORETAN,Hospitalist Physician,PA,Ephrata,718,425,25465.00000000,167.560348039216
part_d_total_claims,1174701429,HEESOO JEONG,Student in an Organized Health Care Education/Training Program,CA,Los Angeles,48939,6099,28890.00000000,167.217853448276
part_d_total_claims,1417169541,VIRAL PATEL,Surgery Physician,PA,Middletown,1988,703,8717.00000000,167.006200000000
part_d_total_claims,1144438193,MUHAMMAD GUL,Hospitalist Physician,MA,East Longmeadow,493,271,17642.00000000,166.706000000000
part_d_total_claims,1972584043,VAHID-DAVID SEDAGHAT,Hospitalist Physician,IN,Fort Wayne,344,218,39244.00000000,166.699686708861
part_d_total_claims,1306022819,MARAY ROCHER,Hospitalist Physician,FL,Miami,1207,745,29296.00000000,166.521474576271
part_d_total_claims,1578569992,JOSEPH CARLUCCI,Hospitalist Physician,FL,Winter Haven,1207,745,29234.00000000,166.167076271186
part_d_total_claims,1205128055,ZACHARY NOLZ,Emergency Medicine Physician,MN,Luverne,1265,680,8540.00000000,165.897673913043
part_d_total_claims,1104811785,GEORGES RAMALANJAONA,Emergency Medicine Physician,NY,Bronx,4319,1795,11125.00000000,165.852055555556
part_d_total_claims,1629381363,DHARMESH MEHTA,Student in an Organized Health Care Education/Training Program,OH,Mayfield Village,15977,3025,16551.00000000,165.796126865672
part_d_total_claims,1184847659,JEREMY TALLEY,Emergency Medicine Physician,MO,Hermann,1322,677,15083.00000000,165.772196721311
part_d_total_claims,1831452671,WILLIAM BZDAWKA,Pharmacist,MO,Saint Louis,5279,427,2236.00000000,165.702166666667
part_d_total_claims,1023069770,MALAZ ALATASSI,Hospitalist Physician,MI,Shelby Township,297,183,24154.00000000,165.390153061224
part_d_total_claims,1023086295,JOHN ROGERS,Hospitalist Physician,IL,Mattoon,825,465,18221.00000000,165.179581081081
part_d_total_claims,1609870161,WILLIAM CROWLEY,Obstetrics & Gynecology Physician,TX,Port Lavaca,3386,1386,10334.00000000,165.027666666667
part_d_total_claims,1629176540,KENNETH ADKINS,Emergency Medicine Physician,WV,South Charleston,444,275,17966.00000000,164.984547945205
part_d_total_claims,1316107147,MARIA DOLGOVINA,Student in an Organized Health Care Education/Training Program,NY,Forest Hills,43482,6379,13246.00000000,164.615472222222
part_d_total_claims,1093248668,CAMERON PETRO-SAKUMA,Hospitalist Physician,KS,Salina,109,74,15059.00000000,164.183170731707
part_d_total_claims,1700864568,RICKY KELLENBERGER,Emergency Medicine Physician,KS,Fort Scott,417,241,14643.00000000,163.498800000000
part_d_total_claims,1598893257,JASON BARBER,Hospitalist Physician,SC,Columbia,198,114,32007.00000000,163.372619771863
part_d_total_claims,1710958467,DANIEL KALLMERTEN,Emergency Medicine Physician,NH,Laconia,342,161,7789.00000000,162.997140625000
part_d_total_claims,1558427377,BASANT MITTAL,Pediatrics Physician,PA,Kingston,3888,146,10073.00000000,162.863307228916
part_d_total_claims,1639293871,MICHAEL CARTER,Emergency Medicine Physician,TN,Erin,1142,652,23895.00000000,162.612705583756
part_d_total_claims,1982674396,AMIE COLLINS,Emergency Medicine Physician,NC,Fayetteville,1837,980,16962.00000000,162.409964285714
part_d_total_claims,1437577343,MARK GOBRIAL,Student in an Organized Health Care Education/Training Program,CA,Mission Hills,48939,6099,28045.00000000,162.304469827586
part_d_total_claims,1023099074,HEATHER LAMBERT,Women's Health Nurse Practitioner,TN,Gordonsville,270,77,10381.00000000,161.958430232558
part_d_total_claims,1396727749,CHRISTOPHER BLACK,Emergency Medicine Physician,NY,Watertown,4319,1795,10836.00000000,161.520266666667
part_d_total_claims,1255686085,AYODELE ATOLAGBE,Student in an Organized Health Care Education/Training Program,NY,Jamaica,43482,6379,12983.00000000,161.330407407407
part_d_total_claims,1407030349,JAMES BUCKNER,Student in an Organized Health Care Education/Training Program,MO,Marshfield,4278,705,16766.00000000,160.714078571429
part_d_total_claims,1407142052,STEVEN KONG,Physician Assistant,NY,Brooklyn,14666,6059,33698.00000000,160.425758865248
part_d_total_claims,1457309783,JAYA KARNANI,Obstetrics Physician,CA,Castro Valley,158,62,6633.00000000,158.772482142857
part_d_total_claims,1598812596,AMABLE AGUILUZ,Emergency Medical Services (Emergency Medicine) Physician,CA,Hawaiian Gardens,274,140,16658.00000000,158.359205673759
part_d_total_claims,1598785149,ANDREW OFFERLE,General Practice Physician,IN,Fort Wayne,166,51,102885.00000000,158.101565217391
part_d_total_claims,1144614660,ADRIAN DE CASTRO-QUIROS,Student in an Organized Health Care Education/Training Program,FL,Miami,19042,2682,18607.00000000,158.063525316456
part_d_total_claims,1801800404,ROM MARKIN,Obstetrics & Gynecology Physician,WA,Spokane Valley,1006,353,3544.00000000,158.012866666667
part_d_total_claims,1922088855,RONALD KLINE,Emergency Medicine Physician,MN,Jackson,1265,680,8121.00000000,157.705920289855
part_d_total_claims,1598020836,WILLIAM BAILEY,Surgery Physician,IL,Canton,1531,557,8679.00000000,157.249648648649
part_d_total_claims,1679502785,ALBERTO COMAS ESPINAL,Pediatrics Physician,NY,New York,5937,301,13117.00000000,157.182589285714
part_d_total_claims,1366435000,MILCIADES MERCEDES MALDONADO,Student in an Organized Health Care Education/Training Program,PR,Guaynabo,3496,215,17558.00000000,157.086553333333
part_d_total_claims,1659369056,NARENDRA NIGALYE,Emergency Medicine Physician,TX,Brownwood,4378,2334,18741.00000000,157.074187500000
part_d_total_claims,1831130129,KURT CROWE,Emergency Medicine Physician,IL,Amboy,2986,1493,12386.00000000,156.611264150943
part_d_total_claims,1346484763,TRISTA MARSHALL,Physical Medicine & Rehabilitation Physician,GA,Macon,308,138,118370.00000000,156.414292814961
part_d_total_claims,1649657594,KIRUBAKARAN SIVA,Hospitalist Physician,MA,Newburyport,493,271,16544.00000000,156.275000000000
part_d_total_claims,1417127705,DING YANG,Podiatrist,NY,Staten Island,1240,690,32592.00000000,156.125069642857
part_d_total_claims,1730204140,JOSEPH GASPARINO,Student in an Organized Health Care Education/Training Program,NY,Rochester,43482,6379,12563.00000000,156.084296296296
part_d_total_claims,1144381716,NATHAN WENDE,Pharmacist,WA,Spokane,7946,2493,16423.00000000,154.840500000000
part_d_total_claims,1922188572,RAMAN TALWAR,Surgery Physician,CA,Palmdale,3327,1378,8321.00000000,154.835222222222
part_d_total_claims,1811982754,PASCAL GAUDREAULT,Emergency Medicine Physician,MO,Festus,1322,677,14083.00000000,154.714819672131
part_d_total_claims,1548242886,MICHAEL TROTTA,Pediatrics Physician,PA,Butler,3888,146,9558.00000000,154.493006024096
part_d_total_claims,1750394300,KURT SCHULTZ,Emergency Medicine Physician,MO,Columbia,1322,677,14052.00000000,154.372040983607
part_d_total_claims,1487611877,MORRIS SMITH,Emergency Medicine Physician,OR,Ontario,992,523,8754.00000000,154.229750000000
part_d_total_claims,1558712729,GLENN HERRINGTON,Pharmacist,NC,Wilmington,9615,749,6408.00000000,153.280125000000
part_d_total_claims,1417008772,SHAHRIAR JARCHI,Hospice and Palliative Medicine (Internal Medicine) Physician,CA,Los Angeles,187,106,37319.00000000,153.206383792049
part_d_total_claims,1629224159,JILLIAN ALFONSO,Student in an Organized Health Care Education/Training Program,NY,Bronx,43482,6379,12316.00000000,152.999083333333
part_d_total_claims,1043508963,BHAVISH AUBEELAUCK,Student in an Organized Health Care Education/Training Program,NE,Kearney,984,210,20195.00000000,152.258901685393
part_d_total_claims,1811191638,NANCY COX,Pediatrics Physician,GA,Wrens,2254,86,11074.00000000,151.611081632653
part_d_total_claims,1366635112,RUSSELL SNYDER,Student in an Organized Health Care Education/Training Program,WV,Huntington,2295,532,19227.00000000,150.894722222222
part_d_total_claims,1548529902,ROAN GANNON,Student in an Organized Health Care Education/Training Program,AL,Albertville,5675,762,15173.00000000,150.793218518519
part_d_total_claims,1255309340,JOSEPH WALSH,Hospitalist Physician,FL,Bradenton,1207,745,26500.00000000,150.539254237288
part_d_total_claims,1437377967,JOSE GUTIERREZ,Hospitalist Physician,MA,Burlington,493,271,15930.00000000,150.442000000000
part_d_total_claims,1679909204,NATHANIEL VINJE,Student in an Organized Health Care Education/Training Program,FL,Inverness,19042,2682,17700.00000000,150.319582278481
part_d_total_claims,1871533646,INA KELEMEN,Pediatrics Physician,NJ,Farmingdale,2215,106,4350.00000000,149.410397435897
part_d_total_claims,1710195888,JASON SHARBAUGH,Surgery Physician,PA,Indiana,1988,703,7800.00000000,149.334300000000
part_d_total_claims,1144740176,RICHARD JUNG,Student in an Organized Health Care Education/Training Program,IN,Tipton,5589,994,20909.00000000,149.229537234043
part_d_total_claims,1538428685,MYFANWY CALLAHAN,Student in an Organized Health Care Education/Training Program,MA,Medford,14128,1958,8231.00000000,149.137418918919
part_d_total_claims,1841647690,MICHEL RODRIGUEZ SANCHEZ,Student in an Organized Health Care Education/Training Program,FL,Hialeah,19042,2682,17540.00000000,148.953506329114
part_d_total_claims,1073890950,RACHEL VILLEGAS,Hospitalist Physician,TX,Dallas,1075,625,27064.00000000,148.777008196721
part_d_total_claims,1801821723,CATHERINE FARINET,Pediatrics Physician,OH,Piketon,3075,185,19490.00000000,148.619943181818
part_d_total_claims,1346266939,MELISSA CARRAN,Neurological Surgery Physician,NJ,Camden,188,70,7762.00000000,148.611621428571
part_d_total_claims,1710984513,WYCHE COLEMAN,Emergency Medicine Physician,LA,Coushatta,952,558,18400.00000000,148.479391566265
part_d_total_claims,1063646628,ADIREDDY KAMIREDDY,Student in an Organized Health Care Education/Training Program,OH,Toledo,15977,3025,14829.00000000,148.460470149254
part_d_total_claims,1407824477,MECHERY DAVIS,Emergency Medicine Physician,RI,Warwick,351,137,7742.00000000,148.293642857143
part_d_total_claims,1649562828,PENNY WARRINGTON,Pediatric Nurse Practitioner,NY,Wilton,1540,38,3316.00000000,147.917850000000
part_d_total_claims,1861537458,TAM CHANG,Physician Assistant,MA,Worcester,4332,1873,31060.00000000,147.787255319149
part_d_total_claims,1740472208,JAMES MURPHEY,Pediatrics Physician,GA,Cleveland,2254,86,10785.00000000,147.632908163265
part_d_total_claims,1427408913,ROBERT MURRAY,Student in an Organized Health Care Education/Training Program,PA,Bristol,14928,2712,15174.00000000,147.510217391304
part_d_total_claims,1881057164,MARVIN HURLEY,Pediatrics Physician,PA,Berwick,3888,146,9125.00000000,147.455451807229
part_d_total_claims,1609891860,SUSAN KEEN,Emergency Medicine Physician,NC,Greenville,1837,980,15383.00000000,147.195171428571
part_d_total_claims,1720025513,OLABODE OLUMOFIN,Surgery Physician,AR,Pine Bluff,286,161,15822.00000000,147.181520833333
part_d_total_claims,1457453375,CHARLES STACY,Neurology with Special Qualifications in Child Neurology Physician,NY,New York,152,34,6367.00000000,147.099146551724
part_d_total_claims,1376595959,MARK VANNORDEN,Emergency Medicine Physician,KS,Larned,417,241,13184.00000000,147.097208333333
part_d_total_claims,1285618579,RAJESH AGARWAL,Specialist,OH,Mayfield Heights,1554,252,120516.00000000,146.812698275862
part_d_total_claims,1205099660,FLORIAN GEGAJ,Student in an Organized Health Care Education/Training Program,FL,The Villages,19042,2682,17274.00000000,146.682405063291
part_d_total_claims,1740515097,SKYE NEHS,Naturopath,OR,Gresham,1013,202,6781.00000000,146.562322580645
part_d_total_claims,1649351214,ABIOLA FAMILUSI,Physical Medicine & Rehabilitation Physician,OH,Blanchester,492,204,48564.00000000,146.421066292135
part_d_total_claims,1659834950,KENDRA SHERIER,Student in an Organized Health Care Education/Training Program,OK,Sapulpa,3870,417,16779.00000000,146.182545454545
part_d_total_claims,1376983205,CHRISTOPHER HANZAKER,Student in an Organized Health Care Education/Training Program,MI,Kalamazoo,10231,2109,11957.00000000,145.777845454545
part_d_total_claims,1316918782,KENNETH WARNOCK,Surgery Physician,TX,Wichita Falls,2473,1064,11205.00000000,145.777131067961
part_d_total_claims,1174977383,BRIAN PARKER,Student in an Organized Health Care Education/Training Program,AL,Cullman,5675,762,14652.00000000,145.587077777778
part_d_total_claims,1215468483,ABRAHAM MATHAI,Pediatrics Physician,GA,Jasper,2254,86,10635.00000000,145.568112244898
part_d_total_claims,1285675488,RONALD HERRINGTON,Emergency Medicine Physician,GA,Lakeland,1614,896,19445.00000000,145.499824022346
part_d_total_claims,1093080418,KEITH HARROP,Hospitalist Physician,WV,Bridgeport,111,78,19706.00000000,144.880376373626
part_d_total_claims,1922050186,BHARAT LATTHE,Hospice and Palliative Medicine (Family Medicine) Physician,TX,Shenandoah,58,34,30907.00000000,144.800527972028
part_d_total_claims,1730161647,KRISTINA BOX,Obstetrics & Gynecology Physician,IN,Indianapolis,833,386,7441.00000000,144.489630434783
part_d_total_claims,1104322452,RAFAEL CAPOTE SARMIENTO,Student in an Organized Health Care Education/Training Program,FL,Miami,19042,2682,16984.00000000,144.206392405063
part_d_total_claims,1831521152,LAKSHMI SANIVARAPU,Student in an Organized Health Care Education/Training Program,NY,Johnson City,43482,6379,11607.00000000,144.143148148148
part_d_total_claims,1841673522,TAIMUR ABBASI,Student in an Organized Health Care Education/Training Program,MA,Boston,14128,1958,7954.00000000,144.087783783784
part_d_total_claims,1770748667,JEREMY LUCKETT,Hospitalist Physician,KY,Owensboro,154,102,21324.00000000,143.719341708543
part_d_total_claims,1093813099,CHRISTOPHER LABONTE,Internal Medicine Physician,MO,Town And Country,3400,2016,100210.00000000,143.714619658120
part_d_total_claims,1316300247,WAQAS AHMAD,Student in an Organized Health Care Education/Training Program,IL,Rockford,10607,1520,14545.00000000,143.460198529412
part_d_total_claims,1932155819,LEONARD SALTZMAN,Hospitalist Physician,NC,Albemarle,758,468,20203.00000000,143.315190476190
part_d_total_claims,1205877347,THOMAS FREUNDLICH,General Practice Physician,OH,Mount Gilead,301,81,24096.00000000,143.077566371681
part_d_total_claims,1093824971,JONATHAN FINKS,Emergency Medicine Physician,KS,Overland Park,417,241,12810.00000000,142.892825000000
part_d_total_claims,1134113939,GLORIA NWANKWO,Emergency Medicine Physician,NJ,Newark,1606,860,12549.00000000,142.536711864407
part_d_total_claims,1962768556,DAVID THOMAS,Student in an Organized Health Care Education/Training Program,OH,Cleveland,15977,3025,14164.00000000,141.765805970149
part_d_total_claims,1568527653,RICHARD COOK,Emergency Medicine Physician,PA,Uniontown,3616,1743,9700.00000000,141.234434782609
part_d_total_claims,1336222504,ROBERT MORTON,Psychiatry Physician,OK,Ada,429,212,104526.00000000,141.233371601208
part_d_total_claims,1083673917,MERRILL LAURENT,Pediatrics Physician,LA,Covington,982,95,16839.00000000,141.206575000000
part_d_total_claims,1699125377,RILEY TORREANO,Student in an Organized Health Care Education/Training Program,MI,Marquette,10231,2109,11567.00000000,140.995027272727
part_d_total_claims,1316992068,LAWRENCE HIGHMAN,Surgery Physician,CA,Colusa,3327,1378,7581.00000000,140.970500000000
part_d_total_claims,1366428484,GEORGE ELLIS,Emergency Medicine Physician,OH,Boardman,2616,1447,12619.00000000,140.824358333333
part_d_total_claims,1619917713,KALEEM KHAN,Emergency Medicine Physician,IL,Naperville,2986,1493,11114.00000000,140.423264150943
part_d_total_claims,1194098111,JEREMIAH SISAY,Pharmacist,TX,Mesquite,18292,463,3984.00000000,140.296000000000
part_d_total_claims,1972604908,SCOTT KIRKLEY,Hospitalist Physician,MO,Farmington,476,287,19479.00000000,140.274241935484
part_d_total_claims,1457589277,JAYA THAKUR,Student in an Organized Health Care Education/Training Program,OH,Chillicothe,15977,3025,13995.00000000,140.064455223881
part_d_total_claims,1568405710,JONATHAN YOUNAN,Emergency Medicine Physician,IL,Chicago,2986,1493,11079.00000000,139.977839622642
part_d_total_claims,1356673065,MICHELLE ALSTROM,Pharmacist,NY,Brooklyn,22893,380,3450.00000000,139.866772727273
part_d_total_claims,1417375452,DANIEL JEUNG,Student in an Organized Health Care Education/Training Program,MI,Ypsilanti,10231,2109,11442.00000000,139.462072727273
part_d_total_claims,1649235433,BID COOPER,Obstetrics Physician,TX,Snyder,106,47,7082.00000000,139.383441176471
part_d_total_claims,1760426118,GIOVANNY NUNEZ,Psychiatry Physician,NY,New York,6050,3077,43545.00000000,139.126866666667
part_d_total_claims,1558670422,YORBELL SORIS,Student in an Organized Health Care Education/Training Program,FL,Hialeah,19042,2682,16384.00000000,139.083607594937
part_d_total_claims,1972711851,MICHAEL DUNDR,General Practice Physician,OH,Columbus,301,81,23374.00000000,138.767929203540
part_d_total_claims,1639179690,EDUARDO DEJESUS-PERDOMO,Emergency Medicine Physician,TX,El Paso,4378,2334,16550.00000000,138.601318750000
part_d_total_claims,1538542378,JUSTIN LANDE,Student in an Organized Health Care Education/Training Program,KY,Danville,4670,680,21573.00000000,138.466136363636
part_d_total_claims,1295714376,FRANCISCO REYTOR,Emergency Medicine Physician,FL,Miami,3563,2068,15880.00000000,138.141103896104
part_d_total_claims,1164461273,MELISSA BLACKBURN-KIERKLA,Pediatric Nurse Practitioner,MA,Monson,1145,36,2992.00000000,137.993396551724
part_d_total_claims,1306474010,JORGE CASTILLO MOLINA,Student in an Organized Health Care Education/Training Program,FL,Tampa,19042,2682,16245.00000000,137.896829113924
part_d_total_claims,1164714416,CHANNING HAMPTON,Student in an Organized Health Care Education/Training Program,GA,Tifton,8522,1224,17052.00000000,137.776783132530
part_d_total_claims,1619959343,KELLY HIRSCH,Pediatric Nurse Practitioner,NY,Homer,1540,38,3087.00000000,137.620483333333
part_d_total_claims,1265491807,ANARGYROS SKALIOTIS,Surgical Physician Assistant,MA,North Dartmouth,520,299,10473.00000000,137.598000000000
part_d_total_claims,1306833173,LLOYD VANWINKLE,Specialist,TX,Castroville,2379,709,96786.00000000,137.282853065539
part_d_total_claims,1629038047,STEVEN CATLETT,Emergency Medicine Physician,CA,Coachella,6975,3707,11264.00000000,137.144245454545
part_d_total_claims,1780977009,CODY MCCORKLE,Student in an Organized Health Care Education/Training Program,OK,Talihina,3870,417,15716.00000000,136.870941558442
part_d_total_claims,1598891004,JONATHAN WEINKLE,Pediatrics Physician,PA,Pittsburgh,3888,146,8465.00000000,136.728463855422
part_d_total_claims,1063945475,JOHN COLEMAN,Student in an Organized Health Care Education/Training Program,MS,Forest,2070,358,13463.00000000,136.678227272727
part_d_total_claims,1134548043,PATRICK CONNORS,Student in an Organized Health Care Education/Training Program,PA,Scranton,14928,2712,14006.00000000,136.092594202899
part_d_total_claims,1255379681,RICHARD KANGAH,Surgery Physician,CA,Highland,3327,1378,7313.00000000,135.949222222222
part_d_total_claims,1174987333,LAURA TRUEMAN,Student in an Organized Health Care Education/Training Program,MA,Cambridge,14128,1958,7503.00000000,135.866175675676
part_d_total_claims,1831451012,ANDREW MUETING,Emergency Medicine Physician,IA,Sioux City,481,250,11030.00000000,135.481678899083
part_d_total_claims,1437199908,WILLIAM GAMMILL,Pediatrics Physician,AL,Enterprise,910,48,17318.00000000,135.056860465116
part_d_total_claims,1285958223,BRODI LYNCH,Student in an Organized Health Care Education/Training Program,MI,Standish,10231,2109,11081.00000000,135.034900000000
part_d_total_claims,1043531551,RYAN DECORT,Hospitalist Physician,PA,Chambersburg,718,425,20538.00000000,134.979352941176
part_d_total_claims,1548233851,VIPUL PATEL,General Practice Physician,OH,Springfield,301,81,22652.00000000,134.458292035398
part_d_total_claims,1598714040,RICHARD NILES,Emergency Medicine Physician,TX,Dallas,4378,2334,16042.00000000,134.318243750000
part_d_total_claims,1295084374,SHAD STORMANT,Student in an Organized Health Care Education/Training Program,GA,Waycross,8522,1224,16622.00000000,134.282385542169
part_d_total_claims,1548235757,ABRAHAM AREEPHANTHU,Emergency Medicine Physician,SC,Hartsville,1197,744,16244.00000000,134.275462962963
part_d_total_claims,1235172628,WILLIAM NASH,Emergency Medicine Physician,GA,Nashville,1614,896,17887.00000000,133.758248603352
part_d_total_claims,1275710873,ABID KHAN,Anesthesiology Physician,MI,Clare,1685,144,21221.00000000,133.611166666667
part_d_total_claims,1376761767,CALVIN LY,Emergency Medicine Physician,CA,Hercules,6975,3707,10971.00000000,133.551000000000
part_d_total_claims,1447505334,ITZEL FERNANDEZ,Student in an Organized Health Care Education/Training Program,FL,Miami,19042,2682,15721.00000000,133.422930379747
part_d_total_claims,1639179013,EDWARD BATES,Emergency Medicine Physician,TX,Cleburne,4378,2334,15930.00000000,133.373943750000
part_d_total_claims,1114151081,CHARLIE CHEN,Dentist,NY,Sunnyside,5749,2367,5978.00000000,133.326166666667
part_d_total_claims,1093001760,JAMES BATES,Student in an Organized Health Care Education/Training Program,NC,Asheville,9187,2081,14712.00000000,133.286668918919
part_d_total_claims,1588643100,ROY HABIB,Hospitalist Physician,VA,Salem,496,294,19483.00000000,133.210308673469
part_d_total_claims,1134161441,ZOILA JORRO,Pharmacist,FL,Orlando,19125,2507,12122.00000000,133.042360655738
part_d_total_claims,1801242334,MICHAEL TILSON,Student in an Organized Health Care Education/Training Program,MI,Monroe,10231,2109,10914.00000000,132.986872727273
part_d_total_claims,1356338412,DONALD HOPKINS,Emergency Medicine Physician,TX,Kempner,4378,2334,15870.00000000,132.868068750000
part_d_total_claims,1568495547,TAMARA CHITTENDEN,Internal Medicine Physician,NC,Charlotte,4861,3220,145399.00000000,132.815891422737
part_d_total_claims,1215159744,AJA LYSTILA,Emergency Medicine Physician,IL,Mattoon,2986,1493,10504.00000000,132.660150943396
part_d_total_claims,1649667999,VISHAL KOCHAR,Student in an Organized Health Care Education/Training Program,CT,Bloomfield,6408,1206,9481.00000000,132.370625000000
part_d_total_claims,1780975565,BILLY BRANCH,Pediatrics Physician,LA,Sterlington,982,95,15785.00000000,132.320037500000
part_d_total_claims,1235334624,REMIGIUS OKEA,Emergency Medicine Physician,TX,Carrizo Springs,4378,2334,15785.00000000,132.151412500000
part_d_total_claims,1316906837,WILLIAM NEWMAN,Pediatrics Physician,LA,Harvey,982,95,15761.00000000,132.117687500000
part_d_total_claims,1003922014,JEANNE WILLIAMS,Emergency Medicine Physician,MT,Plains,243,139,6321.00000000,132.033375000000
part_d_total_claims,1235577255,JORDAN WONG,Pharmacist,CA,San Francisco,32442,4634,11830.00000000,131.965925000000
part_d_total_claims,1588865174,ASHLEIGH HATCHER HICKS,Student in an Organized Health Care Education/Training Program,MD,Baltimore,7249,977,8271.00000000,131.945047619048
part_d_total_claims,1609175579,MATTHEW MCCLANAHAN,Student in an Organized Health Care Education/Training Program,LA,Covington,4721,1218,21450.00000000,131.923536697248
part_d_total_claims,1295184554,PAYAM HADIAN,Student in an Organized Health Care Education/Training Program,NY,Gouverneur,43482,6379,10624.00000000,131.864750000000
part_d_total_claims,1073047957,MITCHEL NORTON,Student in an Organized Health Care Education/Training Program,MO,Cassville,4278,705,13763.00000000,131.778028571429
part_d_total_claims,1477660363,JAMES TOLLMAN,Hospitalist Physician,MA,North Andover,493,271,13935.00000000,131.489500000000
part_d_total_claims,1285740290,TERRY SMITH,Emergency Medicine Physician,MT,Polson,243,139,6269.00000000,130.937312500000
part_d_total_claims,1255586400,ROBERT ANDERSON,Student in an Organized Health Care Education/Training Program,NY,Penn Yan,43482,6379,10523.00000000,130.603185185185
part_d_total_claims,1710392428,ANDREW HOSSLER,Hospitalist Physician,IL,Carbondale,825,465,14411.00000000,130.451945945946
part_d_total_claims,1396971164,TONY SCHWARTZ,Student in an Organized Health Care Education/Training Program,CT,Norwich,6408,1206,9341.00000000,130.403333333333
part_d_total_claims,1922299197,JOEL DUNN,Emergency Medicine Physician,MN,Sauk Centre,1265,680,6723.00000000,130.374007246377
part_d_total_claims,1407836513,NATHAN NOBLE,Pediatrics Physician,IA,Des Moines,620,30,2634.00000000,130.328388888889
part_d_total_claims,1053939686,CANDACE ANDERSON,Pharmacist,MD,Germantown,5524,921,5850.00000000,130.268433333333
part_d_total_claims,1497911762,NABEEL HAMOUI,Diagnostic Radiology Physician,FL,Brooksville,2423,97,4666.00000000,130.094187500000
part_d_total_claims,1386986545,BENNETT BOLYARD,Student in an Organized Health Care Education/Training Program,MO,Springfield,4278,705,13571.00000000,129.927971428571
part_d_total_claims,1932170305,KENYA HANSPARD,Emergency Medicine Physician,MA,Burlington,1735,721,8919.00000000,129.899902173913
part_d_total_claims,1255305256,DAVID MORA,Optometrist,TX,Laredo,4751,1672,10269.00000000,129.822160377358
part_d_total_claims,1477794170,JULIANNE HETZLER,Hospitalist Physician,MA,Fall River,493,271,13755.00000000,129.779500000000
part_d_total_claims,1558637298,LAURA KRESTA,Student in an Organized Health Care Education/Training Program,MO,Kansas City,4278,705,13553.00000000,129.754528571429
part_d_total_claims,1952700171,JHONSUA JIMENEZ ARIAS,Hospitalist Physician,NJ,Morristown,433,223,19526.00000000,129.544069306931
part_d_total_claims,1811003031,LUCAS BRINKMAN,Emergency Medicine Physician,IA,Fredericksburg,481,250,10545.00000000,129.479247706422
part_d_total_claims,1629051792,WILLIAM MARCRUM,Emergency Medicine Physician,IN,Tell City,1125,691,13934.00000000,129.400951388889
part_d_total_claims,1770807992,CARMEN FAMILIA,Student in an Organized Health Care Education/Training Program,NY,Bronx,43482,6379,10421.00000000,129.329129629630
part_d_total_claims,1750477139,IBRAHIM ALMEKY,Hospitalist Physician,PA,Kingston,718,425,19670.00000000,129.239490196078
part_d_total_claims,1497838585,RIMANPREET UPPAL,Pharmacist,CA,Hayward,32442,4634,11577.00000000,129.121783333333
part_d_total_claims,1437656584,SHERI FRICKEY,Student in an Organized Health Care Education/Training Program,AL,Centre,5675,762,12974.00000000,128.819507407407
part_d_total_claims,1245238005,ANDREW QUINT,Pediatrics Physician,MO,Columbia,2069,102,10565.00000000,128.743654545455
part_d_total_claims,1144200122,SULTAN QURAISHI,Surgery Physician,CT,East Hartford,411,141,5767.00000000,128.672116666667
part_d_total_claims,1922280528,ELIZABETH WOOD,Student in an Organized Health Care Education/Training Program,AL,Daphne,5675,762,12950.00000000,128.579685185185
part_d_total_claims,1023308194,JAMIE FREELIN,Hospitalist Physician,SC,Greenville,198,114,25184.00000000,128.375558935361
part_d_total_claims,1316208093,AMIT PATEL,Emergency Medicine Physician,MS,Coldwater,493,313,21094.00000000,128.369613636364
part_d_total_claims,1417908930,TOM SAAD,Emergency Medicine Physician,MI,Richland,2654,1446,9771.00000000,128.260803921569
part_d_total_claims,1871793430,SHAFIA RUBEEN,Student in an Organized Health Care Education/Training Program,KY,Franklin,4670,680,19967.00000000,128.100136363636
part_d_total_claims,1487764957,DEREK DUNCAN,Emergency Medicine Physician,IA,Lake City,481,250,10430.00000000,128.055990825688
part_d_total_claims,1003434804,TIFFANY HO,Pharmacist,CA,Martinez,32442,4634,11480.00000000,128.031341666667
part_d_total_claims,1285628321,BRYAN VENERUS,Emergency Medicine Physician,NY,Little Falls,4319,1795,8600.00000000,128.005111111111
part_d_total_claims,1164485926,PETER MANIS,Emergency Medicine Physician,FL,Pensacola,3563,2068,14717.00000000,127.953525974026
part_d_total_claims,1851377071,NATHAN BRINN,Pediatrics Physician,CO,Fort Collins,1429,52,4772.00000000,127.763790000000
part_d_total_claims,1215016571,AHSAN USMAN,Hospitalist Physician,IL,Belleville,825,465,14115.00000000,127.753945945946
part_d_total_claims,1689150138,SHAWN MERCER,Student in an Organized Health Care Education/Training Program,OH,Canal Fulton,15977,3025,12761.00000000,127.641574626866
part_d_total_claims,1225098387,ARLENE RAMOS,Hospitalist Physician,NC,Thomasville,758,468,18004.00000000,127.619682539683
part_d_total_claims,1205325628,HASAN IMANLI,Student in an Organized Health Care Education/Training Program,MD,Baltimore,7249,977,7969.00000000,127.095071428571
part_d_total_claims,1831181981,JOSE DAVID,Addiction Medicine (Family Medicine) Physician,NY,Albany,60,33,23675.00000000,126.892336000000
part_d_total_claims,1275547242,LLOYD FRUGE,Emergency Medicine Physician,TX,Atlanta,4378,2334,15160.00000000,126.881881250000
part_d_total_claims,1306899570,KRISHDEEP KHOSLA,Internal Medicine Physician,IL,Oakbrook Terrace,8316,4676,119452.00000000,126.785722310127
part_d_total_claims,1710179643,JATINDER GAHLA,Hospitalist Physician,PA,Bethlehem,718,425,19262.00000000,126.541490196078
part_d_total_claims,1548279755,ERIC PRESSER,Thoracic Surgery (Cardiothoracic Vascular Surgery) Physician,CA,Rancho Mirage,514,87,3970.00000000,126.420571428571
part_d_total_claims,1124049473,BRIAN BOE,Surgery Physician,IL,Chicago,1531,557,6980.00000000,126.277337837838
part_d_total_claims,1336404540,IMRAN SHAFQAT,Student in an Organized Health Care Education/Training Program,MI,Kalamazoo,10231,2109,10336.00000000,125.898490909091
part_d_total_claims,1760634778,KEVIN VU,Hospitalist Physician,CA,Sacramento,1831,1039,19474.00000000,125.457000000000
part_d_total_claims,1790225134,ROSEMARY SAVAGE,Student in an Organized Health Care Education/Training Program,FL,Ormond Beach,19042,2682,14776.00000000,125.354544303797
part_d_total_claims,1811992613,HENRY DEBIEC,General Practice Physician,OH,Andover,301,81,21121.00000000,125.319712389381
part_d_total_claims,1376813865,CARMEN WONG,Pharmacist,CA,Union City,32442,4634,11218.00000000,125.086025000000
part_d_total_claims,1275565251,MARC WILSON,Emergency Medicine Physician,MD,Baltimore,1124,456,7654.00000000,124.914109756098
part_d_total_claims,1386873644,VIOLETA RISTIC,Student in an Organized Health Care Education/Training Program,MA,Burlington,14128,1958,6902.00000000,124.910108108108
part_d_total_claims,1992119606,IVY VACHON,Student in an Organized Health Care Education/Training Program,MI,Marquette,10231,2109,10253.00000000,124.880609090909
part_d_total_claims,1093039000,TAMMY MILHOLEN,Surgery Physician,TN,Lexington,705,353,10605.00000000,124.474833333333
part_d_total_claims,1407149511,WILLIAM HUNDLEY,Student in an Organized Health Care Education/Training Program,AL,Dothan,5675,762,12524.00000000,124.322840740741
part_d_total_claims,1831432152,MOHAMED KAMEL ELSAYED,Student in an Organized Health Care Education/Training Program,MD,Frederick,7249,977,7791.00000000,124.236476190476
part_d_total_claims,1467422501,ELIZABETH RESTINO,Emergency Medicine Physician,NC,Denver,1837,980,12996.00000000,124.194721428571
part_d_total_claims,1437474665,DAVID COFFEY,Emergency Medicine Physician,MO,Hannibal,1322,677,11316.00000000,124.119057377049
part_d_total_claims,1336453562,IRMA AVALOS,Pharmacist,NM,Albuquerque,1991,608,13447.00000000,123.805637931034
part_d_total_claims,1700382611,KITTIKA MAYALL,Student in an Organized Health Care Education/Training Program,MA,South Weymouth,14128,1958,6836.00000000,123.706945945946
part_d_total_claims,1316173636,JOHN RINKER,Student in an Organized Health Care Education/Training Program,IL,Pontiac,10607,1520,12527.00000000,123.443419117647
part_d_total_claims,1841271947,AJAY MADHANI,Hospitalist Physician,IL,Buffalo Grove,825,465,13634.00000000,123.369695945946
part_d_total_claims,1093199762,KULJINDER DEOL,Hospitalist Physician,NY,Newark,1261,596,14733.00000000,123.366050000000
part_d_total_claims,1477563781,LORRIE PENFIELD,Emergency Medicine Physician,NY,Elmira,4319,1795,8276.00000000,123.148711111111
part_d_total_claims,1447342183,KEVIN SNOW,Hospitalist Physician,MA,Holyoke,493,271,13054.00000000,123.120000000000
part_d_total_claims,1528173705,MICHAEL RAUSCH,Obstetrics & Gynecology Physician,KS,Augusta,340,165,6074.00000000,123.086030303030
part_d_total_claims,1700229416,WESTON RADFORD,Student in an Organized Health Care Education/Training Program,WI,Oshkosh,3991,834,14209.00000000,122.867790322581
part_d_total_claims,1528343498,RAQUEL DAVIS,Student in an Organized Health Care Education/Training Program,NY,Bronx,43482,6379,9867.00000000,122.409259259259
part_d_total_claims,1821068420,IKENNA NZEOGU,Family Medicine Physician,VA,Tazewell,3949,2448,237104.00000000,122.202187548040
part_d_total_claims,1972957132,TRAVIS REARICK,Student in an Organized Health Care Education/Training Program,PA,Johnstown,14928,2712,12575.00000000,122.104050724638
part_d_total_claims,1316443922,KENNETH MCVEY,Student in an Organized Health Care Education/Training Program,VA,Cedar Bluff,7167,1433,14194.00000000,121.937493589744
part_d_total_claims,1114970704,CHAD SHERWOOD,Emergency Medicine Physician,AR,Searcy,464,309,17855.00000000,121.795428571429
part_d_total_claims,1528321049,PYONE MYAT MON,Student in an Organized Health Care Education/Training Program,PA,Dunmore,14928,2712,12521.00000000,121.576181159420
part_d_total_claims,1194811307,ALBERT VELTRI,Emergency Medicine Physician,IA,Ida Grove,481,250,9895.00000000,121.434752293578
part_d_total_claims,1851356968,VINCENT CANTONE,Pediatrics Physician,PA,Shippensburg,3888,146,7505.00000000,121.125572289157
part_d_total_claims,1508805532,ERIC DUPREE,Emergency Medicine Physician,LA,Olla,952,558,15030.00000000,121.093066265060
part_d_total_claims,1720237704,ANTHONY ANDRES,Hospitalist Physician,IN,Mooresville,344,218,28532.00000000,120.970294303797
part_d_total_claims,1144439506,URSULA PENROSE,Women's Health Nurse Practitioner,IN,Bloomington,198,50,8392.00000000,120.851543010753
part_d_total_claims,1972602720,VALENTIN ISACESCU,Military Health Care Provider,CA,Oceanside,586,31,4527.00000000,120.843420000000
part_d_total_claims,1407203888,JONATHAN TACKETT,Emergency Medicine Physician,NC,Chapel Hill,1837,980,12636.00000000,120.725864285714
part_d_total_claims,1639564404,KRISTIN ROBIDOU,Student in an Organized Health Care Education/Training Program,MO,Stockton,4278,705,12613.00000000,120.696957142857
part_d_total_claims,1104802651,PATRICK HANLEY,Emergency Medicine Physician,PA,Jim Thorpe,3616,1743,8297.00000000,120.662184782609
part_d_total_claims,1760544340,PRISCILLA LUONG,Pediatrics Physician,FL,New Smyrna Beach,4187,181,23754.00000000,120.648632575758
part_d_total_claims,1053632406,DONALD REESE,Student in an Organized Health Care Education/Training Program,IL,Paxton,10607,1520,12181.00000000,120.011404411765
part_d_total_claims,1184061699,SIRISHA CHADA,Student in an Organized Health Care Education/Training Program,AL,Gardendale,5675,762,12085.00000000,119.936092592593
part_d_total_claims,1962472084,CHARLES OUTZ,Emergency Medicine Physician,SC,Piedmont,1197,744,14522.00000000,119.936092592593
part_d_total_claims,1972665529,SCOTT LUNEAU,Hospitalist Physician,NC,Pinehurst,758,468,16918.00000000,119.868285714286
part_d_total_claims,1740439215,MAGDALENA NOWAK,Student in an Organized Health Care Education/Training Program,IL,Rockford,10607,1520,12139.00000000,119.594801470588
part_d_total_claims,1245529437,DUSTIN MARKLE,Student in an Organized Health Care Education/Training Program,VA,Charlottesville,7167,1433,13923.00000000,119.594038461538
part_d_total_claims,1215381314,TONY ZHOU,Student in an Organized Health Care Education/Training Program,NY,Brooklyn,43482,6379,9612.00000000,119.224120370370
part_d_total_claims,1912218272,MHD FIRAS ZAKARIA,Hospitalist Physician,IL,Palos Heights,825,465,13160.00000000,119.049250000000
part_d_total_claims,1043302946,MICHAEL ZABOSKI,Emergency Medicine Physician,NJ,Elizabeth,1606,860,10483.00000000,118.917779661017
part_d_total_claims,1942430608,INNOKENTIY BAKAEV,Student in an Organized Health Care Education/Training Program,MA,Lawrence,14128,1958,6563.00000000,118.730229729730
part_d_total_claims,1265710693,AHAMED SHAMSEDEEN,Student in an Organized Health Care Education/Training Program,PA,Hanover Twp,14928,2712,12227.00000000,118.702224637681
part_d_total_claims,1013945047,ROBERT MAGLEY,Emergency Medicine Physician,PA,Ebensburg,3616,1743,8155.00000000,118.580032608696
part_d_total_claims,1588681035,DANA DAY,Emergency Medicine Physician,MO,Farmington,1322,677,10791.00000000,118.313934426230
part_d_total_claims,1528058765,REGGIE HENDERSON,Emergency Medicine Physician,TN,Lexington,1142,652,17407.00000000,118.184725888325
part_d_total_claims,1285619239,ZACHARY VERES,Emergency Medicine Physician,OH,Warren,2616,1447,10597.00000000,118.093708333333
part_d_total_claims,1104826478,STEVEN RAYLE,Emergency Medicine Physician,AZ,Tucson,1386,644,7417.00000000,118.037500000000
part_d_total_claims,1336432798,JOHN LEWIS,Student in an Organized Health Care Education/Training Program,TN,Crossville,5929,978,13124.00000000,118.001285234899
part_d_total_claims,1013272939,KRISTEN KELLEY,Student in an Organized Health Care Education/Training Program,NY,Greenwich,43482,6379,9509.00000000,117.937574074074
part_d_total_claims,1811050339,CAI GLUSHAK,Emergency Medicine Physician,IL,Chicago,2986,1493,9344.00000000,117.897509433962
part_d_total_claims,1770521536,EJIRO UGHOVWA,Emergency Medicine Physician,LA,Kinder,952,558,14632.00000000,117.858716867470
part_d_total_claims,1982904033,JOSHUA ALLEN,Emergency Medicine Physician,TX,Corpus Christi,4378,2334,14059.00000000,117.599075000000
part_d_total_claims,1770970931,JOHN MATERA,Hospitalist Physician,IL,Blue Island,825,465,12995.00000000,117.545297297297
part_d_total_claims,1902049836,ANDERS PETERSEN,Student in an Organized Health Care Education/Training Program,TN,Chattanooga,5929,978,13071.00000000,117.521439597315
part_d_total_claims,1073008132,LEONIDAS VLANTIS,Student in an Organized Health Care Education/Training Program,NY,Flushing,43482,6379,9470.00000000,117.450435185185
part_d_total_claims,1902175763,TINA LOAN HUA,Pharmacist,CA,Vallejo,32442,4634,10524.00000000,117.284308333333
part_d_total_claims,1396866943,JOSEPH WALKER,Surgery Physician,GA,Donalsonville,1011,552,11209.00000000,117.189105468750
part_d_total_claims,1972828424,CATHERINE CLEMENTS,Student in an Organized Health Care Education/Training Program,MD,Baltimore,7249,977,7334.00000000,116.897273809524
part_d_total_claims,1215376488,UZMA IMRAN,Student in an Organized Health Care Education/Training Program,MI,Taylor,10231,2109,9579.00000000,116.614918181818
part_d_total_claims,1952371387,TROY CAPPLEMAN,Emergency Medicine Physician,MS,New Albany,493,313,19112.00000000,116.216350000000
part_d_total_claims,1487705042,STEPHEN NUNENMACHER,Emergency Medicine Physician,MS,Pascagoula,493,313,19111.00000000,116.210218181818
part_d_total_claims,1649336306,DAVID FRENCH,Emergency Medicine Physician,KY,Eddyville,858,519,14543.00000000,115.749017857143
part_d_total_claims,1285690719,JULIET CONDE,Emergency Medicine Physician,LA,Eunice,952,558,14371.00000000,115.737698795181
part_d_total_claims,1356607584,NIKITA FITZCHARLES,Student in an Organized Health Care Education/Training Program,MA,Hull,14128,1958,6392.00000000,115.612945945946
part_d_total_claims,1568787141,BRYAN BUNN,Student in an Organized Health Care Education/Training Program,NC,Edenton,9187,2081,12771.00000000,115.594716216216
part_d_total_claims,1104163856,DAVID SANDERS,Emergency Medicine Physician,NC,Danbury,1837,980,12081.00000000,115.378042857143
part_d_total_claims,1134407018,RICHARD KNAPP,Student in an Organized Health Care Education/Training Program,WV,Madison,2295,532,14679.00000000,115.016055555556
part_d_total_claims,1427145184,GENNARO POLVERINO,Emergency Medicine Physician,NY,Rochester,4319,1795,7715.00000000,114.739944444444
part_d_total_claims,1720098205,JOHN HARPER,Emergency Medicine Physician,CA,Ramona,6975,3707,9428.00000000,114.628209090909
part_d_total_claims,1144694159,HEATHER TRAN,Pharmacist,WA,Seattle,7946,2493,12187.00000000,114.598500000000
part_d_total_claims,1306323209,UMMA SALMA SULTANA,Student in an Organized Health Care Education/Training Program,NY,Bronx,43482,6379,9218.00000000,114.302768518519
part_d_total_claims,1083148829,RANDALL MCPHERSON,Student in an Organized Health Care Education/Training Program,MI,Detroit,10231,2109,9384.00000000,114.223509090909
part_d_total_claims,1245518463,MIKRAM JAFRI,Hospitalist Physician,NY,Albany,1261,596,13632.00000000,114.083243750000
part_d_total_claims,1194082859,RAMSES ROJAS,Student in an Organized Health Care Education/Training Program,FL,Cape Coral,19042,2682,13452.00000000,114.050265822785
part_d_total_claims,1295916237,STIRLING SHIRAH,Student in an Organized Health Care Education/Training Program,AL,Birmingham,5675,762,11491.00000000,114.000492592593
part_d_total_claims,1427374305,ARI POLLACK,Student in an Organized Health Care Education/Training Program,CT,Fairfield,6408,1206,8164.00000000,113.864031250000
part_d_total_claims,1457699431,YOUNG DO SONG,Student in an Organized Health Care Education/Training Program,RI,Cranston,1074,240,7567.00000000,113.823769662921
part_d_total_claims,1124569330,JOSEPH ESMAEILI,Student in an Organized Health Care Education/Training Program,OH,Gallipolis,15977,3025,11386.00000000,113.799223880597
part_d_total_claims,1407918493,GENEVIEVE MCLEOD,Hospitalist Physician,AL,Mobile,180,105,14953.00000000,113.752892045455
part_d_total_claims,1851820518,PHILIP RILEY,Student in an Organized Health Care Education/Training Program,MI,Rochester,10231,2109,9342.00000000,113.708436363636
part_d_total_claims,1487695904,DONALD TUCKER,Emergency Medicine Physician,TN,Tullahoma,1142,652,16752.00000000,113.699472081218
part_d_total_claims,1518022920,GREGORY PANICCIA,Military Health Care Provider,CA,National City,586,31,4260.00000000,113.639760000000
part_d_total_claims,1255351458,WILLIAM SPENCE,Emergency Medicine Physician,ID,St Maries,299,171,8168.00000000,113.582989583333
part_d_total_claims,1568078434,ABDESSAMAD EL ADNANI,Student in an Organized Health Care Education/Training Program,MA,Fall River,14128,1958,6266.00000000,113.316000000000
part_d_total_claims,1841269180,DAVID REGNIER,Emergency Medicine Physician,IN,Frankfort,1125,691,12212.00000000,113.269159722222
part_d_total_claims,1114455094,STANLEY SACHAK,Student in an Organized Health Care Education/Training Program,MO,Troy,4278,705,11835.00000000,113.200371428571
part_d_total_claims,1518224617,DANIEL MYERS,Student in an Organized Health Care Education/Training Program,NC,Winston Salem,9187,2081,12501.00000000,113.133702702703
part_d_total_claims,1134470636,BALJIT SOHAL,Optometrist,CA,Marysville,8047,2059,8111.00000000,113.091166666667
part_d_total_claims,1174755581,CLAUDIA GONZALEZ SUAREZ,Student in an Organized Health Care Education/Training Program,NY,Macedon,43482,6379,9102.00000000,112.853842592593
part_d_total_claims,1518257138,JAYSON WEIR,Internal Medicine Physician,NV,Carson City,1346,842,86746.00000000,112.785428225024
part_d_total_claims,1508057159,JAMES TOMPKINS,Emergency Medicine Physician,TN,Byrdstown,1142,652,16548.00000000,112.302538071066
part_d_total_claims,1699977744,VINCENT HARISARAN,Surgery Physician,RI,East Providence,163,64,3862.00000000,112.230934782609
part_d_total_claims,1851774145,NATALIA HANSON,Student in an Organized Health Care Education/Training Program,PA,Mifflintown,14928,2712,11555.00000000,112.133181159420
part_d_total_claims,1285660241,NAJMUDDIN KARIMJEE,Internal Medicine Physician,TX,Houston,10894,6960,112229.00000000,112.027770290395
part_d_total_claims,1568571438,BRAD JENKINS,Emergency Medicine Physician,AR,North Little Rock,464,309,16434.00000000,112.015178571429
part_d_total_claims,1275519944,CAMELA BILLICK,Obstetrics & Gynecology Physician,WA,Tacoma,1006,353,2518.00000000,111.877066666667
part_d_total_claims,1902148133,GREGORY BAIRD,Hospitalist Physician,UT,South Jordan,105,48,15349.00000000,111.761717391304
part_d_total_claims,1780659573,GEORGE MELONE,Emergency Medicine Physician,CO,Highlands Ranch,1362,572,5762.00000000,111.634637681159
part_d_total_claims,1689754822,LEON BUTLER,Internal Medicine Physician,KY,Louisville,1784,1233,126418.00000000,111.489525000000
part_d_total_claims,1689025959,ROBERT MCFADGEN,Student in an Organized Health Care Education/Training Program,ME,Presque Isle,1189,265,13970.00000000,111.380827380952
part_d_total_claims,1003869819,RAMESH KRISHNARAJ,Hospitalist Physician,NC,Morganton,758,468,15721.00000000,111.324619047619
part_d_total_claims,1477880094,CHRISTOPHER BADGER,Hospitalist Physician,MD,Baltimore,313,157,9972.00000000,111.270016666667
part_d_total_claims,1689751372,SHARRIE RAY,Internal Medicine Physician,CA,San Francisco,20021,12594,144124.00000000,111.165206559264
part_d_total_claims,1326287715,SALMAN ALY,Hospitalist Physician,TX,Sugar Land,1075,625,20259.00000000,111.154282786885
part_d_total_claims,1578724886,AMAR MOHAN,Internal Medicine Physician,GA,Monroe,4544,2922,130624.00000000,111.105899746193
part_d_total_claims,1417248113,SPENCER EISENBERG,Student in an Organized Health Care Education/Training Program,NY,Johnson City,43482,6379,8950.00000000,110.955250000000
part_d_total_claims,1275511404,DAVID WHITMORE,Emergency Medicine Physician,WV,Huntington,444,275,12114.00000000,110.913671232877
part_d_total_claims,1669575981,GEORGE CHANEY,General Practice Physician,KY,Hazard,141,47,33078.00000000,110.837212500000
part_d_total_claims,1760605190,HASEEB HASHMI,Hospitalist Physician,FL,Temple Terrace,1207,745,19551.00000000,110.818063559322
part_d_total_claims,1467533166,LANE BEATTY,Internal Medicine Physician,ME,Portland,748,461,75382.00000000,110.801416666667
part_d_total_claims,1184734816,ANDREA ELY,Hospitalist Physician,KS,Roeland Park,109,74,10187.00000000,110.749609756098
part_d_total_claims,1538237813,AJAY ANAND,Internal Medicine Physician,MA,Weston,7812,4337,137597.00000000,110.710308523409
part_d_total_claims,1124044334,ZHIYI SHA,Neurological Surgery Physician,MN,Minneapolis,175,60,2979.00000000,110.468111111111
part_d_total_claims,1780105411,DAVID VERA SANTIAGO,Student in an Organized Health Care Education/Training Program,PR,Aibonito,3496,215,12370.00000000,110.429140000000
part_d_total_claims,1124474903,BRITTANY FAIRCHILD,Student in an Organized Health Care Education/Training Program,KY,Paintsville,4670,680,17225.00000000,110.401772727273
part_d_total_claims,1508173063,MAHESWARA REDDY IRIGELA,Student in an Organized Health Care Education/Training Program,NY,Bronx,43482,6379,8895.00000000,110.268259259259
part_d_total_claims,1720247851,AILESE SCOTT,Student in an Organized Health Care Education/Training Program,MI,Kalamazoo,10231,2109,9059.00000000,110.237827272727
part_d_total_claims,1720283450,GRETCHEN FARMER,Pediatrics Physician,MO,Union,2069,102,9051.00000000,110.176509090909
part_d_total_claims,1871728675,IMRAN KAZMI,Hospitalist Physician,IL,Sycamore,825,465,12165.00000000,109.979959459459
part_d_total_claims,1548490998,MUZAFAR KHAN,Student in an Organized Health Care Education/Training Program,PA,Dillsburg,14928,2712,11326.00000000,109.894623188406
part_d_total_claims,1285127837,SCOTT SORDAHL,Student in an Organized Health Care Education/Training Program,WI,Rice Lake,3991,834,12704.00000000,109.769435483871
part_d_total_claims,1235195561,KANDARP PATEL,Specialist,TN,Jackson,932,240,44219.00000000,109.707425000000
part_d_total_claims,1649216680,ROBERT WALKER,Emergency Medicine Physician,MS,Hazlehurst,493,313,18049.00000000,109.698227272727
part_d_total_claims,1861052300,DIANA SOLIS,Pharmacist,VA,Sterling,6567,669,2137.00000000,109.528423076923
part_d_total_claims,1386994812,FELIX FONGE,Registered Nurse,IL,Hinsdale,3857,455,33136.00000000,109.315517241379
part_d_total_claims,1407390461,ADA CHAN,Pharmacist,WA,Kirkland,7946,2493,11620.00000000,109.212000000000
part_d_total_claims,1326509621,LUCAS WARTON,Student in an Organized Health Care Education/Training Program,PA,Altoona,14928,2712,11255.00000000,109.200572463768
part_d_total_claims,1790282655,ERIN BRITT,Hospitalist Physician,AL,Cullman,180,105,14356.00000000,109.177022727273
part_d_total_claims,1659378180,BRIAN CROTZER,Physician Assistant,NY,Cheektowaga,14666,6059,22909.00000000,108.814549645390
part_d_total_claims,1790246098,ERALD LULA,Student in an Organized Health Care Education/Training Program,AL,Jasper,5675,762,10965.00000000,108.744388888889
part_d_total_claims,1891989232,EUCLIDES MARMOLEJOS BAEZ,Student in an Organized Health Care Education/Training Program,FL,Fort Myers,19042,2682,12828.00000000,108.722569620253
part_d_total_claims,1144269093,WAEL MCTABI,Emergency Medicine Physician,IL,Joliet,2986,1493,8613.00000000,108.594500000000
part_d_total_claims,1558471433,KIRAN MARIWALLA,Emergency Medicine Physician,CA,Solvang,6975,3707,8924.00000000,108.447336363636
part_d_total_claims,1992217178,YASER MUSTAFA,Emergency Medicine Physician,IL,Dekalb,2986,1493,8600.00000000,108.429056603774
part_d_total_claims,1730332909,ALAA AL SAIF,Student in an Organized Health Care Education/Training Program,OH,Massillon,15977,3025,10844.00000000,108.342820895522
part_d_total_claims,1104147990,LANCE MARTIN,Emergency Medicine Physician,TX,Amarillo,4378,2334,12954.00000000,108.282543750000
part_d_total_claims,1124092572,JULIE PYSKLO,Hospitalist Physician,CO,Durango,333,149,8085.00000000,108.216780000000
part_d_total_claims,1194129692,MAHMOUD OKASH,Thoracic Surgery (Cardiothoracic Vascular Surgery) Physician,IL,Chicago,205,47,3401.00000000,108.144833333333
part_d_total_claims,1235175233,WALTER MAIER,Emergency Medicine Physician,CA,Lake Arrowhead,6975,3707,8897.00000000,108.116218181818
part_d_total_claims,1457406100,KELLY SCOTT,Women's Health Nurse Practitioner,PA,Midland,391,120,4367.00000000,108.094870370370
part_d_total_claims,1558377648,MARINO MALLOZZI,Hospitalist Physician,PA,Ephrata,718,425,16441.00000000,107.886936274510
part_d_total_claims,1821059981,TIMOTHY MCKERNAN,Emergency Medicine Physician,VA,Roanoke,1564,768,10308.00000000,107.698679687500
part_d_total_claims,1619316395,ALEXANDER NGUYEN,Student in an Organized Health Care Education/Training Program,CT,Waterbury,6408,1206,7722.00000000,107.653010416667
part_d_total_claims,1902850084,PATRICK GILLESPIE,Emergency Medicine Physician,LA,Washington,952,558,13371.00000000,107.611192771084
part_d_total_claims,1750310082,ROBERT SQUIRE,Emergency Medicine Physician,VA,Emporia,1564,768,10287.00000000,107.477359375000
part_d_total_claims,1922094325,MICHAEL BAUM,Surgery Physician,OH,Barnesville,1317,648,6911.00000000,107.370988372093
part_d_total_claims,1104087394,TOM MURPHY,Student in an Organized Health Care Education/Training Program,IL,Pontiac,10607,1520,10902.00000000,107.324852941176
part_d_total_claims,1285120113,MANUEL VISTA,Student in an Organized Health Care Education/Training Program,NY,Bronx,43482,6379,8659.00000000,107.320444444444
part_d_total_claims,1982714473,ERIK DICKSON,Hospitalist Physician,WI,Chippewa Falls,469,280,14518.00000000,107.286491712707
part_d_total_claims,1871942151,RYAN HUANG,Surgery Physician,NV,Las Vegas,268,106,6558.00000000,106.932926829268
part_d_total_claims,1134158058,RAMI ASHKAR,Hospitalist Physician,MA,Springfield,493,271,11349.00000000,106.922500000000
part_d_total_claims,1568609287,ALAN WEATHERFORD,Emergency Medicine Physician,TN,Lexington,1142,652,15751.00000000,106.844908629442
part_d_total_claims,1710249487,KENNETH HILL,Pharmacist,WA,Everett,7946,2493,11362.00000000,106.761000000000
part_d_total_claims,1568625127,SAMUEL DEEL,Pediatrics Physician,VA,Norton,2012,61,13232.00000000,106.741656626506
part_d_total_claims,1669650354,REBECCA BARTON,Women's Health Nurse Practitioner,VA,Lebanon,266,51,8940.00000000,106.715535714286
part_d_total_claims,1982607669,JACK BRUNER,Surgery Physician,ID,Cottonwood,191,98,4792.00000000,106.537275000000
part_d_total_claims,1932143666,JUNAID MEMON,Emergency Medicine Physician,AL,Scottsboro,664,396,23781.00000000,106.419857859532
part_d_total_claims,1427090232,MICHAEL PARTIN,Emergency Medicine Physician,OK,Oklahoma City,688,460,12667.00000000,106.375861635220
part_d_total_claims,1790736262,GRANT SCARBOROUGH,Pediatrics Physician,GA,Columbus,2254,86,7774.00000000,106.185571428571
part_d_total_claims,1265675706,ADAM DURAN,Student in an Organized Health Care Education/Training Program,TX,Carthage,22576,2979,14111.00000000,106.161752808989
part_d_total_claims,1821087172,ANDREW WYANT,Emergency Medicine Physician,MO,Marshall,1322,677,9681.00000000,106.040245901639
part_d_total_claims,1811157415,JESSICA SCHWARTZ,Student in an Organized Health Care Education/Training Program,PA,Temple,14928,2712,10930.00000000,106.023579710145
part_d_total_claims,1164489803,BENSON ZOGHLIN,Hospitalist Physician,NY,Hilton,1261,596,12660.00000000,105.888068750000
part_d_total_claims,1104853142,JOSEPH MOORE,Pediatrics Physician,OK,Tulsa,710,41,31443.00000000,105.859216080402
part_d_total_claims,1609138486,TIMOTHY HOLCOMB,Student in an Organized Health Care Education/Training Program,TX,Flint,22576,2979,14011.00000000,105.403887640449
part_d_total_claims,1497763783,PAUL RUTLEDGE,Emergency Medicine Physician,MO,Saint Louis,1322,677,9608.00000000,105.233057377049
part_d_total_claims,1275512774,GREGORY ZARCONE,Hospitalist Physician,TX,Pittsburg,1075,625,19166.00000000,105.111426229508
part_d_total_claims,1205275799,XIAOYU LI,Student in an Organized Health Care Education/Training Program,NY,Southampton,43482,6379,8473.00000000,104.997166666667
part_d_total_claims,1972561702,JILL COUCH,Hospitalist Physician,VA,Norton,496,294,15363.00000000,104.853778061224
part_d_total_claims,1104867068,ARSENIO FAVOR,Surgery Physician,IN,Demotte,634,338,6432.00000000,104.744914634146
part_d_total_claims,1184971194,GABRIEL GABARAIN,Diagnostic Radiology Physician,CA,Riverside,4044,108,1105.00000000,104.740214285714
part_d_total_claims,1700179744,SPENCER WOLF,Student in an Organized Health Care Education/Training Program,OH,Kettering,15977,3025,10486.00000000,104.738776119403
part_d_total_claims,1063592095,SHEPHALI PATEL,Psychiatry Physician,IL,Chicago,1952,999,45657.00000000,104.729984589041
part_d_total_claims,1356516462,ALA-MAY LUMIBAO,Infectious Disease Physician,NY,Brooklyn,774,430,40806.00000000,104.705141762452
part_d_total_claims,1538457908,LINDSAY YORNS,Student in an Organized Health Care Education/Training Program,MA,Plymouth,14128,1958,5792.00000000,104.675108108108
part_d_total_claims,1942211776,ARIF CHOUDHURY,Hospitalist Physician,NY,Sodus,1261,596,12508.00000000,104.606518750000
part_d_total_claims,1679523757,REX TUCKIER,Surgery Physician,AL,Moulton,441,262,14325.00000000,104.595415300546
part_d_total_claims,1164520771,TIMOTHY KLEIN,Hospitalist Physician,TN,Savannah,365,231,17018.00000000,104.392798165138
part_d_total_claims,1194809145,OGLEH NESHEIWAT,Hospitalist Physician,NY,Hopewell Junction,1261,596,12472.00000000,104.302993750000
part_d_total_claims,1346326147,MICHELE DESPREAUX,Hospitalist Physician,WA,Renton,385,172,8562.00000000,104.179590909091
part_d_total_claims,1144755778,MARICELA PACHECO,Student in an Organized Health Care Education/Training Program,TX,Corpus Christi,22576,2979,13849.00000000,104.176146067416
part_d_total_claims,1962949669,HYEON HYE LEE,Pharmacist,CA,Cupertino,32442,4634,9345.00000000,104.030383333333
part_d_total_claims,1235211962,JANET THURSTON,Obstetrics & Gynecology Physician,AZ,Page,789,286,5133.00000000,103.995636363636
part_d_total_claims,1669435103,MARK ZAMBRON,Pediatrics Physician,NY,Buffalo,5937,301,8684.00000000,103.788687500000
part_d_total_claims,1770570772,SCOTT CAUDLE,Surgery Physician,TN,Elizabethton,705,353,8856.00000000,103.778333333333
part_d_total_claims,1790760262,KURT ROSENKRANS,Emergency Medicine Physician,IA,Sioux City,481,250,8461.00000000,103.687357798165
part_d_total_claims,1497752919,EMILY LEVANDUSKY,Physician Assistant,NY,Cheektowaga,14666,6059,21813.00000000,103.571627659574
part_d_total_claims,1922119338,JOHN FINKNER,Emergency Medicine Physician,NE,Alma,261,132,7068.00000000,103.539456043956
part_d_total_claims,1811263643,LAUREN BROADWAY,Student in an Organized Health Care Education/Training Program,FL,Venice,19042,2682,12217.00000000,103.505867088608
part_d_total_claims,1801917554,NICKLESH THAKUR,Neurological Surgery Physician,CA,Sacramento,872,225,5720.00000000,103.326108108108
part_d_total_claims,1811976699,DAVID MCINTOSH,Pediatrics Physician,CT,Kent,1088,45,5098.00000000,103.300696969697
part_d_total_claims,1598788689,ROBERT PEARLSTEIN,Geriatric Medicine (Internal Medicine) Physician,PA,Plymouth Meeting,225,140,378923.00000000,103.259269473256
part_d_total_claims,1487920690,BRIAN AHLSTRAND,Student in an Organized Health Care Education/Training Program,CO,Westminster,5362,865,14190.00000000,103.249820652174
part_d_total_claims,1639110687,CHARLES SEMONES,Emergency Medical Services (Emergency Medicine) Physician,GA,Homerville,96,54,19153.00000000,103.168582661290
part_d_total_claims,1922383751,CINDY KENNEDY,Pharmacist,NC,Charlotte,9615,749,4320.00000000,102.981696428571
part_d_total_claims,1053738443,KRISTIAN ENGHUSEN,Obstetrics & Gynecology Physician,WA,Spokane,1006,353,2319.00000000,102.928700000000
part_d_total_claims,1184111361,DANIEL BODNAR,Student in an Organized Health Care Education/Training Program,PA,Latrobe,14928,2712,10611.00000000,102.905239130435
part_d_total_claims,1912948019,SAMUEL WILSON,Emergency Medicine Physician,CA,Hesperia,6975,3707,8472.00000000,102.904172727273
part_d_total_claims,1639130263,PAUL HINTON,Pediatrics Physician,MO,Lake St Louis,2069,102,8455.00000000,102.867381818182
part_d_total_claims,1194110361,CARLOS PLA FERNANDEZ,Student in an Organized Health Care Education/Training Program,FL,Tampa,19042,2682,12142.00000000,102.865518987342
part_d_total_claims,1609137694,JESSICA YONLEY,Student in an Organized Health Care Education/Training Program,OH,Willard,15977,3025,10297.00000000,102.836082089552
part_d_total_claims,1508821174,VERNIS BEVERLY,Pediatrics Physician,VA,Chesapeake,2012,61,12735.00000000,102.702783132530
part_d_total_claims,1245556190,CLINTON MCMAHILL,Student in an Organized Health Care Education/Training Program,WY,Lander,161,47,6903.00000000,102.568966666667
part_d_total_claims,1902136617,JOEL GONZALEZ,Hospitalist Physician,FL,Homestead,1207,745,18085.00000000,102.438258474576
part_d_total_claims,1659590198,PHYLLIS ANDREWS,Physician Assistant,NY,Bronx,14666,6059,21569.00000000,102.404407801418
part_d_total_claims,1740443977,MELANIE SOLUM,Student in an Organized Health Care Education/Training Program,WI,La Crosse,3991,834,11856.00000000,102.389100000000
part_d_total_claims,1922072503,RAKESH PARIKH,Emergency Medicine Physician,IN,Merrillville,1125,691,11036.00000000,102.252326388889
part_d_total_claims,1720243413,AZFAR AHMED,Emergency Medicine Physician,NY,Clifton Springs,4319,1795,6866.00000000,102.014377777778
part_d_total_claims,1518498765,CAMERON MCLEAN,Hospitalist Physician,NY,Batavia,1261,596,12199.00000000,102.001262500000
part_d_total_claims,1508027608,MEAGAN JONES,Emergency Medicine Physician,CO,Colorado Springs,1362,572,5267.00000000,101.957028985507
part_d_total_claims,1639107667,PARAG AMIN,Hospitalist Physician,IL,Mchenry,825,465,11282.00000000,101.931533783784
part_d_total_claims,1669545711,FERNANDO CAVERO,Internal Medicine Physician,MO,Sparta,3400,2016,71191.00000000,101.891295940171
part_d_total_claims,1740237155,EDMUND FREUND,Emergency Medicine Physician,CA,Lodi,6975,3707,8380.00000000,101.775918181818
part_d_total_claims,1215162433,KRYSTAL FRANKLIN,Surgery Physician,CT,Stamford,411,141,4568.00000000,101.714600000000
part_d_total_claims,1457855546,ANDREW CHEN,Student in an Organized Health Care Education/Training Program,MI,Kalamazoo,10231,2109,8351.00000000,101.555172727273
part_d_total_claims,1518298892,KASSIE KOTTER,Pharmacist,NM,Albuquerque,1991,608,11051.00000000,101.514575862069
part_d_total_claims,1588953038,ASEM WERDI,Student in an Organized Health Care Education/Training Program,IL,Oak Lawn,10607,1520,10313.00000000,101.482492647059
part_d_total_claims,1962545269,CHARLES AMPADU,Internal Medicine Physician,IL,Swansea,8316,4676,95710.00000000,101.447147943038
part_d_total_claims,1194791178,MA.BELEN CLARK,Emergency Medicine Physician,CA,Vista,6975,3707,8352.00000000,101.432536363636
part_d_total_claims,1023021409,CLEMENCIA RASQUINHA,Geriatric Medicine (Internal Medicine) Physician,MN,Golden Valley,78,49,103250.00000000,101.417305718475
part_d_total_claims,1457559692,KEVIN GRAHAM,Emergency Medicine Physician,OH,Granville,2616,1447,9111.00000000,101.388591666667
part_d_total_claims,1861735656,LIUDMILA SKUDNOV,Hospitalist Physician,NY,Staten Island,1261,596,12126.00000000,101.385781250000
part_d_total_claims,1497715593,LAWRENCE MORRILL,Emergency Medicine Physician,UT,Roosevelt,432,227,5163.00000000,101.294029411765
part_d_total_claims,1336494772,MATTHEW EATON,Student in an Organized Health Care Education/Training Program,KY,Monticello,4670,680,15799.00000000,101.197590909091
part_d_total_claims,1629007216,CHARLES BRAUCHER,Pediatrics Physician,GA,Athens,2254,86,7404.00000000,101.092408163265
part_d_total_claims,1790124642,SASWAT SAHU,Student in an Organized Health Care Education/Training Program,MI,Marquette,10231,2109,8305.00000000,100.991045454545
part_d_total_claims,1831374172,NIRALI PARIKH,Student in an Organized Health Care Education/Training Program,IL,Glendale Heights,10607,1520,10258.00000000,100.936941176471
part_d_total_claims,1306095468,WILLIAM BLYMIRE,Pediatrics Physician,NY,Buffalo,5937,301,8442.00000000,100.873883928571
part_d_total_claims,1265828404,MICHAEL HALL,Student in an Organized Health Care Education/Training Program,KY,Georgetown,4670,680,15715.00000000,100.655409090909
part_d_total_claims,1730133604,CHAWKI LAHOUD,Emergency Medicine Physician,NC,Raleigh,1837,980,10552.00000000,100.645035714286
part_d_total_claims,1952565368,DMITRIY ACHERKAN,Emergency Medicine Physician,IA,Coralville,481,250,8207.00000000,100.543816513761
part_d_total_claims,1023251659,BLAINE BROUSSARD,Pediatrics Physician,LA,Alexandria,982,95,12016.00000000,100.542656250000
part_d_total_claims,1528486370,BRADLEY IRVIN,Hospitalist Physician,KS,Salina,109,74,9222.00000000,100.165991869919
part_d_total_claims,1265752273,DONNESHIA MOORE,Student in an Organized Health Care Education/Training Program,NC,Tarboro,9187,2081,11074.00000000,100.126790540541
part_d_total_claims,1710908140,MICHAEL KIM,Emergency Medicine Physician,MA,Winchester,1735,721,6888.00000000,100.119260869565
part_d_total_claims,1831289891,MUSTAFA RAHIM,Internal Medicine Physician,WV,Beckley,790,493,50478.00000000,100.021565088757
part_d_total_claims,1538571963,LEIGH COLLINS,Student in an Organized Health Care Education/Training Program,TX,Brownwood,22576,2979,13290.00000000,99.939679775281
part_d_total_claims,1033187695,STEVEN NEWMAN,Optometrist,FL,Miami,3408,1333,13727.00000000,99.833331521739
part_d_total_claims,1962411090,JOEL CARROLL,Emergency Medicine Physician,WI,Salem,1387,791,6132.00000000,99.661487804878
part_d_total_claims,1790724987,MATTHEW PAINTER,Obstetrics & Gynecology Physician,WA,Pasco,1006,353,2246.00000000,99.646133333333
part_d_total_claims,1417118639,DAVID PORTIER,Hospitalist Physician,CA,Daly City,1831,1039,15485.00000000,99.586033653846
part_d_total_claims,1386935724,JENARO HERNANDEZ,Student in an Organized Health Care Education/Training Program,MD,Baltimore,7249,977,6250.00000000,99.488750000000
part_d_total_claims,1487636742,MICHAEL PEACOCK,Specialist,GA,Eastman,1159,377,65350.00000000,99.458090909091
part_d_total_claims,1326452111,ROHINI KALISETTI,Student in an Organized Health Care Education/Training Program,OH,Millersburg,15977,3025,9961.00000000,99.453514925373
part_d_total_claims,1144287186,SARABJIT SANDHU,Forensic Psychiatry Physician,CA,Newport Beach,165,58,15005.00000000,99.358524752475
part_d_total_claims,1225261324,ELIOT WICKLIFF,Surgery Physician,WI,Milwaukee,773,334,5651.00000000,99.240250000000
part_d_total_claims,1396724167,MICHAEL O'CONNER,Internal Medicine Physician,IA,Des Moines,1313,725,49313.00000000,99.163653153153
part_d_total_claims,1942437256,KERRY PARTIS,Student in an Organized Health Care Education/Training Program,NC,Oak Island,9187,2081,10963.00000000,99.115040540541
part_d_total_claims,1043536261,JEREMY WATERS,Hospitalist Physician,OH,Waterford,662,363,13324.00000000,98.971633333333
part_d_total_claims,1366734170,SOLOMON OLABIYI,Student in an Organized Health Care Education/Training Program,ME,Houlton,1189,265,12421.00000000,98.942726190476
part_d_total_claims,1114978699,SACHIN PANCHAL,Hospitalist Physician,WI,Mount Pleasant,469,280,13382.00000000,98.819839779006
part_d_total_claims,1679514723,JASON TORRENTE,Family Medicine Physician,NJ,Hamilton,2651,1779,196230.00000000,98.696427873779
part_d_total_claims,1831610898,ALEXA MILLER,Student in an Organized Health Care Education/Training Program,IL,Eureka,10607,1520,10023.00000000,98.605948529412
part_d_total_claims,1851770465,DANIEL BENSON,Student in an Organized Health Care Education/Training Program,MI,Saint Joseph,10231,2109,8100.00000000,98.477000000000
part_d_total_claims,1609980135,CLAUDE CURRAN,Psychiatry Physician,MA,Fall River,2593,1160,27871.00000000,98.468101583113
part_d_total_claims,1710325485,DANA BIGGS,Pharmacist,WA,Everett,7946,2493,10487.00000000,98.448500000000
part_d_total_claims,1669854964,JANEE' STEELE,Student in an Organized Health Care Education/Training Program,MS,Tupelo,2070,358,9721.00000000,98.436121212121
part_d_total_claims,1720374002,ERIC AGUINALDO,Student in an Organized Health Care Education/Training Program,IL,Blue Island,10607,1520,10002.00000000,98.397647058824
part_d_total_claims,1083934632,JAMES WILKERSON,Student in an Organized Health Care Education/Training Program,AR,Sherwood,2735,425,13236.00000000,98.394561111111
part_d_total_claims,1194740589,JOY STOWELL,Emergency Medicine Physician,MO,Saint Peters,1322,677,8983.00000000,98.322196721311
part_d_total_claims,1275509432,BARNETT KANTZ,Emergency Medicine Physician,MI,Dundee,2654,1446,7503.00000000,98.265392156863
part_d_total_claims,1598739369,PAMELA MOORE,Emergency Medicine Physician,CT,Storrs,742,364,7931.00000000,98.189712962963
part_d_total_claims,1942418496,SAMUEL PLUCKER,Student in an Organized Health Care Education/Training Program,TN,Bristol,5929,978,10933.00000000,98.164647651007
part_d_total_claims,1013909449,JAMES GALLAGHER,Vascular Surgery Physician,CT,Hartford,69,49,11592.00000000,98.084253164557
part_d_total_claims,1316477607,WILLIAM MORGAN,Student in an Organized Health Care Education/Training Program,MS,Houston,2070,358,9681.00000000,98.027333333333
part_d_total_claims,1265533814,KIMBERLY WINTER,Obstetrics & Gynecology Physician,CO,Littleton,866,312,4548.00000000,97.933048387097
part_d_total_claims,1699263483,JEFFREY HALL,Student in an Organized Health Care Education/Training Program,FL,Brooksville,19042,2682,11564.00000000,97.930569620253
part_d_total_claims,1356754287,SETH REVELS,Student in an Organized Health Care Education/Training Program,NY,Sleepy Hollow,43482,6379,7905.00000000,97.902425925926
part_d_total_claims,1285667162,HERBERT STONE,Hospitalist Physician,AL,Spanish Fort,180,105,12875.00000000,97.825494318182
part_d_total_claims,1093198467,KALYAN CHAKRAVARTHY SAGINALA,Student in an Organized Health Care Education/Training Program,MI,Flint,10231,2109,8045.00000000,97.802500000000
part_d_total_claims,1770527095,NAVDEEP LOOMBA,Anesthesiology Physician,CA,Victorville,7150,313,28440.00000000,97.643387179487
part_d_total_claims,1124100706,ARTHUR CHANDLER,Emergency Medicine Physician,NY,Kingston,4319,1795,6570.00000000,97.577666666667
part_d_total_claims,1871743104,LEON ROBINSON,Surgery Physician,MO,Jefferson City,750,390,7228.00000000,97.550414141414
part_d_total_claims,1093212441,KYLE SMITH,Student in an Organized Health Care Education/Training Program,NY,Bay Shore,43482,6379,7874.00000000,97.515212962963
part_d_total_claims,1992202394,JACOB NAFZIGER,Student in an Organized Health Care Education/Training Program,OH,Archbold,15977,3025,9762.00000000,97.450149253731
part_d_total_claims,1669899829,KYLA D'ANGELO,Student in an Organized Health Care Education/Training Program,CT,Wethersfield,6408,1206,6985.00000000,97.296625000000
part_d_total_claims,1295155844,BRITTANY ACKLEY,Student in an Organized Health Care Education/Training Program,TX,Texarkana,22576,2979,12940.00000000,97.287151685393
part_d_total_claims,1912949801,SUSAN JOHNSON,Emergency Medicine Physician,MI,West Branch,2654,1446,7428.00000000,97.273480392157
part_d_total_claims,1548526411,EARIC BONNER,Hospitalist Physician,NC,Edenton,758,468,13749.00000000,97.249338624339
part_d_total_claims,1912951500,APPAVUCHETTY SOUNDAPPAN,Internal Medicine Physician,GA,Perry,4544,2922,114435.00000000,97.248690989848
part_d_total_claims,1245464114,PHILLIP DEAN,Student in an Organized Health Care Education/Training Program,AL,Sheffield,5675,762,9814.00000000,97.242914814815
part_d_total_claims,1669608923,ROBERTO CHANG,Student in an Organized Health Care Education/Training Program,AL,Hoover,5675,762,9807.00000000,97.172966666667
part_d_total_claims,1871907097,AMY MILITO,Student in an Organized Health Care Education/Training Program,MI,Norton Shores,10231,2109,7992.00000000,97.152527272727
part_d_total_claims,1508286931,ELLIS EASTERLING,Hospitalist Physician,SD,Sioux Falls,60,36,7191.00000000,97.128000000000
part_d_total_claims,1093039489,JONATHAN BORING,Student in an Organized Health Care Education/Training Program,VA,Roanoke,7167,1433,11303.00000000,96.937756410256
part_d_total_claims,1750600573,ANDREW JURGENSMEIER,Student in an Organized Health Care Education/Training Program,MO,Kansas City,4278,705,10144.00000000,96.906378571429
part_d_total_claims,1225294176,DARCI BROWN,Student in an Organized Health Care Education/Training Program,OH,Fairborn,15977,3025,9704.00000000,96.866253731343
part_d_total_claims,1538228432,H. BURNS,Pediatrics Physician,NJ,Morris Plains,2215,106,2830.00000000,96.833987179487
part_d_total_claims,1013970540,MICHAEL KORDUS,Emergency Medicine Physician,OR,White City,992,523,5519.00000000,96.808500000000
part_d_total_claims,1780845834,CHILDEBERT ST LOUIS,Hospitalist Physician,NY,New City,1261,596,11583.00000000,96.807612500000
part_d_total_claims,1366418097,THOMAS HANNA,Emergency Medicine Physician,MA,Sandwich,1735,721,6659.00000000,96.761423913043
part_d_total_claims,1992720387,WALTER TORONJO,Emergency Medicine Physician,TX,Huntsville,4378,2334,11579.00000000,96.689575000000
part_d_total_claims,1700826864,ROBIN ARMSTRONG,Hospitalist Physician,TX,League City,1075,625,17630.00000000,96.619360655738
part_d_total_claims,1437383924,JOSEPH LEE,Student in an Organized Health Care Education/Training Program,IN,Mount Vernon,5589,994,13564.00000000,96.525255319149
part_d_total_claims,1003028556,NEDA HEIDARI,Neurological Surgery Physician,CA,Oxnard,872,225,5343.00000000,96.453500000000
part_d_total_claims,1669471207,JOHN KNAPP,Pediatrics Physician,LA,Prairieville,982,95,11529.00000000,96.436637500000
part_d_total_claims,1386077725,MARIA MOLINEROS GONZALES,Student in an Organized Health Care Education/Training Program,RI,Bristol,1074,240,6410.00000000,96.286769662921
part_d_total_claims,1669430096,CARLOS TORRES-TORRES,Pediatrics Physician,PR,San Juan,794,68,1520.00000000,96.260785714286
part_d_total_claims,1689630436,DONNA BEESON,Hospitalist Physician,ID,Boise,78,49,7915.00000000,96.220490909091
part_d_total_claims,1407090731,SHELDON HARIGEL,Student in an Organized Health Care Education/Training Program,TN,Lawrenceburg,5929,978,10718.00000000,96.218104026846
part_d_total_claims,1326397878,ROBERT PLACHY,Student in an Organized Health Care Education/Training Program,NY,Brooklyn,43482,6379,7769.00000000,96.203685185185
part_d_total_claims,1831457936,ALEXANDER ROSS,Student in an Organized Health Care Education/Training Program,DC,Washington,3063,403,4460.00000000,96.083612903226
part_d_total_claims,1003840778,RUTH MAYS,Family Medicine Physician,MI,Highland Park,5648,3683,265488.00000000,96.065935945946
part_d_total_claims,1467415091,RAMESH ADIRAJU,Vascular Surgery Physician,PA,Bristol,196,106,7753.00000000,95.985097222222
part_d_total_claims,1285724203,FRANK GIUGLIANO,Emergency Medicine Physician,PA,Berwick,3616,1743,6614.00000000,95.984282608696
part_d_total_claims,1700383668,JAMES BRIGANCE,Student in an Organized Health Care Education/Training Program,OK,Tulsa,3870,417,11046.00000000,95.962954545455
part_d_total_claims,1588633135,WEI SUN,Specialist,NY,New York,22818,976,61751.00000000,95.795413093859
part_d_total_claims,1306298161,NOUR CHAMS,Student in an Organized Health Care Education/Training Program,MI,Adrian,10231,2109,7877.00000000,95.742209090909
part_d_total_claims,1619400744,JESSICA BITENCOURT,Student in an Organized Health Care Education/Training Program,NC,Henderson,9187,2081,10586.00000000,95.678736486486
part_d_total_claims,1902245061,JEFFREY HOPKINS,Student in an Organized Health Care Education/Training Program,OK,Oklahoma City,3870,417,10990.00000000,95.472409090909
part_d_total_claims,1144512484,EDUARDO CANDANOSA,Emergency Medicine Physician,TX,Mcallen,4378,2334,11433.00000000,95.458612500000
part_d_total_claims,1730170655,NARAIN MANDHAN,Emergency Medicine Physician,IL,Monticello,2986,1493,7579.00000000,95.435386792453
part_d_total_claims,1881622629,MARK SCHWARTZ,Pediatrics Physician,CO,Boulder,1429,52,3573.00000000,95.414770000000
part_d_total_claims,1194179341,ALEXANDER MCQUEEN,Student in an Organized Health Care Education/Training Program,AL,Decatur,5675,762,9630.00000000,95.404277777778
part_d_total_claims,1871911669,ROBERT TERRITO,Hospitalist Physician,LA,Baton Rouge,205,136,17327.00000000,95.368193415638
part_d_total_claims,1205149952,KAMALDEEP HEYER,Emergency Medicine Physician,IL,Burr Ridge,2986,1493,7569.00000000,95.308122641509
part_d_total_claims,1235109067,DAVID ERLBACHER,Emergency Medicine Physician,IA,Harlan,481,250,7783.00000000,95.296330275229
part_d_total_claims,1184737397,OLUDAYO DAWODU,General Practice Physician,AL,Montgomery,121,44,89799.00000000,95.202764449723
part_d_total_claims,1548248461,BRUCE BARKER,Emergency Medicine Physician,TX,Bay City,4378,2334,11399.00000000,95.171950000000
part_d_total_claims,1659802916,JASON LOPEZ,Student in an Organized Health Care Education/Training Program,FL,South Miami,19042,2682,11239.00000000,95.155727848101
part_d_total_claims,1508246653,SEAN JENKINS,Student in an Organized Health Care Education/Training Program,TN,Knoxville,5929,978,10583.00000000,94.995855704698
part_d_total_claims,1386680338,GEORGE GIANNIKAS,Surgery Physician,NY,Astoria,2171,656,3842.00000000,94.954611111111
part_d_total_claims,1306230255,ALEXANDER CAMPOLO,Student in an Organized Health Care Education/Training Program,OH,Newark,15977,3025,9499.00000000,94.802485074627
part_d_total_claims,1770774440,JAYNE LORA BUMGARNER,Hospitalist Physician,MO,Independence,476,287,13201.00000000,94.741865591398
part_d_total_claims,1275813552,PAUL AGUILLON,Student in an Organized Health Care Education/Training Program,DE,Blades,919,140,6800.00000000,94.696989583333
part_d_total_claims,1972619013,JAGMOHAN SINGH,Emergency Medicine Physician,NY,Montour Falls,4319,1795,6376.00000000,94.669822222222
part_d_total_claims,1184290041,MANRAJ SIDHU,Pharmacist,CA,Danville,32442,4634,8512.00000000,94.666075000000
part_d_total_claims,1144229006,JODY GERARD,Emergency Medicine Physician,CT,Westport,742,364,7645.00000000,94.617361111111
part_d_total_claims,1487742961,PETER LE,Physician Assistant,CA,Garden Grove,13480,6439,25735.00000000,94.578241758242
part_d_total_claims,1730124611,TAREK NASSIF,Emergency Medicine Physician,CA,San Gabriel,6975,3707,7788.00000000,94.515845454545
part_d_total_claims,1497281026,CAITLIN JONES,Physician Assistant,MA,Springfield,4332,1873,19918.00000000,94.487404255319
part_d_total_claims,1497384242,KURT WALBURN,Student in an Organized Health Care Education/Training Program,NY,Herkimer,43482,6379,7619.00000000,94.330074074074
part_d_total_claims,1922445022,JENNIFER DULANEY,Student in an Organized Health Care Education/Training Program,MI,Norton Shores,10231,2109,7755.00000000,94.246045454545
part_d_total_claims,1457580953,SANJANA PAI,Student in an Organized Health Care Education/Training Program,MA,Holyoke,14128,1958,5210.00000000,94.065405405405
part_d_total_claims,1093167306,KIM BELZBERG,Student in an Organized Health Care Education/Training Program,ND,Fargo,401,95,13086.00000000,94.052860215054
part_d_total_claims,1396725156,STEVEN WIESE,Emergency Medicine Physician,MN,Albert Lea,1265,680,4857.00000000,93.892355072464
part_d_total_claims,1629569934,JESSICA EVANS,Student in an Organized Health Care Education/Training Program,VA,Abingdon,7167,1433,10949.00000000,93.876564102564
part_d_total_claims,1235341959,STEVE TRIKOUNAKIS,Physician Assistant,NY,Garnerville,14666,6059,19780.00000000,93.846390070922
part_d_total_claims,1548858053,JONATHAN SPEER,Student in an Organized Health Care Education/Training Program,VT,St Johnsbury,900,166,9749.00000000,93.823435251799
part_d_total_claims,1720054448,CATHERINE VANVOORN,Internal Medicine Physician,MO,Columbia,3400,2016,65577.00000000,93.800178418803
part_d_total_claims,1649432733,JAROD BAILEY,Internal Medicine Physician,GA,Valdosta,4544,2922,110370.00000000,93.769195431472
part_d_total_claims,1255351573,BERNARD MCNAMARA,Emergency Medicine Physician,CA,Glendale,6975,3707,7726.00000000,93.755500000000
part_d_total_claims,1487687513,BENSON GRIGSBY,Emergency Medicine Physician,LA,Ruston,952,558,11642.00000000,93.560463855422
part_d_total_claims,1063865608,MELISSA BIBB,Nurse Practitioner,FL,Clearwater,8352,3159,37585.00000000,93.487204460967
part_d_total_claims,1326012162,CHIJIOKE KALU,General Practice Physician,IN,Indianapolis,166,51,61016.00000000,93.477673913043
part_d_total_claims,1285927491,AMANDA REEVES,Student in an Organized Health Care Education/Training Program,GA,Rome,8522,1224,11585.00000000,93.349174698795
part_d_total_claims,1336123165,ANDREW GOGGIN,Emergency Medicine Physician,IL,Greenville,2986,1493,7407.00000000,93.246443396226
part_d_total_claims,1285909515,SALVATORE BRUNI,Student in an Organized Health Care Education/Training Program,GA,Canton,8522,1224,11568.00000000,93.211024096386
part_d_total_claims,1962514646,KELLY MCADAM,Student in an Organized Health Care Education/Training Program,NY,Rochester,43482,6379,7513.00000000,93.006055555556
part_d_total_claims,1225015829,ARI BERMAN,Hospitalist Physician,ME,Portland,160,86,16911.00000000,92.958868312757
part_d_total_claims,1265792444,RAJENDRAKUMAR PATEL,Hospitalist Physician,NJ,Raritan,433,223,14039.00000000,92.900688118812
part_d_total_claims,1588981849,LAURA TUNKE,Student in an Organized Health Care Education/Training Program,FL,Gulf Breeze,19042,2682,10974.00000000,92.893164556962
part_d_total_claims,1205047610,DAN THOMPSON,Student in an Organized Health Care Education/Training Program,LA,Bernice,4721,1218,15141.00000000,92.882981651376
part_d_total_claims,1154785467,DANIEL SADDICK,Student in an Organized Health Care Education/Training Program,NY,Elmira,43482,6379,7502.00000000,92.868657407407
part_d_total_claims,1427161918,TODD HAYES,Emergency Medicine Physician,MO,Kansas City,1322,677,8485.00000000,92.815622950820
part_d_total_claims,1184914103,SHARENE NUBANI,Podiatrist,MA,Dorchester,291,154,9382.00000000,92.756240740741
part_d_total_claims,1487975066,MICHAEL BOLLAERT,Student in an Organized Health Care Education/Training Program,IL,Moline,10607,1520,9428.00000000,92.704073529412
part_d_total_claims,1841551645,THOMAS SHEESLEY,Student in an Organized Health Care Education/Training Program,MD,West River,7249,977,5824.00000000,92.647392857143
part_d_total_claims,1033603618,KATRINA CULMER,Obstetrics & Gynecology Physician,MT,Plains,134,54,2637.00000000,92.513000000000
part_d_total_claims,1932181740,JAMES NANNEY,Emergency Medicine Physician,MS,Meridian,493,313,15241.00000000,92.480081818182
part_d_total_claims,1184922890,JUN YANG,Student in an Organized Health Care Education/Training Program,NY,New Rochelle,43482,6379,7470.00000000,92.468953703704
part_d_total_claims,1285892687,ASHUTOSH PAREEK,Student in an Organized Health Care Education/Training Program,MA,Salem,14128,1958,5121.00000000,92.442959459459
part_d_total_claims,1104054139,JOANN KANG,Student in an Organized Health Care Education/Training Program,NY,Bronx,43482,6379,7465.00000000,92.406500000000
part_d_total_claims,1538131933,JOHN FOWLER,Hospitalist Physician,SC,Spartanburg,198,114,18169.00000000,92.393676806084
part_d_total_claims,1316107121,TIMOTHY MCNAMARA,Student in an Organized Health Care Education/Training Program,AR,Jonesboro,2735,425,12432.00000000,92.369027777778
part_d_total_claims,1417233008,ALEXIS PEPLINSKI,Surgery Physician,TX,Brownwood,2473,1064,7126.00000000,92.354111650485
part_d_total_claims,1134551534,EHAB SWEHLI,Student in an Organized Health Care Education/Training Program,CA,Visalia,48939,6099,15986.00000000,92.185543103448
part_d_total_claims,1952313215,NICHOLAS FINLEY,Emergency Medicine Physician,IN,Warsaw,1125,691,9954.00000000,92.116090277778
part_d_total_claims,1326302712,AMER ISSA,Student in an Organized Health Care Education/Training Program,MI,Saginaw,10231,2109,7580.00000000,92.099909090909
part_d_total_claims,1891987160,JOHN UHL,Emergency Medicine Physician,LA,Baton Rouge,952,558,11454.00000000,92.032680722892
part_d_total_claims,1497746630,JAMES NICHOLS,Emergency Medicine Physician,AZ,Phoenix,1386,644,5792.00000000,91.940773809524
part_d_total_claims,1922070333,NAEEMUDDIN JATOI,Hospitalist Physician,IL,Decatur,825,465,10183.00000000,91.914297297297
part_d_total_claims,1609980895,VICTOR MIHAL,Emergency Medicine Physician,VA,South Boston,1564,768,8808.00000000,91.890085937500
part_d_total_claims,1548223324,AMIR TORABI,Neurological Surgery Physician,TX,Mesquite,606,277,10180.00000000,91.886952702703
part_d_total_claims,1679902241,CRISTIAN NUNEZ,Pediatrics Physician,FL,Hialeah,4187,181,18107.00000000,91.793318181818
part_d_total_claims,1871735050,EMIL BANAYAN,Student in an Organized Health Care Education/Training Program,NY,New York,43482,6379,7407.00000000,91.682037037037
part_d_total_claims,1376577304,DOUGLAS SAWYER,Surgery Physician,LA,Mansfield,462,233,7831.00000000,91.672833333333
part_d_total_claims,1497804397,GREGORY PIERCE,Surgical Physician Assistant,MA,North Dartmouth,520,299,6997.00000000,91.626196078431
part_d_total_claims,1750552477,KATHLEEN TANG-BELTRAN,Student in an Organized Health Care Education/Training Program,MO,Kansas City,4278,705,9596.00000000,91.626007142857
part_d_total_claims,1902395908,SAMAR CHAMAS,Student in an Organized Health Care Education/Training Program,MI,Detroit,10231,2109,7538.00000000,91.584836363636
part_d_total_claims,1659366839,ANAD SALEM,Emergency Medicine Physician,IL,Carbondale,2986,1493,7263.00000000,91.413839622642
part_d_total_claims,1477660637,ABDULLAH ARSHAD,Internal Medicine Physician,MO,Hayti,3400,2016,63898.00000000,91.380337606838
part_d_total_claims,1679532246,APRIL ABRAHAMSON,Internal Medicine Physician,MN,Stillwater,3395,2037,29223.00000000,91.353775700935
part_d_total_claims,1629050091,THOMAS SWEDER,Hospitalist Physician,CO,Parker,333,149,6832.00000000,91.313810000000
part_d_total_claims,1124061056,DAVID KEUHN,Hospitalist Physician,MO,Marshall,476,287,12713.00000000,91.202553763441
part_d_total_claims,1548587306,RAVI GUPTA,Diagnostic Radiology Physician,CA,Rancho Mirage,4044,108,964.00000000,91.153857142857
part_d_total_claims,1285073536,ANISAA ROMANO PERRY,Student in an Organized Health Care Education/Training Program,NC,Andrews,9187,2081,10085.00000000,91.112189189189
part_d_total_claims,1801250774,YAGNASRI EAGALA,Student in an Organized Health Care Education/Training Program,NY,Utica,43482,6379,7356.00000000,91.045009259259
part_d_total_claims,1023437456,CARRANDA KOOP,Student in an Organized Health Care Education/Training Program,MI,Howell,10231,2109,7487.00000000,90.959390909091
part_d_total_claims,1740229384,JEFFERY JACOBS,Emergency Medicine Physician,NE,Omaha,261,132,6217.00000000,90.924082417582
part_d_total_claims,1285920405,NIRMALA CHEATHAM,Obstetrics & Gynecology Physician,TX,Jacksonville,3386,1386,5708.00000000,90.736309523810
part_d_total_claims,1417361494,JAIME MARTINEZ,Student in an Organized Health Care Education/Training Program,NY,Schenectady,43482,6379,7330.00000000,90.720250000000
part_d_total_claims,1396855391,YOLANDA BLEDSOE,Hospitalist Physician,MO,Florissant,476,287,12644.00000000,90.702118279570
part_d_total_claims,1316238744,JACKSON HATFIELD,Student in an Organized Health Care Education/Training Program,GA,Thomasville,8522,1224,11259.00000000,90.699933734940
part_d_total_claims,1457386294,MOHAMMAD ARAIN,Surgery Physician,CA,Madera,3327,1378,4893.00000000,90.607833333333
part_d_total_claims,1497417513,SHAUNA GENTILE,Student in an Organized Health Care Education/Training Program,NY,Rochester,43482,6379,7320.00000000,90.595342592593
part_d_total_claims,1194788158,SHYAM BHASKAR,Hospice and Palliative Medicine (Internal Medicine) Physician,CA,Visalia,187,106,22128.00000000,90.537701834862
part_d_total_claims,1619381852,DAVID GLENN,Hospitalist Physician,ID,Post Falls,78,49,7446.00000000,90.468845454545
part_d_total_claims,1073603239,ASHOK KANCHARLA,Internal Medicine Physician,GA,Royston,4544,2922,106435.00000000,90.400975253807
part_d_total_claims,1306284211,KEVIN JENSEN,Emergency Medicine Physician,TX,Mexia,4378,2334,10829.00000000,90.366137500000
part_d_total_claims,1215184353,FARHANA KHAN,Student in an Organized Health Care Education/Training Program,IL,Peoria,10607,1520,9186.00000000,90.303647058824
part_d_total_claims,1760910608,REBECCA MILLER,Obstetrics & Gynecology Physician,WI,Milwaukee,774,326,2914.00000000,90.273197674419
part_d_total_claims,1811157357,IBRAR PARACHA,Internal Medicine Physician,IN,Indianapolis,2554,1731,84440.00000000,90.136651515152
part_d_total_claims,1720341597,MICHAEL WONG,Pharmacist,WA,Edmonds,7946,2493,9607.00000000,90.088500000000
part_d_total_claims,1700218799,MOHAMMED KHAN,Student in an Organized Health Care Education/Training Program,IL,Chicago,10607,1520,9159.00000000,90.035830882353
part_d_total_claims,1912232646,SUNIL YERRAGONDU,Student in an Organized Health Care Education/Training Program,CT,East Hartford,6408,1206,6461.00000000,89.933333333333
part_d_total_claims,1790132066,ELCHANAN ORLANSKY,Surgical Physician Assistant,CT,Hartford,632,295,9960.00000000,89.918141891892
part_d_total_claims,1619985181,CHRISTOPHER CHOW,Podiatrist,NY,New York,1240,690,18841.00000000,89.874716071429
part_d_total_claims,1619956976,JOHN FOSBINDER,Emergency Medicine Physician,CA,Bakersfield,6975,3707,7406.00000000,89.831136363636
part_d_total_claims,1952833519,TRINITY VALLEJO,Student in an Organized Health Care Education/Training Program,KS,Garden City,1361,256,9874.00000000,89.800268707483
part_d_total_claims,1427164144,MICHAEL LAMONTO,Emergency Medicine Physician,IL,Mattoon,2986,1493,7131.00000000,89.733952830189
part_d_total_claims,1831152701,PETER KINKEL,Neurological Surgery Physician,NY,Williamsville,494,101,3767.00000000,89.708500000000
part_d_total_claims,1992010805,THEA GAY MANLAPAZ,Student in an Organized Health Care Education/Training Program,MD,Baltimore,7249,977,5635.00000000,89.612142857143
part_d_total_claims,1700143237,PAUL GUIDRY,Hospitalist Physician,LA,Shreveport,205,136,16284.00000000,89.578041152263
part_d_total_claims,1750332425,NEERAJ SHARMA,Hospice and Palliative Medicine (Internal Medicine) Physician,TX,Plano,104,66,27882.00000000,89.570681490385
part_d_total_claims,1578982013,VALERIE WEISS,Student in an Organized Health Care Education/Training Program,PA,Philadelphia,14928,2712,9243.00000000,89.532543478261
part_d_total_claims,1598712739,OLEKSANDR STUPNYTSKYI,Hospitalist Physician,MA,Lawrence,493,271,9517.00000000,89.518500000000
part_d_total_claims,1598749178,MIKHAIL AZRILEVICH,Internal Medicine Physician,PA,Philadelphia,8493,4935,63469.00000000,89.418820000000
part_d_total_claims,1174586275,NISHUA BENDT,Emergency Medicine Physician,MO,Springfield,1322,677,8162.00000000,89.244090163934
part_d_total_claims,1841229200,KATHRYN TWENTER,Internal Medicine Physician,MO,Lees Summit,3400,2016,62366.00000000,89.172358974359
part_d_total_claims,1356798607,DIVYA CARRIGAN,Student in an Organized Health Care Education/Training Program,AL,Birmingham,5675,762,9005.00000000,89.158907407407
part_d_total_claims,1598765026,JEFFREY HOFFSOMMER,Emergency Medicine Physician,OK,Enid,688,460,10632.00000000,89.110358490566
part_d_total_claims,1770841751,RACHEL HARTLINE,Emergency Medicine Physician,WI,Dodgeville,1387,791,5490.00000000,89.099804878049
part_d_total_claims,1477939528,CHRISTINE GIBO,Pharmacist,WA,Tukwila,7946,2493,9500.00000000,89.072000000000
part_d_total_claims,1790838449,TOM NGUYEN,General Practice Dentistry,CA,Los Angeles,17486,6449,2408.00000000,88.996527777778
part_d_total_claims,1982019964,TYLER POLICHT,Student in an Organized Health Care Education/Training Program,PA,Pittston,14928,2712,9176.00000000,88.877594202899
part_d_total_claims,1003200395,ERIK CABRERA,Student in an Organized Health Care Education/Training Program,FL,Miami,19042,2682,10500.00000000,88.846164556962
part_d_total_claims,1235556127,MICHAEL ALEKSANDROWICZ,Student in an Organized Health Care Education/Training Program,WI,Sturgeon Bay,3991,834,10297.00000000,88.820770967742
part_d_total_claims,1952857872,DUSTIN JAMES,Student in an Organized Health Care Education/Training Program,MI,Flint,10231,2109,7306.00000000,88.739672727273
part_d_total_claims,1740890573,KRISTY GRAINGER,Student in an Organized Health Care Education/Training Program,MA,Winchendon,14128,1958,4914.00000000,88.669405405405
part_d_total_claims,1669564092,HERBERT SCHERL,Emergency Medicine Physician,CA,Anaheim,6975,3707,7309.00000000,88.641563636364
part_d_total_claims,1467878249,HAROUT KHANJIAN,Optometrist,CA,Van Nuys,8047,2059,6364.00000000,88.542177083333
part_d_total_claims,1326235219,HILARY WEISS,Women's Health Nurse Practitioner,TN,Nashville,270,77,5699.00000000,88.516360465116
part_d_total_claims,1164514436,JEREMY LEWIS,Emergency Medicine Physician,WA,Newport,1362,682,6369.00000000,88.443812500000
part_d_total_claims,1619932126,ADEDAPO OKUSANYA,Emergency Medicine Physician,WI,Glendale,1387,791,5449.00000000,88.425304878049
part_d_total_claims,1295979698,FARZANA MATIN,General Acute Care Hospital,NY,Bronx,346,94,11504.00000000,88.421522988506
part_d_total_claims,1487634275,LINDA KESSINGER,Obstetrics & Gynecology Physician,WV,Eleanor,187,93,10323.00000000,88.368147435897
part_d_total_claims,1710309588,KATHRYN GRAMLICH,Women's Health Nurse Practitioner,IN,Bloomington,198,50,6146.00000000,88.272467741935
part_d_total_claims,1831629435,NUZHAT SAYYIDA,Student in an Organized Health Care Education/Training Program,MD,Baltimore,7249,977,5551.00000000,88.263142857143
part_d_total_claims,1265470306,SERGEI CHEKOV,Internal Medicine Physician,PA,Philadelphia,8493,4935,62649.00000000,88.254420000000
part_d_total_claims,1740504810,JAMIE STAAB-PETERS,Nurse Practitioner,NE,Omaha,825,400,31993.00000000,88.216255670103
part_d_total_claims,1568422483,HEDY MIGDEN,Pediatrics Physician,NY,Loudonville,5937,301,7377.00000000,88.046339285714
part_d_total_claims,1881044873,MATTHEW RAINWATER,Surgery Physician,CA,Fresno,3327,1378,4748.00000000,87.891097222222
part_d_total_claims,1225340987,KRISTEN IRWIN,Obstetrics & Gynecology Physician,IN,Indianapolis,833,386,4546.00000000,87.890282608696
part_d_total_claims,1447225859,JOSEPH TURNER,Emergency Medicine Physician,RI,North Smithfield,351,137,4607.00000000,87.877714285714
part_d_total_claims,1497102347,RYAN BROWER,Student in an Organized Health Care Education/Training Program,WI,Elkhorn,3991,834,10179.00000000,87.793790322581
part_d_total_claims,1619158896,OLGA SANDEL,Physician Assistant,MD,Baltimore,3091,1254,14580.00000000,87.776148648649
part_d_total_claims,1912326158,VANESSA JOHNSON,Student in an Organized Health Care Education/Training Program,KY,Salyersville,4670,680,13717.00000000,87.759227272727
part_d_total_claims,1982839650,SULMAN HUSSAIN,Student in an Organized Health Care Education/Training Program,IN,Munster,5589,994,12340.00000000,87.742404255319
part_d_total_claims,1689134835,SAI SWAPNIKA GUTTIKONDA,Student in an Organized Health Care Education/Training Program,PA,Franklin,14928,2712,9040.00000000,87.548144927536
part_d_total_claims,1679518104,ROBERT EAKER,Emergency Medicine Physician,TX,Sweetwater,4378,2334,10490.00000000,87.507943750000
part_d_total_claims,1225471097,SIRISHA THUMU,Student in an Organized Health Care Education/Training Program,NY,Brooklyn,43482,6379,7068.00000000,87.447675925926
part_d_total_claims,1518313659,DAN PHAM,Hospitalist Physician,VA,Falls Church,496,294,12832.00000000,87.433783163265
part_d_total_claims,1891714101,MATTHEW MCCREARY,Surgery Physician,CA,Ventura,3327,1378,4720.00000000,87.366486111111
part_d_total_claims,1164686853,NAGA VULLI,Internal Medicine Physician,PA,Allentown,8493,4935,62003.00000000,87.337100000000
part_d_total_claims,1265666838,ANDREW HODGES,Hospitalist Physician,AL,Scottsboro,180,105,11502.00000000,87.301761363636
part_d_total_claims,1205078201,TODD ANTENUCCI,Student in an Organized Health Care Education/Training Program,NY,New York,43482,6379,7056.00000000,87.297787037037
part_d_total_claims,1780059659,GREGORY MULLEN,Student in an Organized Health Care Education/Training Program,KY,Florence,4670,680,13635.00000000,87.229954545455
part_d_total_claims,1164697124,JOHN MICHEL,Internal Medicine Physician,PA,Philadelphia,8493,4935,61909.00000000,87.203620000000
part_d_total_claims,1851853295,LAURA JOHNSON,Student in an Organized Health Care Education/Training Program,AL,Pell City,5675,762,8805.00000000,87.160388888889
part_d_total_claims,1013412329,AMBER SEXTON,Student in an Organized Health Care Education/Training Program,KY,Sandy Hook,4670,680,13617.00000000,87.113772727273
part_d_total_claims,1023035706,ANNE CALKINS,Emergency Medicine Physician,NY,North Syracuse,4319,1795,5868.00000000,87.055466666667
part_d_total_claims,1144640269,ALYSSA MATHEW,Student in an Organized Health Care Education/Training Program,MD,Nottingham,7249,977,5475.00000000,87.042619047619
part_d_total_claims,1447563515,NISHANTHINI SOORIYAPALAN,Student in an Organized Health Care Education/Training Program,OH,Cleveland,15977,3025,8724.00000000,87.000432835821
part_d_total_claims,1124096300,NIZAR KIBAR,Emergency Medicine Physician,KS,Anthony,417,241,7830.00000000,86.909325000000
part_d_total_claims,1912520834,YOLANDA ALVAREZ PANDO,Student in an Organized Health Care Education/Training Program,FL,Lakeland,19042,2682,10273.00000000,86.908044303797
part_d_total_claims,1508123860,SHARON ADAMS,Student in an Organized Health Care Education/Training Program,NC,Salisbury,9187,2081,9621.00000000,86.882891891892
part_d_total_claims,1144454570,MARSHA SHAW,Student in an Organized Health Care Education/Training Program,MD,Frederick,7249,977,5463.00000000,86.849904761905
part_d_total_claims,1720434210,MARCELINO MEDEROS RODRIGUEZ,Student in an Organized Health Care Education/Training Program,FL,Largo,19042,2682,10258.00000000,86.779974683544
part_d_total_claims,1295759512,DAVID KEEN,Emergency Medicine Physician,FL,Crawfordville,3563,2068,10011.00000000,86.730188311688
part_d_total_claims,1326163098,BRENDA BURROUGH,Hospitalist Physician,IA,Ames,145,82,11495.00000000,86.728505649718
part_d_total_claims,1942201777,ALEXANDER GAPAY,Emergency Medicine Physician,NY,Middletown,4319,1795,5844.00000000,86.695733333333
part_d_total_claims,1205874708,JOHN TURSKI,Emergency Medicine Physician,VA,Bastian,1564,768,8308.00000000,86.620554687500
part_d_total_claims,1790043859,CHUNSHUEN AU,Physician Assistant,NY,Flushing,14666,6059,18261.00000000,86.579968085106
part_d_total_claims,1952734436,CHRISTINA LEIGH NOGUERA,Student in an Organized Health Care Education/Training Program,GA,Thomaston,8522,1224,10731.00000000,86.409138554217
part_d_total_claims,1396998977,OMAR GUTIERREZ,Surgery Physician,FL,Pensacola,2075,914,6083.00000000,86.314473404255
part_d_total_claims,1669499257,DONALD WOLFRAM,Emergency Medicine Physician,MI,Bridgman,2654,1446,6599.00000000,86.309549019608
part_d_total_claims,1811159015,RAKESH CHOUBEY,Student in an Organized Health Care Education/Training Program,FL,Winter Haven,19042,2682,10200.00000000,86.284772151899
part_d_total_claims,1932581493,LORELLA LUEZAS SHAMAKIAN,Student in an Organized Health Care Education/Training Program,OH,Cleveland,15977,3025,8645.00000000,86.205126865672
part_d_total_claims,1336268747,MICHAEL MCNAMARA,Student in an Organized Health Care Education/Training Program,MI,Wyoming,10231,2109,7097.00000000,86.176572727273
part_d_total_claims,1174987069,CORTNEY FARMER,Student in an Organized Health Care Education/Training Program,VA,Richlands,7167,1433,10055.00000000,86.145756410256
part_d_total_claims,1457594400,JAMES RATLIFF,Hospitalist Physician,LA,Baton Rouge,205,136,15654.00000000,86.080633744856
part_d_total_claims,1043268857,BETTINA HARNER,Neurological Surgery Physician,CA,Modesto,872,225,4770.00000000,86.007864864865
part_d_total_claims,1265755813,ZHENGNAN YIN,Emergency Medicine Physician,TX,Houston,4378,2334,10305.00000000,85.948162500000
part_d_total_claims,1578530127,ANDREW SEIPEL,Emergency Medicine Physician,OH,Newark,2616,1447,7737.00000000,85.942541666667
part_d_total_claims,1386888121,SEAN FLYNN,Student in an Organized Health Care Education/Training Program,PA,Havertown,14928,2712,8874.00000000,85.925434782609
part_d_total_claims,1649212572,KEVIN O'REILLY,Podiatrist,CA,San Bernardino,1020,519,11840.00000000,85.896108695652
part_d_total_claims,1649227844,KIMBERLY MC ABEE,Emergency Medicine Physician,OH,Boardman,2616,1447,7732.00000000,85.886333333333
part_d_total_claims,1467443879,CORY RYAN,Emergency Medicine Physician,KY,Monticello,858,519,10814.00000000,85.806035714286
part_d_total_claims,1841457223,MEHMOOD KHAN,Hospitalist Physician,TX,San Antonio,1075,625,15667.00000000,85.766545081967
part_d_total_claims,1326030370,FAYEZ SHUKAIRY,Surgery Physician,MI,Highland,1509,666,4824.00000000,85.742440000000
part_d_total_claims,1649232448,CARLEY ROBERTSON,Emergency Medicine Physician,MT,Havre,243,139,4124.00000000,85.724734375000
part_d_total_claims,1164604765,CAMERON PETERSON,Physical Medicine & Rehabilitation Physician,UT,Logan,181,67,22947.00000000,85.706717877095
part_d_total_claims,1578560611,JOHN PIRRELLO,Hospice and Palliative Medicine (Family Medicine) Physician,FL,Bayonet Point,75,32,9621.00000000,85.652506666667
part_d_total_claims,1770896490,MARY REINHART,Pediatric Nurse Practitioner,NY,E Patchogue,1540,38,1931.00000000,85.639016666667
part_d_total_claims,1396881876,KATHARINE HURST,Emergency Medicine Physician,AR,Hot Springs Village,464,309,12601.00000000,85.633969387755
part_d_total_claims,1194969543,JUAN ALMODOVAR,Student in an Organized Health Care Education/Training Program,PR,Mayaguez,3496,215,9611.00000000,85.616533333333
part_d_total_claims,1154884625,GREGORY STONIER,Student in an Organized Health Care Education/Training Program,NY,Vestal,43482,6379,6921.00000000,85.611537037037
part_d_total_claims,1295268522,HARJIT KAUR,Student in an Organized Health Care Education/Training Program,NY,Buffalo,43482,6379,6921.00000000,85.611537037037
part_d_total_claims,1003174350,ANDREW GOINS,Student in an Organized Health Care Education/Training Program,TN,Knoxville,5929,978,9543.00000000,85.580016778523
part_d_total_claims,1851651525,CHRISTOPHER BIONDOLILLO,Student in an Organized Health Care Education/Training Program,NY,Buffalo,43482,6379,6917.00000000,85.561574074074
part_d_total_claims,1346496874,REED EPSTEIN,Emergency Medicine Physician,OR,Newport,992,523,4884.00000000,85.537250000000
part_d_total_claims,1003030685,MOHAMAD SOBH,Pharmacist,MI,Dearborn,8329,148,5706.00000000,85.464455056180
part_d_total_claims,1396954764,ALICIA DODSON,Pediatrics Physician,CT,Cheshire,1088,45,4219.00000000,85.334469696970
part_d_total_claims,1568036010,IVAN FUNDORA GONZALEZ,Student in an Organized Health Care Education/Training Program,FL,Miami,19042,2682,10085.00000000,85.302905063291
part_d_total_claims,1104095744,KWANGSU KIM,Podiatrist,NY,Bayside,1240,690,17882.00000000,85.254391071429
part_d_total_claims,1780947747,SHEILA SONG,Pharmacist,WA,Seattle,7946,2493,9088.00000000,85.158000000000
part_d_total_claims,1902268725,ESTEVAN DEL CASTILLO,Student in an Organized Health Care Education/Training Program,FL,Punta Gorda,19042,2682,10056.00000000,85.055303797468
part_d_total_claims,1558327031,JOHN GREENE,Emergency Medical Services (Emergency Medicine) Physician,NC,Whiteville,77,39,11606.00000000,84.979587912088
part_d_total_claims,1508866658,LINDA BURSTYNOWICZ,Pediatrics Physician,PA,Grindstone,3888,146,5267.00000000,84.751331325301
part_d_total_claims,1437649787,LAURENT MOREL,Student in an Organized Health Care Education/Training Program,GA,Athens,8522,1224,10522.00000000,84.710698795181
part_d_total_claims,1043476633,SEUNG-HEE CHOI,Optometrist,NJ,Palisades Park,1496,677,10271.00000000,84.662240740741
part_d_total_claims,1811914443,WILLIAM RAUH,Emergency Medicine Physician,IN,Wabash,1125,691,9157.00000000,84.649750000000
part_d_total_claims,1780770057,KERRY NIE,Surgical Physician Assistant,OH,Dayton,408,211,16745.00000000,84.629310606061
part_d_total_claims,1245642230,YUNG AH LEE,Student in an Organized Health Care Education/Training Program,CT,New Haven,6408,1206,6080.00000000,84.579489583333
part_d_total_claims,1285022574,ZUMARA AYERS,Surgical Physician Assistant,NY,Bronx,2074,912,8796.00000000,84.526010791367
part_d_total_claims,1780096826,HOLLY NIEUSMA,Student in an Organized Health Care Education/Training Program,MI,Holt,10231,2109,6959.00000000,84.484190909091
part_d_total_claims,1902060619,JENNIFER GYI,Pharmacist,NJ,Cedar Knolls,8103,204,1525.00000000,84.368708333333
part_d_total_claims,1649776311,DONNA NOLAN,Student in an Organized Health Care Education/Training Program,NY,Albany,43482,6379,6821.00000000,84.362462962963
part_d_total_claims,1457606444,ALEX GONZALEZ BOSSOLO,Student in an Organized Health Care Education/Training Program,PR,San Juan,3496,215,9471.00000000,84.357466666667
part_d_total_claims,1790005452,AMY SWIATKOWSKI,Women's Health Nurse Practitioner,FL,St Augustine,526,116,6762.00000000,84.337714953271
part_d_total_claims,1700962446,SANJAY LAKHANI,Pediatrics Physician,MI,Highland Park,2506,209,29232.00000000,84.280519396552
part_d_total_claims,1184600512,JOHN O'CONNOR,Emergency Medicine Physician,OH,Bellefontaine,2616,1447,7585.00000000,84.233808333333
part_d_total_claims,1407182249,YOUNG KWAK,Hospitalist Physician,CT,New Britain,292,145,10965.00000000,84.134183908046
part_d_total_claims,1114085750,STANLEY COHEN,Pediatrics Physician,NY,New York,5937,301,7052.00000000,84.131830357143
part_d_total_claims,1619994258,VANDANA KAMAT,Emergency Medicine Physician,TX,Alice,4378,2334,10086.00000000,84.101718750000
part_d_total_claims,1710581061,ABBIE FOX,Physician Assistant,OH,Cleveland,4893,2451,19985.00000000,83.960402515723
part_d_total_claims,1174939789,TIMOTHY WILLIAMS,Student in an Organized Health Care Education/Training Program,TN,Knoxville,5929,978,9362.00000000,83.941298657718
part_d_total_claims,1487945309,AMANDA FOSHEE,Student in an Organized Health Care Education/Training Program,AL,Section,5675,762,8476.00000000,83.872825925926
part_d_total_claims,1942416284,PETER WONG,Physician Assistant,NY,Bronx,14666,6059,17679.00000000,83.795861702128
part_d_total_claims,1851738769,HASEENA MAZHAR ALI,Student in an Organized Health Care Education/Training Program,MO,Saint Charles,4278,705,8782.00000000,83.782535714286
part_d_total_claims,1184787509,DHIRAJ WARMAN,General Practice Dentistry,FL,Spring Hill,6665,3620,4529.00000000,83.769152777778
part_d_total_claims,1245664788,KRISTEN KAHRMANN,Student in an Organized Health Care Education/Training Program,GA,Columbus,8522,1224,10406.00000000,83.768024096386
part_d_total_claims,1265751119,ADAM RALKO,Student in an Organized Health Care Education/Training Program,MO,Des Peres,4278,705,8772.00000000,83.686178571429
part_d_total_claims,1962661975,SHABIER RAFFEE,Student in an Organized Health Care Education/Training Program,MI,Ypsilanti,10231,2109,6892.00000000,83.662527272727
part_d_total_claims,1801274766,JARIUS ANDERSON-BAYLOR,Student in an Organized Health Care Education/Training Program,FL,Jacksonville,19042,2682,9889.00000000,83.629462025316
part_d_total_claims,1417444589,SCOTT HETZEL,Student in an Organized Health Care Education/Training Program,WI,Berlin,3991,834,9696.00000000,83.590132258065
part_d_total_claims,1235106527,ALLAN SANTIAGO,Infectious Disease Physician,NY,Brooklyn,774,430,32626.00000000,83.565639846743
part_d_total_claims,1376520106,EDWARD ERBTER,Hospitalist Physician,MI,Hastings,297,183,12260.00000000,83.527877551020
part_d_total_claims,1538514567,AUDREY SMITH,Student in an Organized Health Care Education/Training Program,KY,Ashland,4670,680,13052.00000000,83.466954545455
part_d_total_claims,1952587453,SAMEER NAIK,Student in an Organized Health Care Education/Training Program,MI,Pontiac,10231,2109,6874.00000000,83.441781818182
part_d_total_claims,1386123701,TALHA AWWAL,Student in an Organized Health Care Education/Training Program,NM,Carlsbad,2240,349,9369.00000000,83.440146666667
part_d_total_claims,1972595387,SUSANNAH STAIR,Pediatrics Physician,PA,Easton,3888,146,5186.00000000,83.434837349398
part_d_total_claims,1205333994,HAMZEH BADWAN,Student in an Organized Health Care Education/Training Program,IL,Watseka,10607,1520,8493.00000000,83.429698529412
part_d_total_claims,1669492096,CHRISTOPHER BENEY,Pediatrics Physician,NY,Lockport,5937,301,6989.00000000,83.373017857143
part_d_total_claims,1609130293,BENJAMIN BETANCOURT TORRES,Student in an Organized Health Care Education/Training Program,MA,Chicopee,14128,1958,4623.00000000,83.364554054054
part_d_total_claims,1376531798,ROBERT ARTHUR,Emergency Medicine Physician,IN,Indianapolis,1125,691,9012.00000000,83.291381944444
part_d_total_claims,1750680567,GARLAND ANDERSON,Student in an Organized Health Care Education/Training Program,LA,Bogalusa,4721,1218,13561.00000000,83.105825688073
part_d_total_claims,1770509713,SHIRLEY GIBSON,Emergency Medicine Physician,KY,Albany,858,519,10475.00000000,83.083946428571
part_d_total_claims,1972036457,JAMES MCMULLIN,Student in an Organized Health Care Education/Training Program,AR,Searcy,2735,425,11188.00000000,83.045938888889
part_d_total_claims,1053600296,JESSICA MCCOOL,Student in an Organized Health Care Education/Training Program,IA,Council Bluffs,1279,262,15034.00000000,83.019243801653
part_d_total_claims,1598117574,AANUOLUWA ABIOLA,Student in an Organized Health Care Education/Training Program,WI,Marshfield,3991,834,9626.00000000,82.980906451613
part_d_total_claims,1811989411,MARGARET DAVIS,Emergency Medicine Physician,GA,Gainesville,1614,896,11148.00000000,82.971036312849
part_d_total_claims,1215370309,STEPHANIE GOSHORN,Student in an Organized Health Care Education/Training Program,NC,Oxford,9187,2081,9191.00000000,82.963500000000
part_d_total_claims,1407858442,SCOTT MAY,Obstetrics & Gynecology Physician,TN,Elizabethton,768,368,6462.00000000,82.905129807692
part_d_total_claims,1730530791,MELVIN PHILIP,Student in an Organized Health Care Education/Training Program,RI,Newport,1074,240,5526.00000000,82.887713483146
part_d_total_claims,1467427740,MUHAMMAD SALAMAT,Hematology & Oncology Physician,KS,Leavenworth,93,67,68973.00000000,82.851690990991
part_d_total_claims,1538422944,CORY RUDDY-RAMIREZ,Student in an Organized Health Care Education/Training Program,NY,Bronx,43482,6379,6696.00000000,82.801120370370
part_d_total_claims,1194174979,VINCENT OYLER,Emergency Medicine Physician,TX,Tyler,4378,2334,9906.00000000,82.584093750000
part_d_total_claims,1588197891,CHRISTOPHER HOLLOWAY,Student in an Organized Health Care Education/Training Program,OH,Springfield,15977,3025,8281.00000000,82.540679104478
part_d_total_claims,1497799480,RICHARD FOX,Plastic Surgery Physician,MA,Fall River,129,42,1613.00000000,82.444653846154
part_d_total_claims,1316438377,MONIKA PAJHAL,Student in an Organized Health Care Education/Training Program,VA,Richmond,7167,1433,9623.00000000,82.410064102564
part_d_total_claims,1194082602,KELLY REBKOVICH,Student in an Organized Health Care Education/Training Program,VA,Dublin,7167,1433,9618.00000000,82.366826923077
part_d_total_claims,1982042735,LAURA DAVIS,Student in an Organized Health Care Education/Training Program,FL,Blountstown,19042,2682,9741.00000000,82.365841772152
part_d_total_claims,1265651483,DOUGLAS MAYHLE,Emergency Medicine Physician,NY,Dansville,4319,1795,5554.00000000,82.348955555556
part_d_total_claims,1598056202,ALEXANDER FILIPSKI,Obstetrics & Gynecology Physician,NY,Oswego,3059,1281,6047.00000000,82.316530612245
part_d_total_claims,1528268703,JADE HOY,Emergency Medicine Physician,AL,Montgomery,664,396,18437.00000000,82.309302675585
part_d_total_claims,1598026569,JORGE CALLE MEDINA,Hospitalist Physician,FL,Palm Springs,1207,745,14549.00000000,82.226122881356
part_d_total_claims,1376596403,ANAHIT BLIKIAN,Specialist,CA,Glendale,6624,1493,48324.00000000,82.215199745547
part_d_total_claims,1538541545,MYTHRI KOWLUMANE LAXMINARAYANA,Student in an Organized Health Care Education/Training Program,WI,Eau Claire,3991,834,9535.00000000,82.188912903226
part_d_total_claims,1649378530,J RAUH,Obstetrics & Gynecology Physician,MT,Miles City,134,54,2342.00000000,82.040500000000
part_d_total_claims,1205906310,ARUTYUN TOPSAKALYAN,General Practice Physician,CA,Glendale,1845,574,87867.00000000,82.017882065597
part_d_total_claims,1407206295,MARIO OCHOA PRIETO,Student in an Organized Health Care Education/Training Program,CT,New Haven,6408,1206,5897.00000000,82.007958333333
part_d_total_claims,1700919529,EDUARD DUDUKGIAN,Surgery Physician,CA,Los Angeles,3327,1378,4433.00000000,81.989222222222
part_d_total_claims,1821062985,WILLIAM DEMPSEY,Emergency Medicine Physician,PA,South Abington Township,3616,1743,5658.00000000,81.966413043478
part_d_total_claims,1780243808,PRADEESH MAHENDRAN,Student in an Organized Health Care Education/Training Program,NY,Binghamton,43482,6379,6628.00000000,81.951750000000
part_d_total_claims,1265437057,BRADFORD BOMBA,Hospitalist Physician,IN,Bloomington,344,218,19386.00000000,81.926136075949
brand_cost_share,1649993270,DANIELLE ADAMS,Infectious Disease Physician,DC,Washington,97,37,0.00000000,-178.911055410597
brand_cost_share,1760078687,GEORGE JOWSEY,Infectious Disease Physician,DC,Washington,97,37,0.00000000,-178.911055410597
brand_cost_share,1821075615,JOSEPH JEMSEK,Infectious Disease Physician,DC,Washington,97,37,0.23713651,-136.324763554117
brand_cost_share,1154595049,SRINIVAS DEVARAKONDA,Hematology (Internal Medicine) Physician,OH,Columbus,63,40,0.00000000,-105.810423976553
brand_cost_share,1194958967,ZEESHAN TARIQ,Hematology (Internal Medicine) Physician,OH,Toledo,63,40,0.00000000,-105.810423976553
brand_cost_share,1639192743,ANDREW CAGLE,"Endocrinology, Diabetes & Metabolism Physician",IN,Indianapolis,126,79,0.00000000,-101.374116766921
brand_cost_share,1932728276,AMNA IJAZ,"Endocrinology, Diabetes & Metabolism Physician",IN,Crown Point,126,79,0.00000000,-101.374116766921
brand_cost_share,1336595248,EDWARD ROJAS,Pulmonary Disease Physician,WV,Morgantown,68,41,0.00000000,-88.717460691186
brand_cost_share,1528010220,RICHARD DURHAM,Pulmonary Disease Physician,WV,Buckeye,68,41,0.00000000,-88.717460691186
brand_cost_share,1437544517,REBECCA KUMAR,Infectious Disease Physician,DC,Washington,97,37,0.52269915,-85.041838245200
brand_cost_share,1093205114,NORA KHOURY,"Endocrinology, Diabetes & Metabolism Physician",FL,South Miami,518,375,0.00000000,-84.861877460611
brand_cost_share,1255541512,ERIC PUESTOW,"Endocrinology, Diabetes & Metabolism Physician",FL,Jacksonville,518,375,0.00000000,-84.861877460611
brand_cost_share,1427553569,DHRITI DAS,"Endocrinology, Diabetes & Metabolism Physician",FL,Clearwater,518,375,0.00000000,-84.861877460611
brand_cost_share,1437173952,ALBERTO FERNANDEZ,"Endocrinology, Diabetes & Metabolism Physician",FL,Plantation,518,375,0.00000000,-84.861877460611
brand_cost_share,1518977792,ANTHONY MORRISON,"Endocrinology, Diabetes & Metabolism Physician",FL,Tampa,518,375,0.00000000,-84.861877460611
brand_cost_share,1619988060,ALKMINI ANASTASIADOU,"Endocrinology, Diabetes & Metabolism Physician",FL,Sarasota,518,375,0.00000000,-84.861877460611
brand_cost_share,1760090740,NOREEN SHAABAN,"Endocrinology, Diabetes & Metabolism Physician",FL,Doral,518,375,0.00000000,-84.861877460611
brand_cost_share,1770558454,ALEX SENCHENKOV,"Endocrinology, Diabetes & Metabolism Physician",FL,Sarasota,518,375,0.00000000,-84.861877460611
brand_cost_share,1790899227,SUSAN SAMSON,"Endocrinology, Diabetes & Metabolism Physician",FL,Jacksonville,518,375,0.00000000,-84.861877460611
brand_cost_share,1801356662,FARAH AMER,"Endocrinology, Diabetes & Metabolism Physician",FL,Lakeland,518,375,0.00000000,-84.861877460611
brand_cost_share,1891725677,TERESITA DE LARA,"Endocrinology, Diabetes & Metabolism Physician",FL,Port Charlotte,518,375,0.00000000,-84.861877460611
brand_cost_share,1922637420,MAXWELL HOROWITZ,"Endocrinology, Diabetes & Metabolism Physician",FL,West Palm Beach,518,375,0.00000000,-84.861877460611
brand_cost_share,1992334437,DHARA PATEL,"Endocrinology, Diabetes & Metabolism Physician",FL,Ormond Beach,518,375,0.00000000,-84.861877460611
brand_cost_share,1992447353,LUCAS GOLDENBERG,"Endocrinology, Diabetes & Metabolism Physician",FL,Jacksonville,518,375,0.00000000,-84.861877460611
brand_cost_share,1033387352,PREETHI SURAL,Infectious Disease Physician,DC,Washington,97,37,0.52671341,-84.320935133538
brand_cost_share,1265069835,MOUNIKA RACHAMALLU,"Endocrinology, Diabetes & Metabolism Physician",GA,Newnan,208,163,0.00000000,-84.090626541179
brand_cost_share,1568564839,MAX STACHURA,"Endocrinology, Diabetes & Metabolism Physician",GA,Augusta,208,163,0.00000000,-84.090626541179
brand_cost_share,1083879514,ANA JANIC,Periodontics,MI,Warren,152,88,1.00000000,82.262388040734
brand_cost_share,1659342236,CHAKRAVARTHY KANNAN,"Endocrinology, Diabetes & Metabolism Physician",NV,Las Vegas,53,33,0.00000000,-80.017489409486
brand_cost_share,1982633194,ELOY ITUARTE,"Endocrinology, Diabetes & Metabolism Physician",NV,Reno,53,33,0.00000000,-80.017489409486
brand_cost_share,1679566533,CHRISTOPHER HAHN,Endodontics,AZ,Tucson,131,76,1.00000000,77.413959347692
brand_cost_share,1083174072,RAKHEE BARAI,"Endocrinology, Diabetes & Metabolism Physician",NJ,West Orange,327,243,0.00000000,-77.194857723382
brand_cost_share,1093789158,FELICE CALDARELLA,"Endocrinology, Diabetes & Metabolism Physician",NJ,Clinton,327,243,0.00000000,-77.194857723382
brand_cost_share,1477516615,GEORGE GEWIRTZ,"Endocrinology, Diabetes & Metabolism Physician",NJ,Livingston,327,243,0.00000000,-77.194857723382
brand_cost_share,1790876142,IRA SPILER,"Endocrinology, Diabetes & Metabolism Physician",NJ,Kendall Park,327,243,0.00000000,-77.194857723382
brand_cost_share,1164865143,KRISTA GONZALES,"Endocrinology, Diabetes & Metabolism Physician",FL,Doral,518,375,0.08930005,-77.147644694173
brand_cost_share,1851464978,JESSICA FLEISCHER,"Endocrinology, Diabetes & Metabolism Physician",NJ,Englewood Cliffs,327,243,0.00170209,-77.060661153750
brand_cost_share,1184203556,TEHLIL RIZWAN,"Endocrinology, Diabetes & Metabolism Physician",IL,Chicago,312,225,0.00000000,-75.933040003055
brand_cost_share,1194464727,MORAYO ILUBANWO,"Endocrinology, Diabetes & Metabolism Physician",IL,Springfield,312,225,0.00000000,-75.933040003055
brand_cost_share,1265431381,RICHARD LEVY,"Endocrinology, Diabetes & Metabolism Physician",IL,Chicago,312,225,0.00000000,-75.933040003055
brand_cost_share,1346895182,KEUN YOUNG KIM,"Endocrinology, Diabetes & Metabolism Physician",IL,Chicago,312,225,0.00000000,-75.933040003055
brand_cost_share,1477299659,FARYAL HAIDER,"Endocrinology, Diabetes & Metabolism Physician",IL,Springfield,312,225,0.00000000,-75.933040003055
brand_cost_share,1518413285,SARA COHEN,"Endocrinology, Diabetes & Metabolism Physician",IL,Chicago,312,225,0.00000000,-75.933040003055
brand_cost_share,1548919954,JULIE FEDORKO,"Endocrinology, Diabetes & Metabolism Physician",IL,Chicago,312,225,0.00000000,-75.933040003055
brand_cost_share,1669096541,TALMAS AMORIM FERNANDES,"Endocrinology, Diabetes & Metabolism Physician",IL,Springfield,312,225,0.00000000,-75.933040003055
brand_cost_share,1831366160,MARLA BARKOFF,"Endocrinology, Diabetes & Metabolism Physician",IL,Chicago,312,225,0.00000000,-75.933040003055
brand_cost_share,1982289757,AROOJ SHAH,"Endocrinology, Diabetes & Metabolism Physician",IL,Springfield,312,225,0.00000000,-75.933040003055
brand_cost_share,1578674305,SUNEEL CHILUKURI,MOHS-Micrographic Surgery Physician,TX,Bellaire,76,62,1.00000000,75.362211809646
brand_cost_share,1962495648,PAUL FRIEDMAN,MOHS-Micrographic Surgery Physician,TX,Houston,76,62,1.00000000,75.362211809646
brand_cost_share,1033156187,CHRISTIAN KOCH,"Endocrinology, Diabetes & Metabolism Physician",FL,Jacksonville,518,375,0.11368872,-75.040816341403
brand_cost_share,1104898188,ADRIAN GUEVARA,MOHS-Micrographic Surgery Physician,TX,El Paso,76,62,0.99184773,74.742340005062
brand_cost_share,1538372461,KATHERINE FIALA,MOHS-Micrographic Surgery Physician,TX,Temple,76,62,0.98646154,74.332791828280
brand_cost_share,1467931998,DANA AWAD,"Endocrinology, Diabetes & Metabolism Physician",KS,Topeka,44,30,0.00000000,-74.196015408664
brand_cost_share,1184659971,SYED SHAH,Critical Care Medicine (Internal Medicine) Physician,WI,Green Bay,131,58,0.00000000,-74.097631784755
brand_cost_share,1225070774,FRANCISCO ZORNOSA,Critical Care Medicine (Internal Medicine) Physician,WI,Oshkosh,131,58,0.00000000,-74.097631784755
brand_cost_share,1366004392,JAVAD NAJJAR MOJARRAB,Critical Care Medicine (Internal Medicine) Physician,WI,Summit,131,58,0.00000000,-74.097631784755
brand_cost_share,1417941337,MICHAEL BECKETT,Critical Care Medicine (Internal Medicine) Physician,WI,Neenah,131,58,0.00000000,-74.097631784755
brand_cost_share,1447457965,TAMMI PAVEY,"Endocrinology, Diabetes & Metabolism Physician",GA,Augusta,208,163,0.13657955,-72.413609527522
brand_cost_share,1023332277,EKTA GUPTA,Infectious Disease Physician,DC,Washington,97,37,0.59345173,-72.335696869167
brand_cost_share,1699254045,JUAN PINTO CUBEROS,MOHS-Micrographic Surgery Physician,TX,Galveston,76,62,0.95996287,72.317920094153
brand_cost_share,1326168311,DEBBY HWANG,Periodontics,MI,Ann Arbor,152,88,0.87622800,71.997123534157
brand_cost_share,1407933948,MONICA GIROTRA,"Endocrinology, Diabetes & Metabolism Physician",NJ,Newark,327,243,0.06995654,-71.679328173619
brand_cost_share,1114050663,JOHN WYSOLMERSKI,"Endocrinology, Diabetes & Metabolism Physician",CT,New Haven,163,114,0.00000000,-71.305811289869
brand_cost_share,1144859463,SARA SHTEYMAN,"Endocrinology, Diabetes & Metabolism Physician",CT,New Britain,163,114,0.00000000,-71.305811289869
brand_cost_share,1023083482,DANIEL WITHEILER,MOHS-Micrographic Surgery Physician,TX,Dallas,76,62,0.93129744,70.138295054345
brand_cost_share,1033278833,ALLAN BRASIER,"Endocrinology, Diabetes & Metabolism Physician",TX,Galveston,517,392,0.00000000,-70.096068083783
brand_cost_share,1033349642,PETER GERHARD ZECHNER,"Endocrinology, Diabetes & Metabolism Physician",TX,Dallas,517,392,0.00000000,-70.096068083783
brand_cost_share,1235620659,MOHAMMED AL TAMEEMI,"Endocrinology, Diabetes & Metabolism Physician",TX,Houston,517,392,0.00000000,-70.096068083783
brand_cost_share,1295280386,LUIS ORTIZ,"Endocrinology, Diabetes & Metabolism Physician",TX,El Paso,517,392,0.00000000,-70.096068083783
brand_cost_share,1306474317,OLGA LAVRYNENKO,"Endocrinology, Diabetes & Metabolism Physician",TX,San Antonio,517,392,0.00000000,-70.096068083783
brand_cost_share,1417281205,MARILYN UPMANYU,"Endocrinology, Diabetes & Metabolism Physician",TX,Corpus Christi,517,392,0.00000000,-70.096068083783
brand_cost_share,1427580562,SON NGUYEN,"Endocrinology, Diabetes & Metabolism Physician",TX,Porter,517,392,0.00000000,-70.096068083783
brand_cost_share,1508342635,LEILI RAHIMI,"Endocrinology, Diabetes & Metabolism Physician",TX,Dallas,517,392,0.00000000,-70.096068083783
brand_cost_share,1568434694,MRINALINI KULKARNI,"Endocrinology, Diabetes & Metabolism Physician",TX,Austin,517,392,0.00000000,-70.096068083783
brand_cost_share,1720285604,ALEJANDRO DE LA TORRE,"Endocrinology, Diabetes & Metabolism Physician",TX,Fort Worth,517,392,0.00000000,-70.096068083783
brand_cost_share,1730767443,HAN KANG,"Endocrinology, Diabetes & Metabolism Physician",TX,Galveston,517,392,0.00000000,-70.096068083783
brand_cost_share,1790854321,THERESA GUISE,"Endocrinology, Diabetes & Metabolism Physician",TX,Houston,517,392,0.00000000,-70.096068083783
brand_cost_share,1811344559,AYSHA CHAUDHRI,"Endocrinology, Diabetes & Metabolism Physician",TX,Houston,517,392,0.00000000,-70.096068083783
brand_cost_share,1831133529,JULIO ROSENSTOCK,"Endocrinology, Diabetes & Metabolism Physician",TX,Dallas,517,392,0.00000000,-70.096068083783
brand_cost_share,1881191021,MADHURI PATIL,"Endocrinology, Diabetes & Metabolism Physician",TX,Dallas,517,392,0.00000000,-70.096068083783
brand_cost_share,1912529546,HELEN KREIT,"Endocrinology, Diabetes & Metabolism Physician",TX,Kingwood,517,392,0.00000000,-70.096068083783
brand_cost_share,1942393871,CESAR ARIAS,"Endocrinology, Diabetes & Metabolism Physician",TX,Amarillo,517,392,0.00000000,-70.096068083783
brand_cost_share,1972941482,TIFFANY CORTES,"Endocrinology, Diabetes & Metabolism Physician",TX,San Antonio,517,392,0.00000000,-70.096068083783
brand_cost_share,1346227899,SHANNA GREMINGER,"Endocrinology, Diabetes & Metabolism Physician",NC,Charlotte,231,148,0.00000000,-69.142664396558
brand_cost_share,1710935838,TODD FRIEZE,"Endocrinology, Diabetes & Metabolism Physician",NC,Durham,231,148,0.00000000,-69.142664396558
brand_cost_share,1235558958,MIGUEL PELTON,"Endocrinology, Diabetes & Metabolism Physician",VA,Hampton,196,144,0.00000000,-69.012492928849
brand_cost_share,1306418223,SWETHA PRIYADARSHAN,"Endocrinology, Diabetes & Metabolism Physician",VA,Charlottesville,196,144,0.00000000,-69.012492928849
brand_cost_share,1386272870,ANEELA ARIF,"Endocrinology, Diabetes & Metabolism Physician",VA,Virginia Beach,196,144,0.00000000,-69.012492928849
brand_cost_share,1669086450,HAN DING,"Endocrinology, Diabetes & Metabolism Physician",VA,Charlottesville,196,144,0.00000000,-69.012492928849
brand_cost_share,1831599851,SOUMABHA DAS,Physical Medicine & Rehabilitation Physician,MA,Springfield,345,145,1.00000000,68.830914105941
brand_cost_share,1972576007,ANDREW MAZUR,Physical Medicine & Rehabilitation Physician,MA,Fall River,345,145,1.00000000,68.830914105941
brand_cost_share,1154344786,MUHAMMAD REHMAN,Critical Care Medicine (Internal Medicine) Physician,NJ,Manahawkin,205,98,0.00000000,-68.799008393062
brand_cost_share,1659318103,RAGHAD SAID,Critical Care Medicine (Internal Medicine) Physician,NJ,Hackensack,205,98,0.00000000,-68.799008393062
brand_cost_share,1710908322,KIWON LEE,Critical Care Medicine (Internal Medicine) Physician,NJ,Summit,205,98,0.00000000,-68.799008393062
brand_cost_share,1922290592,JEFFREY BRACKEEN,MOHS-Micrographic Surgery Physician,TX,Lubbock,76,62,0.91127957,68.616202042113
brand_cost_share,1265439822,LORRAINE GOMBA,Physical Medicine & Rehabilitation Physician,MA,Dedham,345,145,0.99333255,68.367490232660
brand_cost_share,1023314143,JOHNELLE SMITH,Physical Medicine & Rehabilitation Physician,MA,Brookline,345,145,0.99259960,68.316546239391
brand_cost_share,1568467421,ANDREW JUDELSON,Physical Medicine & Rehabilitation Physician,MA,East Sandwich,345,145,0.99024564,68.152933274802
brand_cost_share,1770213076,OMOSEFE OGBEIFUN,"Endocrinology, Diabetes & Metabolism Physician",AL,Birmingham,77,60,0.00000000,-67.623681999753
brand_cost_share,1891256723,QURRAT-UL-AIN AZIZ,"Endocrinology, Diabetes & Metabolism Physician",AL,Birmingham,77,60,0.00000000,-67.623681999753
brand_cost_share,1821255662,DAVID NI,"Endocrinology, Diabetes & Metabolism Physician",MD,Fulton,246,151,0.00000000,-67.335821239133
brand_cost_share,1821627290,BARBARA PIERRE,"Endocrinology, Diabetes & Metabolism Physician",MD,Glen Burnie,246,151,0.00000000,-67.335821239133
brand_cost_share,1922009257,JUDITH DICKERT,"Endocrinology, Diabetes & Metabolism Physician",MD,Bethesda,246,151,0.00000000,-67.335821239133
brand_cost_share,1225110448,ZACHARY BOHART,Physical Medicine & Rehabilitation Physician,MA,Woburn,345,145,0.97250263,66.919698017267
brand_cost_share,1033504394,PRIYANCA SHAH,Physical Medicine & Rehabilitation Physician,MA,Charlestown,345,145,0.96719180,66.550566578870
brand_cost_share,1093701468,BRENT PAULGER,MOHS-Micrographic Surgery Physician,TX,Lubbock,76,62,0.88269883,66.443016551428
brand_cost_share,1366535338,ROGER WOODS,General Practice Dentistry,MS,Forest,807,470,1.00000000,66.357222054381
brand_cost_share,1730407982,PRESTON LEE,General Practice Dentistry,MS,Oxford,807,470,1.00000000,66.357222054381
brand_cost_share,1770638660,SANDRA WEBB-THOMPSON,General Practice Dentistry,MS,Meridian,807,470,1.00000000,66.357222054381
brand_cost_share,1902210297,JACKIE JONES,General Practice Dentistry,MS,Forest,807,470,1.00000000,66.357222054381
brand_cost_share,1962060798,TOBY BRANDON,General Practice Dentistry,MS,Tupelo,807,470,1.00000000,66.357222054381
brand_cost_share,1992911598,KIMBERLY INGRAM,General Practice Dentistry,MS,Hattiesburg,807,470,1.00000000,66.357222054381
brand_cost_share,1922636265,COURTNEY WILSON,MOHS-Micrographic Surgery Physician,TX,Houston,76,62,0.87968570,66.213908053973
brand_cost_share,1326238718,DEREK DAVIDSON,Physical Medicine & Rehabilitation Physician,MA,Northampton,345,145,0.96233479,66.212978087504
brand_cost_share,1033151360,STEPHEN KOELBEL,Physical Medicine & Rehabilitation Physician,MA,Weymouth,345,145,0.95572631,65.753652948493
brand_cost_share,1851559884,MONICA MADRAY,MOHS-Micrographic Surgery Physician,TX,Georgetown,76,62,0.87223160,65.647122800473
brand_cost_share,1912343773,RYAN MENARD,Physical Medicine & Rehabilitation Physician,MA,Boston,345,145,0.95178835,65.479943407960
brand_cost_share,1578502662,DANIEL TANENBAUM,Physical Medicine & Rehabilitation Physician,MA,Worcester,345,145,0.94626923,65.096334686860
brand_cost_share,1780939405,CHRISTOPHER DOWNING,MOHS-Micrographic Surgery Physician,TX,Houston,76,62,0.85784649,64.553326337054
brand_cost_share,1114998804,PATRICK MCKILLION,Critical Care Medicine (Internal Medicine) Physician,PA,Lewisburg,318,148,0.00000000,-63.415805526366
brand_cost_share,1184851719,SEYED ALI MOHAMMADI RAD,Critical Care Medicine (Internal Medicine) Physician,PA,Chambersburg,318,148,0.00000000,-63.415805526366
brand_cost_share,1336265602,KENNETH GREER,Critical Care Medicine (Internal Medicine) Physician,PA,Pittsburgh,318,148,0.00000000,-63.415805526366
brand_cost_share,1831366129,NIKHIL ASHER,Critical Care Medicine (Internal Medicine) Physician,PA,Greensburg,318,148,0.00000000,-63.415805526366
brand_cost_share,1962415182,RAMI KHAYAT,Critical Care Medicine (Internal Medicine) Physician,PA,Hershey,318,148,0.00000000,-63.415805526366
brand_cost_share,1114977840,KAREN HERBST,"Endocrinology, Diabetes & Metabolism Physician",AZ,Tucson,115,73,0.00000000,-63.185708147058
brand_cost_share,1386831279,RONADIP BANERJEE,"Endocrinology, Diabetes & Metabolism Physician",AZ,Tucson,115,73,0.00000000,-63.185708147058
brand_cost_share,1659379378,KRISTIN HANSON,"Endocrinology, Diabetes & Metabolism Physician",AZ,Phoenix,115,73,0.00000000,-63.185708147058
brand_cost_share,1801413620,NIHARIKA VENNELAGANTI,"Endocrinology, Diabetes & Metabolism Physician",AZ,Tucson,115,73,0.00000000,-63.185708147058
brand_cost_share,1902597693,DANIELLE MCCLAIN,"Endocrinology, Diabetes & Metabolism Physician",AZ,Scottsdale,115,73,0.00000000,-63.185708147058
brand_cost_share,1780070177,TIFFANY CHANG,Physical Medicine & Rehabilitation Physician,MA,East Sandwich,345,145,0.91871786,63.181365305824
brand_cost_share,1346503513,SHIRLEY SHIH,Physical Medicine & Rehabilitation Physician,MA,Charlestown,345,145,0.91626041,63.010559225929
brand_cost_share,1023212404,COREY SCHUTT,Orthopaedic Surgery Physician,PA,Altoona,1232,676,1.00000000,62.957485426483
brand_cost_share,1174518757,GEORGE STOLLSTEIMER,Orthopaedic Surgery Physician,PA,Yardley,1232,676,1.00000000,62.957485426483
brand_cost_share,1174568679,STUART TRAGER,Orthopaedic Surgery Physician,PA,Philadelphia,1232,676,1.00000000,62.957485426483
brand_cost_share,1225237332,TERRANCE FOUST,Orthopaedic Surgery Physician,PA,Coudersport,1232,676,1.00000000,62.957485426483
brand_cost_share,1609889583,DAVID JOHE,Orthopaedic Surgery Physician,PA,Saint Marys,1232,676,1.00000000,62.957485426483
brand_cost_share,1619966561,DAVID SMITH,Orthopaedic Surgery Physician,PA,Clarion,1232,676,1.00000000,62.957485426483
brand_cost_share,1730490210,MICHAEL CORUM,Orthopaedic Surgery Physician,PA,York,1232,676,1.00000000,62.957485426483
brand_cost_share,1811957426,ANDREW GURMAN,Orthopaedic Surgery Physician,PA,Altoona,1232,676,1.00000000,62.957485426483
brand_cost_share,1871561357,LAURIE HIRSH,Orthopaedic Surgery Physician,PA,Meadowbrook,1232,676,1.00000000,62.957485426483
brand_cost_share,1902467418,GUILLERMO MARQUEZ,Orthopaedic Surgery Physician,PA,Stroudsburg,1232,676,1.00000000,62.957485426483
brand_cost_share,1952364895,HANS OLSEN,Orthopaedic Surgery Physician,PA,Wilkes Barre,1232,676,1.00000000,62.957485426483
brand_cost_share,1578778676,LANCE BRUNTON,Orthopaedic Surgery Physician,PA,N Huntingdon,1232,676,0.99850735,62.862505143436
brand_cost_share,1679597447,VAGMIN VORA,Orthopaedic Surgery Physician,PA,Hummelstown,1232,676,0.99844398,62.858472784520
brand_cost_share,1164155727,CAITLIN BRANDT,"Endocrinology, Diabetes & Metabolism Physician",MO,Columbia,150,115,0.00000000,-62.832284672810
brand_cost_share,1184688178,KAREN PORTE,"Endocrinology, Diabetes & Metabolism Physician",MO,Joplin,150,115,0.00000000,-62.832284672810
brand_cost_share,1356436406,RALPH DUDA,"Endocrinology, Diabetes & Metabolism Physician",MO,Springfield,150,115,0.00000000,-62.832284672810
brand_cost_share,1518912005,DAVID KLACHKO,"Endocrinology, Diabetes & Metabolism Physician",MO,Columbia,150,115,0.00000000,-62.832284672810
brand_cost_share,1699719336,MARIA GOMES,"Endocrinology, Diabetes & Metabolism Physician",MO,Hannibal,150,115,0.00000000,-62.832284672810
brand_cost_share,1740329556,RANDALL ROBINSON,"Endocrinology, Diabetes & Metabolism Physician",MO,Springfield,150,115,0.00000000,-62.832284672810
brand_cost_share,1093845091,ZHENQI LIU,"Endocrinology, Diabetes & Metabolism Physician",VA,Charlottesville,196,144,0.08897943,-62.753057432455
brand_cost_share,1215967963,EVETTE WENZEL,"Endocrinology, Diabetes & Metabolism Physician",NJ,Wall Township,327,243,0.18328370,-62.744362268061
brand_cost_share,1265494769,CHRISTOPHER LINCOSKI,Orthopaedic Surgery Physician,PA,State College,1232,676,0.99626419,62.719768419007
brand_cost_share,1841751203,KATHLEEN LEINWEBER,Orthopaedic Surgery Physician,PA,Scranton,1232,676,0.99595471,62.700075592157
brand_cost_share,1629078266,JAMES CAMPBELL,Pulmonary Disease Physician,AR,Pine Bluff,71,45,0.00000000,-61.672593291615
brand_cost_share,1396708491,THOMAS BOWEN,Orthopaedic Surgery Physician,PA,Danville,1232,676,0.97822752,61.572059296426
brand_cost_share,1043848997,ANN SEDEEQ,"Endocrinology, Diabetes & Metabolism Physician",KS,Overland Park,44,30,0.16707772,-61.568389430656
brand_cost_share,1134176845,JEFFREY MALUMED,Orthopaedic Surgery Physician,PA,Ridley Park,1232,676,0.97720970,61.507293389019
brand_cost_share,1407963796,BYRON LIMMER,MOHS-Micrographic Surgery Physician,TX,San Antonio,76,62,0.81699420,61.447052535562
brand_cost_share,1861476947,KEVIN OCONNOR,Physical Medicine & Rehabilitation Physician,MA,Boston,345,145,0.89163165,61.298727063213
brand_cost_share,1629047246,PAUL LIN,Orthopaedic Surgery Physician,PA,Lewisburg,1232,676,0.97299518,61.239115113799
brand_cost_share,1174500896,RONNIE JACKSON,Pulmonary Disease Physician,TN,Springfield,196,117,0.00000000,-61.113365511812
brand_cost_share,1184655268,LUIS PORTILLA,Pulmonary Disease Physician,TN,Franklin,196,117,0.00000000,-61.113365511812
brand_cost_share,1679500102,MICHAEL BRUNSON,Pulmonary Disease Physician,TN,Knoxville,196,117,0.00000000,-61.113365511812
brand_cost_share,1104353614,IQRA IQBAL,"Endocrinology, Diabetes & Metabolism Physician",MO,Saint Louis,150,115,0.03116854,-60.833250736212
brand_cost_share,1689639015,DAVID GERMAN,Orthopaedic Surgery Physician,PA,Erie,1232,676,0.96278548,60.589451632191
brand_cost_share,1992879563,STEPHEN USALA,"Endocrinology, Diabetes & Metabolism Physician",TX,Amarillo,517,392,0.13690724,-60.312716196352
brand_cost_share,1710356720,HESHAM YASIN,"Endocrinology, Diabetes & Metabolism Physician",KY,Lexington,71,50,0.00000000,-60.307818978639
brand_cost_share,1043808736,SUSHAN GUPTA,Critical Care Medicine (Internal Medicine) Physician,IL,Urbana,287,152,0.00000000,-60.153118659499
brand_cost_share,1184737793,JAMES HERDEGEN,Critical Care Medicine (Internal Medicine) Physician,IL,Chicago,287,152,0.00000000,-60.153118659499
brand_cost_share,1225666357,GRANT HALLOCK,Critical Care Medicine (Internal Medicine) Physician,IL,Park Ridge,287,152,0.00000000,-60.153118659499
brand_cost_share,1235888173,KEVIN GRUDZINSKI,Critical Care Medicine (Internal Medicine) Physician,IL,Chicago,287,152,0.00000000,-60.153118659499
brand_cost_share,1295782365,NARAYANA NAGUBADI,Critical Care Medicine (Internal Medicine) Physician,IL,Chicago,287,152,0.00000000,-60.153118659499
brand_cost_share,1396026506,ABDULMONAM ALI,Critical Care Medicine (Internal Medicine) Physician,IL,Mount Vernon,287,152,0.00000000,-60.153118659499
brand_cost_share,1538346200,IRTAZA KHAN,Critical Care Medicine (Internal Medicine) Physician,IL,Chicago,287,152,0.00000000,-60.153118659499
brand_cost_share,1588301303,AVA WIECHERT,Critical Care Medicine (Internal Medicine) Physician,IL,Olympia Fields,287,152,0.00000000,-60.153118659499
brand_cost_share,1598969115,SAMIR PATEL,Critical Care Medicine (Internal Medicine) Physician,IL,Naperville,287,152,0.00000000,-60.153118659499
brand_cost_share,1629659057,JESSE KELSO,Critical Care Medicine (Internal Medicine) Physician,IL,Evanston,287,152,0.00000000,-60.153118659499
brand_cost_share,1790702611,AIMAN TULAIMAT,Critical Care Medicine (Internal Medicine) Physician,IL,Chicago,287,152,0.00000000,-60.153118659499
brand_cost_share,1861655524,GEORGE NGUYEN,Critical Care Medicine (Internal Medicine) Physician,IL,Chicago,287,152,0.00000000,-60.153118659499
brand_cost_share,1902537624,SAMURNA SABIR,Critical Care Medicine (Internal Medicine) Physician,IL,Chicago,287,152,0.00000000,-60.153118659499
brand_cost_share,1134573694,BETHANY CALABRESE,Physical Medicine & Rehabilitation Physician,MA,West Springfield,345,145,0.87342096,60.032985513608
brand_cost_share,1144293622,KARI HORTOS,"Endocrinology, Diabetes & Metabolism Physician",MI,Macomb Township,163,116,0.00000000,-59.900814764790
brand_cost_share,1437106093,JANEFRANCES CHUKWU,"Endocrinology, Diabetes & Metabolism Physician",MI,Ypsilanti,163,116,0.00000000,-59.900814764790
brand_cost_share,1508501016,NORA MCHEIK,"Endocrinology, Diabetes & Metabolism Physician",MI,Royal Oak,163,116,0.00000000,-59.900814764790
brand_cost_share,1669427902,DANA FLETCHER,"Endocrinology, Diabetes & Metabolism Physician",MI,Lansing,163,116,0.00000000,-59.900814764790
brand_cost_share,1881768810,ALI ORANDI,"Endocrinology, Diabetes & Metabolism Physician",MI,Jackson,163,116,0.00000000,-59.900814764790
brand_cost_share,1891431946,MARY TOWNSEND,"Endocrinology, Diabetes & Metabolism Physician",MI,Ann Arbor,163,116,0.00000000,-59.900814764790
brand_cost_share,1003109596,JOHN DANKO,Physical Medicine & Rehabilitation Physician,MA,Boston,345,145,0.86963395,59.769767815335
brand_cost_share,1023051331,EDWARD FOX,Orthopaedic Surgery Physician,PA,Hershey,1232,676,0.94989764,59.769372785133
brand_cost_share,1215054879,COLLEEN VELOSKI,"Endocrinology, Diabetes & Metabolism Physician",FL,Tampa,518,375,0.29095164,-59.727863820789
brand_cost_share,1013093863,HARRY DINSMORE,Orthopaedic Surgery Physician,PA,Lewistown,1232,676,0.94767758,59.628105959567
brand_cost_share,1396972733,ANULI MKPARU,Orthopaedic Surgery Physician,PA,Philadelphia,1232,676,0.94633341,59.542573753716
brand_cost_share,1720511736,REBEKAH HODGE,Critical Care Medicine (Internal Medicine) Physician,SC,Greenville,80,49,0.00000000,-59.511781733782
brand_cost_share,1467770727,SCOTT RITTERMAN,Orthopaedic Surgery Physician,PA,Pottstown,1232,676,0.94353791,59.364690538457
brand_cost_share,1558358705,SHON MEEK,"Endocrinology, Diabetes & Metabolism Physician",FL,Jacksonville,518,375,0.29515969,-59.364349162144
brand_cost_share,1356637755,DANIEL LEIGEY,Orthopaedic Surgery Physician,PA,Greensburg,1232,676,0.93981997,59.128110634560
brand_cost_share,1215508122,RAKSHA VENKATESAN,Critical Care Medicine (Internal Medicine) Physician,FL,Jacksonville,522,213,0.00000000,-59.096488969826
brand_cost_share,1518595016,JOSHUA WAIS,Critical Care Medicine (Internal Medicine) Physician,FL,St Petersburg,522,213,0.00000000,-59.096488969826
brand_cost_share,1629697024,YAISA MORENO HERNANDEZ,Critical Care Medicine (Internal Medicine) Physician,FL,Miami,522,213,0.00000000,-59.096488969826
brand_cost_share,1639583248,MEHUL PATEL,Critical Care Medicine (Internal Medicine) Physician,FL,Orlando,522,213,0.00000000,-59.096488969826
brand_cost_share,1801400148,PRABHAV VASISTHA,Critical Care Medicine (Internal Medicine) Physician,FL,Jacksonville,522,213,0.00000000,-59.096488969826
brand_cost_share,1932849940,NOAH KOSNIK,Critical Care Medicine (Internal Medicine) Physician,FL,Lakeland,522,213,0.00000000,-59.096488969826
brand_cost_share,1952939290,HASSAN KHAN,Critical Care Medicine (Internal Medicine) Physician,FL,Hialeah,522,213,0.00000000,-59.096488969826
brand_cost_share,1578884409,PAUL BALDWIN,Orthopaedic Surgery Physician,PA,Pittsburgh,1232,676,0.93892305,59.071037834192
brand_cost_share,1710934179,YONG-TAE LEE,Physical Medicine & Rehabilitation Physician,MA,Boston,345,145,0.85831267,58.982877560726
brand_cost_share,1023086501,JUSTIN LEE,Vascular & Interventional Radiology Physician,FL,Sarasota,235,35,0.00000000,-58.830247587830
brand_cost_share,1053601229,DAVID JOHNSON,Vascular & Interventional Radiology Physician,FL,Fort Myers,235,35,0.00000000,-58.830247587830
brand_cost_share,1144227331,PHILIP AMATULLE,Vascular & Interventional Radiology Physician,FL,Fort Myers,235,35,0.00000000,-58.830247587830
brand_cost_share,1174812697,EDUARDO LACAYO,Vascular & Interventional Radiology Physician,FL,Sarasota,235,35,0.00000000,-58.830247587830
brand_cost_share,1326202268,ALAN SAG,Vascular & Interventional Radiology Physician,FL,Miami,235,35,0.00000000,-58.830247587830
brand_cost_share,1366973406,MUHAMMAD NOOR,Vascular & Interventional Radiology Physician,FL,Palm Coast,235,35,0.00000000,-58.830247587830
brand_cost_share,1417150764,RIPAL GANDHI,Vascular & Interventional Radiology Physician,FL,Miami,235,35,0.00000000,-58.830247587830
brand_cost_share,1477873750,GLENN HOOTS,Vascular & Interventional Radiology Physician,FL,Tampa,235,35,0.00000000,-58.830247587830
brand_cost_share,1861439325,CRAIG REIHELD,Vascular & Interventional Radiology Physician,FL,Fort Myers,235,35,0.00000000,-58.830247587830
brand_cost_share,1992092258,KEITH PEREIRA,Vascular & Interventional Radiology Physician,FL,Miami,235,35,0.00000000,-58.830247587830
brand_cost_share,1033466487,ROBERT LIN,MOHS-Micrographic Surgery Physician,TX,Houston,76,62,0.78030854,58.657595578598
brand_cost_share,1083098701,MARIO NARANJO TOVAR,Pulmonary Disease Physician,PA,Philadelphia,506,323,0.00000000,-58.410597165285
brand_cost_share,1164539920,DAVID CELKO,Pulmonary Disease Physician,PA,Mc Murray,506,323,0.00000000,-58.410597165285
brand_cost_share,1336565225,CHRISTOPHER PHAM,Pulmonary Disease Physician,PA,Pittsburgh,506,323,0.00000000,-58.410597165285
brand_cost_share,1376515965,MARIA CRESPO,Pulmonary Disease Physician,PA,Philadelphia,506,323,0.00000000,-58.410597165285
brand_cost_share,1699701664,RICHARD KAUFMAN,Pulmonary Disease Physician,PA,Jenkintown,506,323,0.00000000,-58.410597165285
brand_cost_share,1720167257,JORGE MORA,Pulmonary Disease Physician,PA,Philadelphia,506,323,0.00000000,-58.410597165285
brand_cost_share,1720173834,ASHLEY HOUGHTON,Pulmonary Disease Physician,PA,Pittsburgh,506,323,0.00000000,-58.410597165285
brand_cost_share,1881821072,KEVIN KANE,Pulmonary Disease Physician,PA,Pittsburgh,506,323,0.00000000,-58.410597165285
brand_cost_share,1962465617,ERIC HEFFELFINGER,Pulmonary Disease Physician,PA,Ridley Park,506,323,0.00000000,-58.410597165285
brand_cost_share,1982617254,DINESHKUMAR TALATI,Pulmonary Disease Physician,PA,Wilkes Barre,506,323,0.00000000,-58.410597165285
brand_cost_share,1417051954,SIMON SYMEONIDES,Critical Care Medicine (Internal Medicine) Physician,FL,Ocala,522,213,0.01499570,-58.196438190359
brand_cost_share,1235719816,NIKHITA CHENNAIAH GARI,Rheumatology Physician,MI,Detroit,150,103,0.00000000,-58.138840612221
brand_cost_share,1356517361,AZZA ALI,Rheumatology Physician,MI,Detroit,150,103,0.00000000,-58.138840612221
brand_cost_share,1407937642,MARK MCQUILLAN,Rheumatology Physician,MI,Ann Arbor,150,103,0.00000000,-58.138840612221
brand_cost_share,1700415874,BRANDON AHLGREN,Rheumatology Physician,MI,Detroit,150,103,0.00000000,-58.138840612221
brand_cost_share,1033154125,ATIF ZEESHAN,Pulmonary Disease Physician,MD,Berlin,222,103,0.00000000,-57.983634930720
brand_cost_share,1083751846,JONATHAN JUN,Pulmonary Disease Physician,MD,Baltimore,222,103,0.00000000,-57.983634930720
brand_cost_share,1144252479,PHILIP SMITH,Pulmonary Disease Physician,MD,Baltimore,222,103,0.00000000,-57.983634930720
brand_cost_share,1205037256,LUU PHAM,Pulmonary Disease Physician,MD,Baltimore,222,103,0.00000000,-57.983634930720
brand_cost_share,1306844592,LALIT GUPTA,Pulmonary Disease Physician,MD,Rockville,222,103,0.00000000,-57.983634930720
brand_cost_share,1790170322,REBECCA GERSTEN,Pulmonary Disease Physician,MD,Baltimore,222,103,0.00000000,-57.983634930720
brand_cost_share,1851375042,ABDUL WAHEED,Pulmonary Disease Physician,MD,Hagerstown,222,103,0.00000000,-57.983634930720
brand_cost_share,1871532341,JONATHAN ORENS,Pulmonary Disease Physician,MD,Baltimore,222,103,0.00000000,-57.983634930720
brand_cost_share,1972500775,CAROLYN HEMPHILL,Orthopaedic Surgery Physician,PA,Pittsburgh,1232,676,0.92025647,57.883246287670
brand_cost_share,1477554624,MARK WILLIAMS,Orthopaedic Surgery Physician,PA,Bloomsburg,1232,676,0.91968870,57.847117955305
brand_cost_share,1568031870,TANYA AGGARWAL,"Endocrinology, Diabetes & Metabolism Physician",GA,Gainesville,208,163,0.31220530,-57.398295223247
brand_cost_share,1295089415,NESHMA ROMAN-VELEZ,"Endocrinology, Diabetes & Metabolism Physician",PR,Vega Baja,90,79,0.00000000,-57.261163079868
brand_cost_share,1518963008,JOSE GANDARA,"Endocrinology, Diabetes & Metabolism Physician",PR,Mayaguez,90,79,0.00000000,-57.261163079868
brand_cost_share,1841275104,LILLIAN HADDOCK-SUAREZ,"Endocrinology, Diabetes & Metabolism Physician",PR,Rio Piedras,90,79,0.00000000,-57.261163079868
brand_cost_share,1699960716,ERIN WATSON,Physical Medicine & Rehabilitation Physician,MA,West Springfield,345,145,0.83154150,57.122136303775
brand_cost_share,1033739149,GRANT HERRINGTON,"Endocrinology, Diabetes & Metabolism Physician",TX,Grand Prairie,517,392,0.18250427,-57.054365582375
brand_cost_share,1760747083,JESSICA ZWIENER,"Endocrinology, Diabetes & Metabolism Physician",TX,Bellaire,517,392,0.18300950,-57.018261992280
brand_cost_share,1336742717,JOSIAH BAKER,Orthopaedic Surgery Physician,PA,Lancaster,1232,676,0.90444134,56.876898165993
brand_cost_share,1740492354,MACALUS HOGAN,Orthopaedic Surgery Physician,PA,Pittsburgh,1232,676,0.90355735,56.820648127196
brand_cost_share,1558450429,DANIEL IRACKI,Pulmonary Disease Physician,PA,Pittsburgh,506,323,0.02792399,-56.754032046879
brand_cost_share,1902057987,ROBERT BRABENDER,Orthopaedic Surgery Physician,PA,Pittsburgh,1232,676,0.89958497,56.567877700928
brand_cost_share,1073659561,PALI SHAH,Pulmonary Disease Physician,MD,Baltimore,222,103,0.02559210,-56.475079530528
brand_cost_share,1154359958,PHILLIP PETERS,"Endocrinology, Diabetes & Metabolism Physician",AR,Little Rock,44,33,0.00000000,-56.299088156517
brand_cost_share,1407871072,ILENE ROSEN,Critical Care Medicine (Internal Medicine) Physician,PA,Philadelphia,318,148,0.11335579,-56.131679886039
brand_cost_share,1235291667,CHAKRADHAR REDDY,Pulmonary Disease Physician,MI,Clinton Twp,255,176,0.00000000,-55.798510934334
brand_cost_share,1295977221,JOHN EGAN,Pulmonary Disease Physician,MI,Grand Rapids,255,176,0.00000000,-55.798510934334
brand_cost_share,1366479677,SANFORD RAUTBORT,Pulmonary Disease Physician,MI,West Bloomfield,255,176,0.00000000,-55.798510934334
brand_cost_share,1447230669,LYLE VICTOR,Pulmonary Disease Physician,MI,Canton,255,176,0.00000000,-55.798510934334
brand_cost_share,1477905883,STEPHANIE HART,Pulmonary Disease Physician,MI,Lansing,255,176,0.00000000,-55.798510934334
brand_cost_share,1497850713,STEVEN RUBIN,Pulmonary Disease Physician,MI,Farmington Hills,255,176,0.00000000,-55.798510934334
brand_cost_share,1528685310,KIROLOS GERGIS,Pulmonary Disease Physician,MI,Warren,255,176,0.00000000,-55.798510934334
brand_cost_share,1609966621,CHANDRA GERA,Pulmonary Disease Physician,MI,Lansing,255,176,0.00000000,-55.798510934334
brand_cost_share,1679561443,TIMOTHY MACON,Pulmonary Disease Physician,MI,Sterling,255,176,0.00000000,-55.798510934334
brand_cost_share,1861457889,CARL SMOOT,Pulmonary Disease Physician,MI,Iron Mountain,255,176,0.00000000,-55.798510934334
brand_cost_share,1306801030,DANTE PALUMBO,Orthopaedic Surgery Physician,PA,Kingston,1232,676,0.88748960,55.798225293360
brand_cost_share,1689600504,MARIA ANTONIOU,Pulmonary Disease Physician,PA,Philadelphia,506,323,0.04438055,-55.777761704963
brand_cost_share,1174965982,VICTORIA GRAHAM,General Practice Dentistry,MS,Tupelo,807,470,0.84003403,55.634427615181
brand_cost_share,1114185022,ANUJ MEHTA,Pulmonary Disease Physician,CO,Denver,174,100,0.00000000,-55.492527165480
brand_cost_share,1477515336,ERIC YAEGER,Pulmonary Disease Physician,CO,Greenwood Village,174,100,0.00000000,-55.492527165480
brand_cost_share,1699753392,ELAINE SCHWARTZ,Pulmonary Disease Physician,CO,Denver,174,100,0.00000000,-55.492527165480
brand_cost_share,1831726405,CHRISTIAAN REES,Pulmonary Disease Physician,CO,Aurora,174,100,0.00000000,-55.492527165480
brand_cost_share,1992895676,EDWARD DEMPSEY,Pulmonary Disease Physician,CO,Aurora,174,100,0.00000000,-55.492527165480
brand_cost_share,1699978932,KEVIN NELSON,General Practice Dentistry,MS,Jackson,807,470,0.83739985,55.457853993580
brand_cost_share,1093941726,DANIEL ADAMS,Critical Care Medicine (Internal Medicine) Physician,OH,Columbus,277,145,0.00000000,-55.427011549578
brand_cost_share,1225438849,MUHAMMAD OMAR,Critical Care Medicine (Internal Medicine) Physician,OH,Toledo,277,145,0.00000000,-55.427011549578
brand_cost_share,1265052872,ALBERT BUI,Critical Care Medicine (Internal Medicine) Physician,OH,Lima,277,145,0.00000000,-55.427011549578
brand_cost_share,1275595944,MANSOOR AHMED,Critical Care Medicine (Internal Medicine) Physician,OH,Westlake,277,145,0.00000000,-55.427011549578
brand_cost_share,1316557812,ABHILASH BHAT MARAKINI,Critical Care Medicine (Internal Medicine) Physician,OH,Cleveland,277,145,0.00000000,-55.427011549578
brand_cost_share,1649615212,JENNICA JOHNS,Critical Care Medicine (Internal Medicine) Physician,OH,Columbus,277,145,0.00000000,-55.427011549578
brand_cost_share,1942268107,GEOFFREY POLEN,Critical Care Medicine (Internal Medicine) Physician,OH,Westerville,277,145,0.00000000,-55.427011549578
brand_cost_share,1063475945,STASIA MIASKIEWICZ,"Endocrinology, Diabetes & Metabolism Physician",PA,Pittsburgh,370,263,0.00000000,-55.375092527428
brand_cost_share,1437122066,AMY GOLDSTEIN,"Endocrinology, Diabetes & Metabolism Physician",PA,Philadelphia,370,263,0.00000000,-55.375092527428
brand_cost_share,1528562915,REGINE BOUTIN,"Endocrinology, Diabetes & Metabolism Physician",PA,Philadelphia,370,263,0.00000000,-55.375092527428
brand_cost_share,1720241284,RONALD PYRAM,"Endocrinology, Diabetes & Metabolism Physician",PA,East Stroudsburg,370,263,0.00000000,-55.375092527428
brand_cost_share,1760011688,SIMRAN MINHAS,"Endocrinology, Diabetes & Metabolism Physician",PA,Lansdale,370,263,0.00000000,-55.375092527428
brand_cost_share,1831830397,HIWOT WORKNEH,"Endocrinology, Diabetes & Metabolism Physician",PA,Allentown,370,263,0.00000000,-55.375092527428
brand_cost_share,1083782502,LISA ALLENSPACH,Pulmonary Disease Physician,MI,Detroit,255,176,0.00870512,-55.305702674203
brand_cost_share,1598297582,VICTOR GRECO,Orthopaedic Surgery Physician,PA,Pittsburgh,1232,676,0.87831358,55.214336922448
brand_cost_share,1124331046,JULIO PINTO-CORRALES,Pulmonary Disease Physician,MI,Detroit,255,176,0.01311229,-55.056207000415
brand_cost_share,1205947512,PADMARAJ SAMARENDRA,Critical Care Medicine (Internal Medicine) Physician,PA,Johnstown,318,148,0.13189065,-54.940648982670
brand_cost_share,1699749978,AXEL YABROUDI,Endodontics,AZ,Chandler,131,76,0.70935890,54.718243625574
brand_cost_share,1184203440,RAUL OCAMPO LANDA,Critical Care Medicine (Internal Medicine) Physician,WI,Madison,131,58,0.25856268,-54.708150917634
brand_cost_share,1356412878,NARAYANACHAR SEKARAN,Pulmonary Disease Physician,NC,Roanoke Rapids,259,156,0.00000000,-54.699042847159
brand_cost_share,1487886735,ANTHONY RAYNOR,Pulmonary Disease Physician,NC,Boone,259,156,0.00000000,-54.699042847159
brand_cost_share,1811100373,DANIEL GILSTRAP,Pulmonary Disease Physician,NC,Durham,259,156,0.00000000,-54.699042847159
brand_cost_share,1801885579,ANTHONY CANTERNA,Orthopaedic Surgery Physician,PA,Hermitage,1232,676,0.86686151,54.485618971105
brand_cost_share,1215026232,RUSSELL ROWE,MOHS-Micrographic Surgery Physician,TX,Gatesville,76,62,0.72501659,54.453377511057
brand_cost_share,1972736890,ABDULLAH CHAHIN,Critical Care Medicine (Internal Medicine) Physician,IL,Chicago Ridge,287,152,0.09617103,-54.291185612693
brand_cost_share,1598760688,HENRY BONE,"Endocrinology, Diabetes & Metabolism Physician",MI,Detroit,163,116,0.09296204,-54.216836092776
brand_cost_share,1982818886,TARIK HADDAD,Critical Care Medicine (Internal Medicine) Physician,FL,Jacksonville,522,213,0.08189533,-54.181082846658
brand_cost_share,1215455043,ALANNA NEVES,Pulmonary Disease Physician,AZ,Tucson,198,108,0.00000000,-53.943495687183
brand_cost_share,1588160964,LAUREN RIDENOUR,Pulmonary Disease Physician,AZ,Gilbert,198,108,0.00000000,-53.943495687183
brand_cost_share,1851092662,SRUTHI SEKARAN,Pulmonary Disease Physician,AZ,Phoenix,198,108,0.00000000,-53.943495687183
brand_cost_share,1982742219,JENNIFER MAMMEN,"Endocrinology, Diabetes & Metabolism Physician",MD,Baltimore,246,151,0.19627629,-53.859985963643
brand_cost_share,1205837804,STEVEN CREMER,Diagnostic Radiology Physician,IL,Moline,1634,33,0.00000000,-53.806908875502
brand_cost_share,1295999225,DONALD BANICKI,Diagnostic Radiology Physician,IL,Rockford,1634,33,0.00000000,-53.806908875502
brand_cost_share,1386820041,RAMONA GUPTA,Diagnostic Radiology Physician,IL,Chicago,1634,33,0.00000000,-53.806908875502
brand_cost_share,1427032267,MICHAEL FLISAK,Diagnostic Radiology Physician,IL,Oak Lawn,1634,33,0.00000000,-53.806908875502
brand_cost_share,1487673448,JONATHAN LEVINE,Diagnostic Radiology Physician,IL,Westmont,1634,33,0.00000000,-53.806908875502
brand_cost_share,1700264769,RYAN LEAHY,Diagnostic Radiology Physician,IL,Olympia Fields,1634,33,0.00000000,-53.806908875502
brand_cost_share,1912657107,CASSIDY DODSON,Diagnostic Radiology Physician,IL,Chicago,1634,33,0.00000000,-53.806908875502
brand_cost_share,1831352806,JASON SHROYER,Endodontics,AZ,Tucson,131,76,0.69496207,53.594017351383
brand_cost_share,1497952063,KYLE HUBLER,Orthopaedic Surgery Physician,PA,Williamsport,1232,676,0.84185671,52.894513901914
brand_cost_share,1558567743,PERCY TWINE,Endodontics,AZ,Phoenix,131,76,0.68553315,52.857727515270
brand_cost_share,1821551169,ZHIWEI ZHANG,"Endocrinology, Diabetes & Metabolism Physician",SC,Myrtle Beach,88,61,0.00000000,-52.730504677068
brand_cost_share,1902391345,OTTO GIBBS,"Endocrinology, Diabetes & Metabolism Physician",SC,Charleston,88,61,0.00000000,-52.730504677068
brand_cost_share,1003337700,MUZAMMIL KHAN,"Endocrinology, Diabetes & Metabolism Physician",NY,Stony Brook,796,585,0.00000000,-52.628145831870
brand_cost_share,1083660351,WILFRED VICTORINA,"Endocrinology, Diabetes & Metabolism Physician",NY,Albany,796,585,0.00000000,-52.628145831870
brand_cost_share,1114995388,JACK CUKIERMAN,"Endocrinology, Diabetes & Metabolism Physician",NY,Amherst,796,585,0.00000000,-52.628145831870
brand_cost_share,1184011660,SARA NAJI RAD,"Endocrinology, Diabetes & Metabolism Physician",NY,Bethpage,796,585,0.00000000,-52.628145831870
brand_cost_share,1194352948,IZZA MUNEER,"Endocrinology, Diabetes & Metabolism Physician",NY,Valhalla,796,585,0.00000000,-52.628145831870
brand_cost_share,1205860038,MARTIN BARANDES,"Endocrinology, Diabetes & Metabolism Physician",NY,New York,796,585,0.00000000,-52.628145831870
brand_cost_share,1235228727,NIR BARZILAI,"Endocrinology, Diabetes & Metabolism Physician",NY,Bronx,796,585,0.00000000,-52.628145831870
brand_cost_share,1245618586,AMAL SHARIFF,"Endocrinology, Diabetes & Metabolism Physician",NY,Brooklyn,796,585,0.00000000,-52.628145831870
brand_cost_share,1255418349,ELLEN MILLER,"Endocrinology, Diabetes & Metabolism Physician",NY,Hewlert,796,585,0.00000000,-52.628145831870
brand_cost_share,1255969077,TIFFANY LU,"Endocrinology, Diabetes & Metabolism Physician",NY,Brooklyn,796,585,0.00000000,-52.628145831870
brand_cost_share,1295362879,FUAD BENYAMINOV,"Endocrinology, Diabetes & Metabolism Physician",NY,Forest Hills,796,585,0.00000000,-52.628145831870
brand_cost_share,1366709982,SARAH MUSLEH,"Endocrinology, Diabetes & Metabolism Physician",NY,New York,796,585,0.00000000,-52.628145831870
brand_cost_share,1376773630,DIANE ZLOTNIKOV-SMOLYARE,"Endocrinology, Diabetes & Metabolism Physician",NY,Dover Plains,796,585,0.00000000,-52.628145831870
brand_cost_share,1386643625,GILLIAN KATZ,"Endocrinology, Diabetes & Metabolism Physician",NY,New York,796,585,0.00000000,-52.628145831870
brand_cost_share,1447336052,ROBERT COURGI,"Endocrinology, Diabetes & Metabolism Physician",NY,Wading River,796,585,0.00000000,-52.628145831870
brand_cost_share,1548278609,JULIE PROBST-RIORDAN,"Endocrinology, Diabetes & Metabolism Physician",NY,New York,796,585,0.00000000,-52.628145831870
brand_cost_share,1588809602,CLAUDIA DUMITRESCU,"Endocrinology, Diabetes & Metabolism Physician",NY,Malone,796,585,0.00000000,-52.628145831870
brand_cost_share,1609568559,YEE-MING CHEUNG,"Endocrinology, Diabetes & Metabolism Physician",NY,New York,796,585,0.00000000,-52.628145831870
brand_cost_share,1700468196,PAVATHARANI PIRATHEEPAN,"Endocrinology, Diabetes & Metabolism Physician",NY,Williamsville,796,585,0.00000000,-52.628145831870
brand_cost_share,1760589659,ANGELIKI PSIMOULIS,"Endocrinology, Diabetes & Metabolism Physician",NY,Astoria,796,585,0.00000000,-52.628145831870
brand_cost_share,1790820744,GABRIELLE WILSON,"Endocrinology, Diabetes & Metabolism Physician",NY,New York,796,585,0.00000000,-52.628145831870
brand_cost_share,1841759917,SAPIR NACHUM,"Endocrinology, Diabetes & Metabolism Physician",NY,New York,796,585,0.00000000,-52.628145831870
brand_cost_share,1861020059,KIMBERLY YUANG,"Endocrinology, Diabetes & Metabolism Physician",NY,Stony Brook,796,585,0.00000000,-52.628145831870
brand_cost_share,1881198307,SARA ZAHEDPOUR ANARAKI,"Endocrinology, Diabetes & Metabolism Physician",NY,Riverhead,796,585,0.00000000,-52.628145831870
brand_cost_share,1881640191,REZA SABET,"Endocrinology, Diabetes & Metabolism Physician",NY,Syosset,796,585,0.00000000,-52.628145831870
brand_cost_share,1922014596,NICOLE SIMON,"Endocrinology, Diabetes & Metabolism Physician",NY,Brooklyn,796,585,0.00000000,-52.628145831870
brand_cost_share,1962607846,FELICIA MENDELSOHN CURANAJ,"Endocrinology, Diabetes & Metabolism Physician",NY,New York,796,585,0.00000000,-52.628145831870
brand_cost_share,1982055240,BHUVANESHWARI VENKATESAN,"Endocrinology, Diabetes & Metabolism Physician",NY,Staten Island,796,585,0.00000000,-52.628145831870
brand_cost_share,1982163135,DARIA SCHATOFF,"Endocrinology, Diabetes & Metabolism Physician",NY,Rego Park,796,585,0.00000000,-52.628145831870
brand_cost_share,1114960564,JOHN BENNER,Orthopaedic Surgery Physician,PA,West Chester,1232,676,0.83631387,52.541811987813
brand_cost_share,1194893669,SHONNI SILVERBERG,"Endocrinology, Diabetes & Metabolism Physician",NY,New York,796,585,0.00210955,-52.514557320671
brand_cost_share,1891426110,JOSEPH MAZUR,Orthopaedic Surgery Physician,PA,Erie,1232,676,0.83132178,52.224155389686
brand_cost_share,1598178378,ANTHONY CHIARAVALLOTI,MOHS-Micrographic Surgery Physician,NY,East Syracuse,52,47,0.99952168,52.196600069483
brand_cost_share,1427410265,RYAN RIDENOUR,Orthopaedic Surgery Physician,PA,Pittsburgh,1232,676,0.82652636,51.919013294132
brand_cost_share,1083828685,PRASANNA SANTHANAM,"Endocrinology, Diabetes & Metabolism Physician",MD,Baltimore,246,151,0.22663592,-51.775570301900
brand_cost_share,1003894692,JUAN BARRIO,Pulmonary Disease Physician,FL,Miami,664,404,0.00000000,-51.711339468120
brand_cost_share,1104095157,JEREMY BERG,Pulmonary Disease Physician,FL,Delray Beach,664,404,0.00000000,-51.711339468120
brand_cost_share,1205807161,MICHELE MAHOLTZ,Pulmonary Disease Physician,FL,Vero Beach,664,404,0.00000000,-51.711339468120
brand_cost_share,1245283357,DENNIS SORRESSO,Pulmonary Disease Physician,FL,Macclenny,664,404,0.00000000,-51.711339468120
brand_cost_share,1336777275,ZEYNEP IDIL SECKIN,Pulmonary Disease Physician,FL,Jacksonville,664,404,0.00000000,-51.711339468120
brand_cost_share,1447297411,NARESH PUNJABI,Pulmonary Disease Physician,FL,Miami,664,404,0.00000000,-51.711339468120
brand_cost_share,1689251951,VARUN BANSAL,Pulmonary Disease Physician,FL,Jacksonville,664,404,0.00000000,-51.711339468120
brand_cost_share,1710908090,MONICA WOODWARD,Pulmonary Disease Physician,FL,Naples,664,404,0.00000000,-51.711339468120
brand_cost_share,1861437709,ADELAIDA MIRO,Pulmonary Disease Physician,FL,Miami,664,404,0.00000000,-51.711339468120
brand_cost_share,1881669422,MARK SMITH,Pulmonary Disease Physician,FL,Tampa,664,404,0.00000000,-51.711339468120
brand_cost_share,1992799431,JOSE GOYOS,Pulmonary Disease Physician,FL,Davie,664,404,0.00000000,-51.711339468120
brand_cost_share,1285730671,SERGEY WORTMAN,Physical Medicine & Rehabilitation Physician,MA,New Bedford,345,145,0.75204689,51.596830516535
brand_cost_share,1033374434,MARJAN RAHMANIAN,Critical Care Medicine (Internal Medicine) Physician,NY,Bronx,569,251,0.00000000,-51.591426666424
brand_cost_share,1053710913,SACHIN MANTHURUTHIL,Critical Care Medicine (Internal Medicine) Physician,NY,Hornell,569,251,0.00000000,-51.591426666424
brand_cost_share,1063099760,RUI ZHANG,Critical Care Medicine (Internal Medicine) Physician,NY,Oceanside,569,251,0.00000000,-51.591426666424
brand_cost_share,1114215126,HARPREET GREWAL,Critical Care Medicine (Internal Medicine) Physician,NY,New York,569,251,0.00000000,-51.591426666424
brand_cost_share,1235246307,LUIS ANGEL,Critical Care Medicine (Internal Medicine) Physician,NY,New York,569,251,0.00000000,-51.591426666424
brand_cost_share,1336714906,ZARYAB UMAR,Critical Care Medicine (Internal Medicine) Physician,NY,Queen,569,251,0.00000000,-51.591426666424
brand_cost_share,1396722088,DAVID DIMARCO,Critical Care Medicine (Internal Medicine) Physician,NY,Lakewood,569,251,0.00000000,-51.591426666424
brand_cost_share,1427279017,ALI MANSOUR,Critical Care Medicine (Internal Medicine) Physician,NY,Bronx,569,251,0.00000000,-51.591426666424
brand_cost_share,1457427601,TERENCE BRADY,Critical Care Medicine (Internal Medicine) Physician,NY,Flushing,569,251,0.00000000,-51.591426666424
brand_cost_share,1497889588,GRACIANO RIVERA,Critical Care Medicine (Internal Medicine) Physician,NY,New York,569,251,0.00000000,-51.591426666424
brand_cost_share,1568199149,POONEH FARHANGI,Critical Care Medicine (Internal Medicine) Physician,NY,Binghamton,569,251,0.00000000,-51.591426666424
brand_cost_share,1568575611,YIZHAK KUPFER,Critical Care Medicine (Internal Medicine) Physician,NY,Brooklyn,569,251,0.00000000,-51.591426666424
brand_cost_share,1710900410,DIPAK CHANDY,Critical Care Medicine (Internal Medicine) Physician,NY,Valhalla,569,251,0.00000000,-51.591426666424
brand_cost_share,1720137730,CATHERINE DEL BUONO,"Endocrinology, Diabetes & Metabolism Physician",NY,New York,796,585,0.02101896,-51.496382008618
brand_cost_share,1457391997,DAVID BOWERS,Physical Medicine & Rehabilitation Physician,MA,West Springfield,345,145,0.75024540,51.471617208077
brand_cost_share,1447207139,PAUL AZIMOV,Physical Medicine & Rehabilitation Physician,MA,Springfield,345,145,0.74631210,51.198231562774
brand_cost_share,1447757968,MOHAMED MEGHIL,Periodontics,MI,Detroit,152,88,0.62462892,51.130278805045
brand_cost_share,1740497882,VIVEK SHARMA,Orthopaedic Surgery Physician,PA,Somerset,1232,676,0.81395358,51.118982340402
brand_cost_share,1033791751,JONATHAN STEWART,Critical Care Medicine (Internal Medicine) Physician,VA,Richmond,162,81,0.00000000,-51.088025095328
brand_cost_share,1174734362,TAJENDER VASU,Critical Care Medicine (Internal Medicine) Physician,VA,Falls Church,162,81,0.00000000,-51.088025095328
brand_cost_share,1366708786,JESSICA RIGGS,Critical Care Medicine (Internal Medicine) Physician,VA,Leesburg,162,81,0.00000000,-51.088025095328
brand_cost_share,1457562050,RUBEN OGANESOV,Physical Medicine & Rehabilitation Physician,MA,Allston,345,145,0.74462188,51.080752121744
brand_cost_share,1104978964,JOHN DANIELS,"Endocrinology, Diabetes & Metabolism Physician",MO,Saint Louis,150,115,0.18397140,-51.033045056087
brand_cost_share,1477708089,LORENA DOCTOR,Clinical Cardiac Electrophysiology Physician,GA,Ocilla,38,34,0.00000000,-50.973234566985
brand_cost_share,1568994341,ROOP DUTTA,Clinical Cardiac Electrophysiology Physician,GA,Athens,38,34,0.00000000,-50.973234566985
brand_cost_share,1457314361,NIKOLOZ CHITAIA,"Endocrinology, Diabetes & Metabolism Physician",MO,Independence,150,115,0.19010427,-50.639705642090
brand_cost_share,1376004937,JENNIFER ABDALLA,Rheumatology Physician,LA,New Orleans,67,54,0.00000000,-50.576979800668
brand_cost_share,1538481965,SUSAN KIM,"Endocrinology, Diabetes & Metabolism Physician",WV,Huntington,45,32,0.00000000,-50.220980487259
brand_cost_share,1205091295,STEVEN SWAGER,Endodontics,AZ,Phoenix,131,76,0.65171632,50.217023360548
brand_cost_share,1760408330,CAROL MIYAKE,"Endocrinology, Diabetes & Metabolism Physician",NY,Poughkeepsie,796,585,0.04522327,-50.193103329523
brand_cost_share,1194743971,ANTHONY COSTRINI,Critical Care Medicine (Internal Medicine) Physician,GA,Savannah,183,99,0.00000000,-50.140003739977
brand_cost_share,1386853612,KELLI SALTER,Critical Care Medicine (Internal Medicine) Physician,GA,Atlanta,183,99,0.00000000,-50.140003739977
brand_cost_share,1528312303,AMANDA WESTBROOK,Critical Care Medicine (Internal Medicine) Physician,GA,Savannah,183,99,0.00000000,-50.140003739977
brand_cost_share,1831600980,MARIA CHRISTINA BARFIELD,Critical Care Medicine (Internal Medicine) Physician,GA,Macon,183,99,0.00000000,-50.140003739977
brand_cost_share,1528639994,JEEL GALA,Critical Care Medicine (Internal Medicine) Physician,FL,Jacksonville,522,213,0.15153065,-50.001529771815
brand_cost_share,1154383503,ANDREW BULLARD,Pulmonary Disease Physician,NC,Winston Salem,259,156,0.08487399,-49.986635195440
brand_cost_share,1598262032,TIJANA MILINIC,Critical Care Medicine (Internal Medicine) Physician,WA,Seattle,132,61,0.00000000,-49.924883884544
brand_cost_share,1649217621,SINA GHARIB,Critical Care Medicine (Internal Medicine) Physician,WA,Seattle,132,61,0.00000000,-49.924883884544
brand_cost_share,1306454848,HUNTER HAWKINS,General Practice Dentistry,MS,Petal,807,470,0.75461973,49.908959998112
brand_cost_share,1043239163,LORI SHAH,Critical Care Medicine (Internal Medicine) Physician,NY,New York,569,251,0.03542358,-49.738950177082
brand_cost_share,1710366968,SAL MANUEL SEBASTIAN CALO,Pulmonary Disease Physician,MI,Detroit,255,176,0.10840098,-49.661789286572
brand_cost_share,1376519983,THOMAS OLIVER,"Endocrinology, Diabetes & Metabolism Physician",TX,El Paso,517,392,0.28628547,-49.638190960055
brand_cost_share,1265648745,TOMOYA SAKAI,Physical Medicine & Rehabilitation Physician,MA,Dedham,345,145,0.72256941,49.547986062335
brand_cost_share,1073504692,MICHAEL JURENOVICH,Orthopaedic Surgery Physician,PA,Greenville,1232,676,0.78699029,49.403254664074
brand_cost_share,1558454017,GUIDO LASTRA GONZALEZ,"Endocrinology, Diabetes & Metabolism Physician",MO,Columbia,150,115,0.20983652,-49.374152703280
brand_cost_share,1902995178,VISHAL AGRAWAL,Critical Care Medicine (Internal Medicine) Physician,GA,Dublin,183,99,0.01506626,-49.373360004542
brand_cost_share,1427213024,CHARLES LANE,Critical Care Medicine (Internal Medicine) Physician,OH,Cleveland,277,145,0.10997870,-49.239491320196
brand_cost_share,1083618946,DAVID TONNIES,Orthopaedic Surgery Physician,PA,Hermitage,1232,676,0.78358107,49.186319226718
brand_cost_share,1851378384,JOHN KEEL,Physical Medicine & Rehabilitation Physician,MA,Boston,345,145,0.71613701,49.100899436640
brand_cost_share,1427056555,RANDALL SMITH,Orthopaedic Surgery Physician,PA,Philadelphia,1232,676,0.78007872,48.963457742560
brand_cost_share,1306846431,BRADLEY ROWENS,Pulmonary Disease Physician,MI,Novi,255,176,0.12110086,-48.942832423636
brand_cost_share,1205865862,FATEMA OMRAN,"Endocrinology, Diabetes & Metabolism Physician",FL,Naples,518,375,0.41617699,-48.910204724757
brand_cost_share,1093914301,IMRAN SETHI,Critical Care Medicine (Internal Medicine) Physician,KY,Shepherdsville,69,44,0.00000000,-48.891750608440
brand_cost_share,1104860162,PATRICIA MILES,Critical Care Medicine (Internal Medicine) Physician,KY,Florence,69,44,0.00000000,-48.891750608440
brand_cost_share,1356728919,VENKATA SAI GOGINENI,Interventional Cardiology Physician,GA,Canton,105,92,0.00000000,-48.848568778161
brand_cost_share,1992871479,HOWARD KOLODNY,"Endocrinology, Diabetes & Metabolism Physician",NY,Great Neck,796,585,0.07074800,-48.818726766065
brand_cost_share,1740388024,PABLO CASTILLO,Pulmonary Disease Physician,FL,Jacksonville,664,404,0.05663346,-48.733773459012
brand_cost_share,1336244540,ANITA RAMSETTY,"Endocrinology, Diabetes & Metabolism Physician",NJ,Englewood,327,243,0.36207424,-48.648117562589
brand_cost_share,1891082715,JONATHAN WOOLFOLK,General Practice Dentistry,MS,Starkville,807,470,0.73451013,48.560978880287
brand_cost_share,1558471359,RACHEL KUSHNER,MOHS-Micrographic Surgery Physician,NY,Franklin Square,52,47,0.92477898,48.242980202865
brand_cost_share,1235156266,VICTOR PELAEZ,Critical Care Medicine (Internal Medicine) Physician,IL,Chicago,287,152,0.19951411,-47.992093091683
brand_cost_share,1013933241,DWIGHT TOWLER,"Endocrinology, Diabetes & Metabolism Physician",TN,Nashville,123,94,0.00000000,-47.953773943589
brand_cost_share,1023660115,CORY DECLUE,"Endocrinology, Diabetes & Metabolism Physician",TN,Mt Juliet,123,94,0.00000000,-47.953773943589
brand_cost_share,1083655518,LLOYD HANCOCK,"Endocrinology, Diabetes & Metabolism Physician",TN,Murfreesboro,123,94,0.00000000,-47.953773943589
brand_cost_share,1568971232,MASON GINDT,"Endocrinology, Diabetes & Metabolism Physician",TN,Memphis,123,94,0.00000000,-47.953773943589
brand_cost_share,1720084825,BILL LAW,"Endocrinology, Diabetes & Metabolism Physician",TN,Knoxville,123,94,0.00000000,-47.953773943589
brand_cost_share,1104265933,SHANLEY O'BRIEN,Rheumatology Physician,MI,Traverse City,150,103,0.17293527,-47.753396759313
brand_cost_share,1205359478,BISHAL GYAWALI,Pulmonary Disease Physician,MS,Ocean Springs,63,39,0.00000000,-47.716351156025
brand_cost_share,1689605156,SHAKA WALKER,Orthopaedic Surgery Physician,PA,Pittsburgh,1232,676,0.75954379,47.656779376067
brand_cost_share,1033799713,MATEUSZ TKACZ,Critical Care Medicine (Internal Medicine) Physician,NC,Chapel Hill,157,80,0.00000000,-47.622477457990
brand_cost_share,1053765990,KRISTINA CATANIA,Critical Care Medicine (Internal Medicine) Physician,NC,Pinehurst,157,80,0.00000000,-47.622477457990
brand_cost_share,1306828538,KENNETH GALLUP,Critical Care Medicine (Internal Medicine) Physician,NC,Elkin,157,80,0.00000000,-47.622477457990
brand_cost_share,1437569852,WISSAM MANSOUR,Critical Care Medicine (Internal Medicine) Physician,NC,Durham,157,80,0.00000000,-47.622477457990
brand_cost_share,1508212291,CARLEIGH ZAHN,Rheumatology Physician,MI,Ann Arbor,150,103,0.17717602,-47.498723024920
brand_cost_share,1083852610,MADHAVI S.V. PRASAD,Physical Medicine & Rehabilitation Physician,MA,Fall River,345,145,0.69192319,47.417907850454
brand_cost_share,1598702128,MICHAEL WOODS,Physical Medicine & Rehabilitation Physician,MA,East Longmeadow,345,145,0.69141254,47.382414910740
brand_cost_share,1386618221,RAJANNA RAMASWAMY,Critical Care Medicine (Internal Medicine) Physician,KY,Louisville,69,44,0.03067059,-47.364528682170
brand_cost_share,1134261464,SARAH DEROSIER,Podiatrist,MA,Middleboro,291,154,1.00000000,47.344921346395
brand_cost_share,1720470982,BONNI BERKOWITZ,Podiatrist,MA,Newburyport,291,154,1.00000000,47.344921346395
brand_cost_share,1467736603,MICHAEL SKONIECZNY,Podiatrist,MA,Plymouth,291,154,0.99579966,47.143223450137
brand_cost_share,1134150147,RUGGERO BATTAN,"Endocrinology, Diabetes & Metabolism Physician",MI,Grand Rapids,163,116,0.20905048,-47.118839781299
brand_cost_share,1003012022,COREY CUDZILO,Critical Care Medicine (Internal Medicine) Physician,TN,Knoxville,131,87,0.00000000,-47.061051975617
brand_cost_share,1073004883,WILLIAM SESSIONS,Critical Care Medicine (Internal Medicine) Physician,TN,Germantown,131,87,0.00000000,-47.061051975617
brand_cost_share,1225712730,MARY STEWART,Critical Care Medicine (Internal Medicine) Physician,TN,Knoxville,131,87,0.00000000,-47.061051975617
brand_cost_share,1467456228,BIJOY JOHN,Critical Care Medicine (Internal Medicine) Physician,TN,Brentwood,131,87,0.00000000,-47.061051975617
brand_cost_share,1124080585,PETER MACKRELL,Vascular Surgery Physician,MD,Bel Air,94,40,0.00000000,-47.012503577091
brand_cost_share,1154390953,MOUHAMAD ANNOUS,Vascular Surgery Physician,MD,Towson,94,40,0.00000000,-47.012503577091
brand_cost_share,1316227150,JOSHUA DEARING,Vascular Surgery Physician,MD,Clinton,94,40,0.00000000,-47.012503577091
brand_cost_share,1700887916,MICHAEL LILLY,Vascular Surgery Physician,MD,Baltimore,94,40,0.00000000,-47.012503577091
brand_cost_share,1942262480,GARTH ROSENBERG,Vascular Surgery Physician,MD,Frederick,94,40,0.00000000,-47.012503577091
brand_cost_share,1104040401,JONATHAN KOFF,Critical Care Medicine (Internal Medicine) Physician,CT,New Haven,90,64,0.00000000,-46.984646354257
brand_cost_share,1154718161,PARVATI SINGH,Critical Care Medicine (Internal Medicine) Physician,CT,North Haven,90,64,0.00000000,-46.984646354257
brand_cost_share,1235792243,NAZANIN VAGHARI MEHR,Critical Care Medicine (Internal Medicine) Physician,CT,New Haven,90,64,0.00000000,-46.984646354257
brand_cost_share,1245214287,LLOYD FRIEDMAN,Critical Care Medicine (Internal Medicine) Physician,CT,New Haven,90,64,0.00000000,-46.984646354257
brand_cost_share,1376954065,JACQUELINE GEER,Critical Care Medicine (Internal Medicine) Physician,CT,New Haven,90,64,0.00000000,-46.984646354257
brand_cost_share,1538166368,BONNIE SIDLER,"Endocrinology, Diabetes & Metabolism Physician",NJ,Livingston,327,243,0.38433323,-46.893169174734
brand_cost_share,1013544741,PRANATHI NARAYANAREDDY,Rheumatology Physician,MA,Worcester,256,161,0.00000000,-46.821307767802
brand_cost_share,1114024379,SUSAN KOVACS,Rheumatology Physician,MA,Burlington,256,161,0.00000000,-46.821307767802
brand_cost_share,1215036132,MARIA ABRUZZO,Rheumatology Physician,MA,Gardner,256,161,0.00000000,-46.821307767802
brand_cost_share,1417535519,ABIGAIL SCHIFF,Rheumatology Physician,MA,Boston,256,161,0.00000000,-46.821307767802
brand_cost_share,1487180485,TIFFANY HSU,Rheumatology Physician,MA,Boston,256,161,0.00000000,-46.821307767802
brand_cost_share,1619119047,WEIHONG YANG,Rheumatology Physician,MA,Burlington,256,161,0.00000000,-46.821307767802
brand_cost_share,1629157128,HYON-KYOO CHOI,Rheumatology Physician,MA,Boston,256,161,0.00000000,-46.821307767802
brand_cost_share,1689657231,RICHARD BROWN,Rheumatology Physician,MA,Greenfield,256,161,0.00000000,-46.821307767802
brand_cost_share,1750776498,ROCHELLE CASTILLO,Rheumatology Physician,MA,Boston,256,161,0.00000000,-46.821307767802
brand_cost_share,1811952476,PETER SCHUR,Rheumatology Physician,MA,Boston,256,161,0.00000000,-46.821307767802
brand_cost_share,1952331506,GARY WOLF,Rheumatology Physician,MA,Worcester,256,161,0.00000000,-46.821307767802
brand_cost_share,1558599381,PAVEL GOZENPUT,Critical Care Medicine (Internal Medicine) Physician,NY,Oceanside,569,251,0.09205316,-46.777505694303
brand_cost_share,1033308994,GEORGE ZALDIVAR,Pulmonary Disease Physician,WV,Charleston,68,41,0.46769129,-46.743115025767
brand_cost_share,1104271840,JONATHAN SOH,MOHS-Micrographic Surgery Physician,NY,Rochester,52,47,0.89554287,46.696495190702
brand_cost_share,1972507432,ANTHONY SLONIM,Critical Care Medicine (Internal Medicine) Physician,VA,Roanoke,162,81,0.08522882,-46.654282754732
brand_cost_share,1922069467,DANIEL BUCHEN,MOHS-Micrographic Surgery Physician,NY,Staten Island,52,47,0.89414862,46.622744382943
brand_cost_share,1043651540,RACHEL HERRIN,Rheumatology Physician,AZ,Glendale,101,77,0.00000000,-46.572994118485
brand_cost_share,1073175022,NOURAN ESHAK,Rheumatology Physician,AZ,Yuma,101,77,0.00000000,-46.572994118485
brand_cost_share,1154476539,GARY SILVERMAN,Rheumatology Physician,AZ,Scottsdale,101,77,0.00000000,-46.572994118485
brand_cost_share,1437736550,JESSICA WONG,Rheumatology Physician,AZ,Tucson,101,77,0.00000000,-46.572994118485
brand_cost_share,1760945687,JUSTIN DUNN,Rheumatology Physician,AZ,Tucson,101,77,0.00000000,-46.572994118485
brand_cost_share,1003268343,MOHAMMED ABDALLA,Pulmonary Disease Physician,IL,Park Ridge,355,212,0.00000000,-46.551653758091
brand_cost_share,1053417238,EDUARDO MARTINEZ-BARRIOS,Pulmonary Disease Physician,IL,Fairview Heights,355,212,0.00000000,-46.551653758091
brand_cost_share,1093451064,CHRISTINA LIU,Pulmonary Disease Physician,IL,Chicago,355,212,0.00000000,-46.551653758091
brand_cost_share,1164040366,WALEED KHOKHER,Pulmonary Disease Physician,IL,Chicago,355,212,0.00000000,-46.551653758091
brand_cost_share,1164082251,EMMA MYERS,Pulmonary Disease Physician,IL,New Lenox,355,212,0.00000000,-46.551653758091
brand_cost_share,1205883444,JERRY KRISHNAN,Pulmonary Disease Physician,IL,Chicago,355,212,0.00000000,-46.551653758091
brand_cost_share,1275162604,NIRMALA MANJAPPACHAR,Pulmonary Disease Physician,IL,North Chicago,355,212,0.00000000,-46.551653758091
brand_cost_share,1275980658,OBADA SHAMAA,Pulmonary Disease Physician,IL,Chicago,355,212,0.00000000,-46.551653758091
brand_cost_share,1548821598,MANUEL ANTONIO HACHE MARLIERE,Pulmonary Disease Physician,IL,Chicago,355,212,0.00000000,-46.551653758091
brand_cost_share,1588225197,SYEDA RAMSHA ZAIDI,Pulmonary Disease Physician,IL,Carbondale,355,212,0.00000000,-46.551653758091
brand_cost_share,1609825447,TERRENCE DIAMOND,Pulmonary Disease Physician,IL,Chicago Ridge,355,212,0.00000000,-46.551653758091
brand_cost_share,1669574299,JYOTHI JOLEPALEM,Pulmonary Disease Physician,IL,Chicago,355,212,0.00000000,-46.551653758091
brand_cost_share,1942893730,MARGEAUX LACAVERA,Pulmonary Disease Physician,IL,Chicago,355,212,0.00000000,-46.551653758091
brand_cost_share,1255349502,ROBERT EVANS,"Endocrinology, Diabetes & Metabolism Physician",MS,Jackson,46,32,0.00000000,-46.348081269411
brand_cost_share,1871513895,WILLIAM NICHOLAS,"Endocrinology, Diabetes & Metabolism Physician",MS,Jackson,46,32,0.00000000,-46.348081269411
brand_cost_share,1528145075,ELSA GIARDINA,Nuclear Cardiology Physician,NY,New York,58,48,0.00000000,-46.282039062443
brand_cost_share,1649273715,CHRISTOPHER MALLAVARAPU,Nuclear Cardiology Physician,NY,Olean,58,48,0.00000000,-46.282039062443
brand_cost_share,1558423715,RICHARD STRACHAN,General Practice Dentistry,MS,Corinth,807,470,0.70006721,46.252210640106
brand_cost_share,1104260108,NIMEH NAJJAR,Pulmonary Disease Physician,PA,Yardley,506,323,0.20514007,-46.240850494074
brand_cost_share,1063459014,LEONID GORDIN,Physical Medicine & Rehabilitation Physician,MA,Cambridge,345,145,0.67498751,46.240786398888
brand_cost_share,1700860038,DONALD ADAMS,Podiatrist,MA,Framingham,291,154,0.97676779,46.229324065597
brand_cost_share,1790752301,DANIEL HAFFNER,Orthopaedic Surgery Physician,PA,Greensburg,1232,676,0.73262310,45.943762422317
brand_cost_share,1407863251,MICHAEL STEWARD,General Practice Dentistry,MS,Gautier,807,470,0.69292568,45.773501586103
brand_cost_share,1013364744,KATARINA WRZOS,Critical Care Medicine (Internal Medicine) Physician,UT,Salt Lake City,68,36,0.00000000,-45.762568803397
brand_cost_share,1659958742,DOMINIQUE BILLINGSLEA,Critical Care Medicine (Internal Medicine) Physician,UT,Salt Lake City,68,36,0.00000000,-45.762568803397
brand_cost_share,1790887446,FRANK THOMAS,Critical Care Medicine (Internal Medicine) Physician,UT,Salt Lake City,68,36,0.00000000,-45.762568803397
brand_cost_share,1679627335,CATHERINE MINCY,General Practice Dentistry,MS,Booneville,807,470,0.69163770,45.687166068731
brand_cost_share,1134649502,YOUSSEF ABOULEISH,Pulmonary Disease Physician,VA,Suffolk,230,120,0.00000000,-45.533404734923
brand_cost_share,1184617490,STEVEN ZIMMET,Pulmonary Disease Physician,VA,Arlington,230,120,0.00000000,-45.533404734923
brand_cost_share,1346430519,AMIT PATEL,Pulmonary Disease Physician,VA,Falls Church,230,120,0.00000000,-45.533404734923
brand_cost_share,1609856566,ENIOLA OKELANA,Pulmonary Disease Physician,VA,Petersburg,230,120,0.00000000,-45.533404734923
brand_cost_share,1942828488,ALISHA SHARMA,Pulmonary Disease Physician,VA,Richmond,230,120,0.00000000,-45.533404734923
brand_cost_share,1043252042,JOHN BEIGHT,Orthopaedic Surgery Physician,PA,Philadelphia,1232,676,0.72322368,45.345658665860
brand_cost_share,1013996065,JORGE LEON,Diagnostic Radiology Physician,MN,Roseville,1534,44,0.00000000,-45.309328963336
brand_cost_share,1033153812,ROBERT STOFFEY,Diagnostic Radiology Physician,MN,Austin,1534,44,0.00000000,-45.309328963336
brand_cost_share,1093703944,JAFAR GOLZARIAN,Diagnostic Radiology Physician,MN,Golden Valley,1534,44,0.00000000,-45.309328963336
brand_cost_share,1093924375,DERIK WELDON,Diagnostic Radiology Physician,MN,Sartell,1534,44,0.00000000,-45.309328963336
brand_cost_share,1114905353,CHUNHEE CHOO,Diagnostic Radiology Physician,MN,Rochester,1534,44,0.00000000,-45.309328963336
brand_cost_share,1184151110,KEVIN MCELROY,Diagnostic Radiology Physician,MN,Roseville,1534,44,0.00000000,-45.309328963336
brand_cost_share,1225349822,NASSIR ROSTAMBEIGI,Diagnostic Radiology Physician,MN,Minneapolis,1534,44,0.00000000,-45.309328963336
brand_cost_share,1336149467,BRIAN LARKIN,Diagnostic Radiology Physician,MN,Robbinsdale,1534,44,0.00000000,-45.309328963336
brand_cost_share,1487697967,DENIS TUNGSETH,Diagnostic Radiology Physician,MN,Minneapolis,1534,44,0.00000000,-45.309328963336
brand_cost_share,1629059787,SANDRA NEWBERRY,Diagnostic Radiology Physician,MN,Eden Prairie,1534,44,0.00000000,-45.309328963336
brand_cost_share,1841263803,MICHAEL SASSMAN,Diagnostic Radiology Physician,MN,Duluth,1534,44,0.00000000,-45.309328963336
brand_cost_share,1932109980,MARIA GOMES,Diagnostic Radiology Physician,MN,Robbinsdale,1534,44,0.00000000,-45.309328963336
brand_cost_share,1932285988,DAVID MONYAK,Diagnostic Radiology Physician,MN,Minneapolis,1534,44,0.00000000,-45.309328963336
brand_cost_share,1942333810,MARK ZIEMBA,Diagnostic Radiology Physician,MN,Eden Prairie,1534,44,0.00000000,-45.309328963336
brand_cost_share,1992789911,JOSEPH AUDETTE,Physical Medicine & Rehabilitation Physician,MA,Boston,345,145,0.66060416,45.241065700907
brand_cost_share,1861121485,GARRETT HALL,General Practice Dentistry,MS,Brandon,807,470,0.68311082,45.115594618580
brand_cost_share,1942683743,MRINALINI VENKATA SUBRAMANI,Critical Care Medicine (Internal Medicine) Physician,IL,Chicago,287,152,0.24889413,-44.982222332371
brand_cost_share,1366710451,JEENA VARGHESE,"Endocrinology, Diabetes & Metabolism Physician",TX,Houston,517,392,0.35233731,-44.918145522485
brand_cost_share,1114955689,PEDRO BEREDJIKLIAN,Orthopaedic Surgery Physician,PA,Philadelphia,1232,676,0.71618238,44.897606766877
brand_cost_share,1265968366,BEHRAM KHAN,Pulmonary Disease Physician,PA,Philadelphia,506,323,0.23130852,-44.688431177467
brand_cost_share,1699956565,DONNIE RICHARDSON,General Practice Dentistry,MS,Columbus,807,470,0.67379131,44.490891814577
brand_cost_share,1164420105,MOHAMMED SABBAGH,Hematology (Internal Medicine) Physician,TX,Georgetown,64,32,0.00000000,-44.370454798106
brand_cost_share,1629684675,JEAN-ANTOINE RIBEIL,Hematology (Internal Medicine) Physician,TX,Dallas,64,32,0.00000000,-44.370454798106
brand_cost_share,1669045514,ALEXANDRE BAZINET,Hematology (Internal Medicine) Physician,TX,Houston,64,32,0.00000000,-44.370454798106
brand_cost_share,1518927672,JAMES CARSON,Orthopaedic Surgery Physician,PA,Lancaster,1232,676,0.70768468,44.356881244319
brand_cost_share,1568825966,ISIBOR ARHUIDESE,Vascular Surgery Physician,CT,New Haven,69,49,0.00000000,-44.345860950494
brand_cost_share,1720068406,PETER ROMEYN,Vascular Surgery Physician,CT,Middletown,69,49,0.00000000,-44.345860950494
brand_cost_share,1801283700,MICHAEL VILLARREAL,Vascular Surgery Physician,CT,New Haven,69,49,0.00000000,-44.345860950494
brand_cost_share,1578531182,SUSAN EHRENTHAL,Physical Medicine & Rehabilitation Physician,MA,East Sandwich,345,145,0.64727217,44.314420215101
brand_cost_share,1447830823,CRAIG BEAVERS,Pulmonary Disease Physician,KS,Kansas City,60,38,0.00000000,-44.287686588389
brand_cost_share,1033593074,AN HO,Critical Care Medicine (Internal Medicine) Physician,AZ,Sun City,172,69,0.00000000,-44.249262931328
brand_cost_share,1073576005,SRIDHAR RAJAMANI,Critical Care Medicine (Internal Medicine) Physician,AZ,Yuma,172,69,0.00000000,-44.249262931328
brand_cost_share,1265702856,ABID KHOKAR,Critical Care Medicine (Internal Medicine) Physician,AZ,Phoenix,172,69,0.00000000,-44.249262931328
brand_cost_share,1346458254,ARCHAN SHAH,Critical Care Medicine (Internal Medicine) Physician,AZ,Gilbert,172,69,0.00000000,-44.249262931328
brand_cost_share,1598997348,LAXMI DHAKAL,Critical Care Medicine (Internal Medicine) Physician,AZ,Phoenix,172,69,0.00000000,-44.249262931328
brand_cost_share,1750323416,JAMES FORSETH,Critical Care Medicine (Internal Medicine) Physician,AZ,Scottsdale,172,69,0.00000000,-44.249262931328
brand_cost_share,1023472537,ANAHITA ALVANPOUR,Rheumatology Physician,GA,Suwanee,160,123,0.00000000,-44.158505006206
brand_cost_share,1346879897,UZAIR KHAN,Rheumatology Physician,GA,Atlanta,160,123,0.00000000,-44.158505006206
brand_cost_share,1366854697,BIJAL VASHI,Rheumatology Physician,GA,Smyrna,160,123,0.00000000,-44.158505006206
brand_cost_share,1598755803,NICHOLAS TILIAKOS,Rheumatology Physician,GA,Lawrenceville,160,123,0.00000000,-44.158505006206
brand_cost_share,1720583974,DAVID WALDBURG,Rheumatology Physician,GA,Carrollton,160,123,0.00000000,-44.158505006206
brand_cost_share,1922635242,SHEELA SHETH,Rheumatology Physician,GA,Covington,160,123,0.00000000,-44.158505006206
brand_cost_share,1326342924,RAJEEV SHARMA,"Endocrinology, Diabetes & Metabolism Physician",NY,Buffalo,796,585,0.15786455,-44.127944743716
brand_cost_share,1992149108,ABIGAIL KOCH,Pulmonary Disease Physician,NC,Winston Salem,259,156,0.19039977,-44.127590591484
brand_cost_share,1407835424,ALBERT GIANNONE,"Endocrinology, Diabetes & Metabolism Physician",NY,West Hempstead,796,585,0.15845242,-44.096290941683
brand_cost_share,1841819588,CHRISTOPHER FERGUSON,Orthopaedic Surgery Physician,PA,Pittsburgh,1232,676,0.70049896,43.899639614001
brand_cost_share,1851367015,LANCE YARUS,Orthopaedic Surgery Physician,PA,Lebanon,1232,676,0.70025675,43.884227310810
brand_cost_share,1558337501,ROBERT WARD,Critical Care Medicine (Internal Medicine) Physician,NC,Flat Rock,157,80,0.07882215,-43.797387296067
brand_cost_share,1124049895,STEVEN LEVINE,"Endocrinology, Diabetes & Metabolism Physician",LA,Shreveport,87,62,0.00000000,-43.683849555159
brand_cost_share,1649562604,DRAGANA LOVRE,"Endocrinology, Diabetes & Metabolism Physician",LA,New Orleans,87,62,0.00000000,-43.683849555159
brand_cost_share,1659002137,SHILA NEUPANE,"Endocrinology, Diabetes & Metabolism Physician",LA,Shreveport,87,62,0.00000000,-43.683849555159
brand_cost_share,1952939951,GOUTAMI MANGU,"Endocrinology, Diabetes & Metabolism Physician",LA,Baton Rouge,87,62,0.00000000,-43.683849555159
brand_cost_share,1740294370,ARVINDER ARORA,Critical Care Medicine (Internal Medicine) Physician,IL,Effingham,287,152,0.27032256,-43.676090725397
brand_cost_share,1336245968,DAVID SARNE,"Endocrinology, Diabetes & Metabolism Physician",IL,Chicago,312,225,0.41840571,-43.526087293276
brand_cost_share,1093803231,CHARLES HARRELL,General Practice Dentistry,MS,Petal,807,470,0.65912014,43.507458024924
brand_cost_share,1215014485,KATHERINE COSTA,Pulmonary Disease Physician,AZ,Surprise,198,108,0.19107859,-43.455722928007
brand_cost_share,1619975174,JOHN STELMACH,Orthopaedic Surgery Physician,PA,Reading,1232,676,0.69251615,43.391677564419
brand_cost_share,1992708515,NIKHIL MEHTA,Vascular Surgery Physician,MD,Hagerstown,94,40,0.07607382,-43.384771050631
brand_cost_share,1285627539,RICHARD HAZEN,Pulmonary Disease Physician,TX,Fort Worth,579,344,0.00000000,-43.352766525371
brand_cost_share,1447909528,CARLOS TOVAR,Pulmonary Disease Physician,TX,Dallas,579,344,0.00000000,-43.352766525371
brand_cost_share,1548432636,KASHIF ASLAM,Pulmonary Disease Physician,TX,Mansfield,579,344,0.00000000,-43.352766525371
brand_cost_share,1568454791,GARY SMITH,Pulmonary Disease Physician,TX,Lubbock,579,344,0.00000000,-43.352766525371
brand_cost_share,1740419878,BETHANY LUSSIER,Pulmonary Disease Physician,TX,Dallas,579,344,0.00000000,-43.352766525371
brand_cost_share,1801974423,SIREESHA GOGINENI,Pulmonary Disease Physician,TX,Austin,579,344,0.00000000,-43.352766525371
brand_cost_share,1891721700,MOHAMED MOHAMED-ALY,Pulmonary Disease Physician,TX,Katy,579,344,0.00000000,-43.352766525371
brand_cost_share,1972508570,TERRY KILGORE,Pulmonary Disease Physician,TX,Paris,579,344,0.00000000,-43.352766525371
brand_cost_share,1801968714,ANDREW MOORE,General Practice Dentistry,MS,Corinth,807,470,0.65200235,43.030340304003
brand_cost_share,1073186714,QUYNH MY NGUYEN,Pharmacist Clinician (PhC)/ Clinical Pharmacy Specialist,CA,Cerritos,1341,173,0.00000000,-42.933458953564
brand_cost_share,1083077440,ANNA DARBY,Pharmacist Clinician (PhC)/ Clinical Pharmacy Specialist,CA,Los Angeles,1341,173,0.00000000,-42.933458953564
brand_cost_share,1083710362,HASMIG KARAYAN,Pharmacist Clinician (PhC)/ Clinical Pharmacy Specialist,CA,Long Beach,1341,173,0.00000000,-42.933458953564
brand_cost_share,1114563558,KAYLA QUICK,Pharmacist Clinician (PhC)/ Clinical Pharmacy Specialist,CA,Sacramento,1341,173,0.00000000,-42.933458953564
brand_cost_share,1336379338,MELISSA HWANG,Pharmacist Clinician (PhC)/ Clinical Pharmacy Specialist,CA,Los Angeles,1341,173,0.00000000,-42.933458953564
brand_cost_share,1427288216,DEBBIE LU,Pharmacist Clinician (PhC)/ Clinical Pharmacy Specialist,CA,Sacramento,1341,173,0.00000000,-42.933458953564
brand_cost_share,1437302890,KEJIA KIM,Pharmacist Clinician (PhC)/ Clinical Pharmacy Specialist,CA,Riverside,1341,173,0.00000000,-42.933458953564
brand_cost_share,1467732404,JAEKYU SHIN,Pharmacist Clinician (PhC)/ Clinical Pharmacy Specialist,CA,San Francisco,1341,173,0.00000000,-42.933458953564
brand_cost_share,1477200111,PARNIAN ESLAMI,Pharmacist Clinician (PhC)/ Clinical Pharmacy Specialist,CA,Santa Rosa,1341,173,0.00000000,-42.933458953564
brand_cost_share,1487272209,ALEXIS LANG,Pharmacist Clinician (PhC)/ Clinical Pharmacy Specialist,CA,Glendale,1341,173,0.00000000,-42.933458953564
brand_cost_share,1548827074,JAGDEEP BHULLAR,Pharmacist Clinician (PhC)/ Clinical Pharmacy Specialist,CA,Bakersfield,1341,173,0.00000000,-42.933458953564
brand_cost_share,1558615120,DHINU JACOB,Pharmacist Clinician (PhC)/ Clinical Pharmacy Specialist,CA,Northridge,1341,173,0.00000000,-42.933458953564
brand_cost_share,1578051082,LIUQING YANG,Pharmacist Clinician (PhC)/ Clinical Pharmacy Specialist,CA,Pleasanton,1341,173,0.00000000,-42.933458953564
brand_cost_share,1598186181,KRISTIN WONG,Pharmacist Clinician (PhC)/ Clinical Pharmacy Specialist,CA,Oakland,1341,173,0.00000000,-42.933458953564
brand_cost_share,1598303257,KYLE LEE,Pharmacist Clinician (PhC)/ Clinical Pharmacy Specialist,CA,Cerritos,1341,173,0.00000000,-42.933458953564
brand_cost_share,1649409194,SHERRY PHAM,Pharmacist Clinician (PhC)/ Clinical Pharmacy Specialist,CA,Woodland Hills,1341,173,0.00000000,-42.933458953564
brand_cost_share,1689296576,EZEQUIEL ANDRADE,Pharmacist Clinician (PhC)/ Clinical Pharmacy Specialist,CA,Harbor City,1341,173,0.00000000,-42.933458953564
brand_cost_share,1730646209,LANA DONGSES,Pharmacist Clinician (PhC)/ Clinical Pharmacy Specialist,CA,San Francisco,1341,173,0.00000000,-42.933458953564
brand_cost_share,1740560275,MICHAEL OLSEN,Pharmacist Clinician (PhC)/ Clinical Pharmacy Specialist,CA,Stockton,1341,173,0.00000000,-42.933458953564
brand_cost_share,1811669963,HAMED TABEEFAR,Pharmacist Clinician (PhC)/ Clinical Pharmacy Specialist,CA,Vallejo,1341,173,0.00000000,-42.933458953564
brand_cost_share,1841963477,PRITI PATEL,Pharmacist Clinician (PhC)/ Clinical Pharmacy Specialist,CA,Bakersfield,1341,173,0.00000000,-42.933458953564
brand_cost_share,1912131210,DWIGHT SONG,Pharmacist Clinician (PhC)/ Clinical Pharmacy Specialist,CA,Los Angeles,1341,173,0.00000000,-42.933458953564
brand_cost_share,1912375221,THANH NGUYEN,Pharmacist Clinician (PhC)/ Clinical Pharmacy Specialist,CA,Cerritos,1341,173,0.00000000,-42.933458953564
brand_cost_share,1912468075,SHONA LOWE,Pharmacist Clinician (PhC)/ Clinical Pharmacy Specialist,CA,Los Angeles,1341,173,0.00000000,-42.933458953564
brand_cost_share,1932857331,JAHANGIR SHAMS-ZAFFARGHANDI,Pharmacist Clinician (PhC)/ Clinical Pharmacy Specialist,CA,Los Angeles,1341,173,0.00000000,-42.933458953564
brand_cost_share,1952567000,LEAF SEXTON,Pharmacist Clinician (PhC)/ Clinical Pharmacy Specialist,CA,Livermore,1341,173,0.00000000,-42.933458953564
brand_cost_share,1962769273,JULIUS CHANG,Pharmacist Clinician (PhC)/ Clinical Pharmacy Specialist,CA,Fontana,1341,173,0.00000000,-42.933458953564
brand_cost_share,1285605295,CHRISTOPHER POWERS,Critical Care Medicine (Internal Medicine) Physician,SC,Spartanburg,80,49,0.27872620,-42.661119012663
brand_cost_share,1366603003,PHILIP MIDDLETON,General Practice Dentistry,MS,Kosciusko,807,470,0.64596801,42.625848102341
brand_cost_share,1255894978,NANDAR MON,"Endocrinology, Diabetes & Metabolism Physician",OH,Columbus,281,206,0.00000000,-42.527877493957
brand_cost_share,1265449433,LAWRENCE KIRSCHNER,"Endocrinology, Diabetes & Metabolism Physician",OH,Columbus,281,206,0.00000000,-42.527877493957
brand_cost_share,1285206649,FADIA ABDO,"Endocrinology, Diabetes & Metabolism Physician",OH,Cleveland,281,206,0.00000000,-42.527877493957
brand_cost_share,1326507583,STEPHANIE PITTS,"Endocrinology, Diabetes & Metabolism Physician",OH,Cleveland,281,206,0.00000000,-42.527877493957
brand_cost_share,1346860418,RABIA ZULFIQAR,"Endocrinology, Diabetes & Metabolism Physician",OH,Fairfield Township,281,206,0.00000000,-42.527877493957
brand_cost_share,1407428469,NANDHINI BINDUKUMARI SURESHKUMAR,"Endocrinology, Diabetes & Metabolism Physician",OH,Cleveland,281,206,0.00000000,-42.527877493957
brand_cost_share,1477688307,IAN OROZCO,"Endocrinology, Diabetes & Metabolism Physician",OH,Gallipolis,281,206,0.00000000,-42.527877493957
brand_cost_share,1497753925,PAUL GLOWIENKA,"Endocrinology, Diabetes & Metabolism Physician",OH,Beavercreek,281,206,0.00000000,-42.527877493957
brand_cost_share,1578943841,DINGFENG LI,"Endocrinology, Diabetes & Metabolism Physician",OH,Cleveland,281,206,0.00000000,-42.527877493957
brand_cost_share,1619504263,MARK METRY,"Endocrinology, Diabetes & Metabolism Physician",OH,Fairfield Township,281,206,0.00000000,-42.527877493957
brand_cost_share,1801907803,DAVID WESTBROCK,"Endocrinology, Diabetes & Metabolism Physician",OH,Beavercreek,281,206,0.00000000,-42.527877493957
brand_cost_share,1912566506,SAWAN RUPANI,"Endocrinology, Diabetes & Metabolism Physician",OH,Cleveland,281,206,0.00000000,-42.527877493957
brand_cost_share,1902339666,JESSICA WILSON,Diagnostic Radiology Physician,MN,Rochester,1534,44,0.06220838,-42.448749457329
brand_cost_share,1578959011,CATHERINE MYERS,Pulmonary Disease Physician,IL,Chicago,355,212,0.08736081,-42.416263450050
brand_cost_share,1780893826,MARYAM KHAN,"Endocrinology, Diabetes & Metabolism Physician",PA,Philadelphia,370,263,0.22843988,-42.413176820466
brand_cost_share,1477932093,MOHAMED ALTATTAN,Rheumatology Physician,MI,Royal Oak,150,103,0.26229530,-42.386975125027
brand_cost_share,1063975530,RYAN GOETZ,Pulmonary Disease Physician,GA,Brunswick,254,165,0.00000000,-42.305377732016
brand_cost_share,1124072749,BASHIR CHAUDHARY,Pulmonary Disease Physician,GA,Augusta,254,165,0.00000000,-42.305377732016
brand_cost_share,1275875551,DONG DANG,Pulmonary Disease Physician,GA,Lawrenceville,254,165,0.00000000,-42.305377732016
brand_cost_share,1689754699,DAVID WESTERMAN,Pulmonary Disease Physician,GA,Atlanta,254,165,0.00000000,-42.305377732016
brand_cost_share,1750389102,LOUIS LOVETT,Pulmonary Disease Physician,GA,Marietta,254,165,0.00000000,-42.305377732016
brand_cost_share,1831540426,ISRAEL ACOSTA SANCHEZ,Pulmonary Disease Physician,GA,Augusta,254,165,0.00000000,-42.305377732016
brand_cost_share,1891026126,GAURAV DUTTA,Pulmonary Disease Physician,GA,Lagrange,254,165,0.00000000,-42.305377732016
brand_cost_share,1942899760,JUVENAL BERMUDEZ,Pulmonary Disease Physician,GA,Atlanta,254,165,0.00000000,-42.305377732016
brand_cost_share,1952861916,MARTIN HERRERA,Pulmonary Disease Physician,GA,Gainesville,254,165,0.00000000,-42.305377732016
brand_cost_share,1982730750,LARRY GRANT,Pulmonary Disease Physician,GA,Macon,254,165,0.00000000,-42.305377732016
brand_cost_share,1396976247,MICHAEL OMALLEY,Orthopaedic Surgery Physician,PA,Pittsburgh,1232,676,0.67505785,42.280771273248
brand_cost_share,1740381516,MICHAEL SHAPIRO,MOHS-Micrographic Surgery Physician,NY,Brooklyn,52,47,0.81137631,42.244387042068
brand_cost_share,1962561191,MARIELISA SEDRISH,Rheumatology Physician,LA,Slidell,67,54,0.16106275,-42.165063794137
brand_cost_share,1275559072,MIR ALI,Critical Care Medicine (Internal Medicine) Physician,VA,Richmond,162,81,0.17159701,-42.161268526874
brand_cost_share,1215516505,MEGHANA VALLABHANENI,Interventional Cardiology Physician,AL,Birmingham,61,55,0.00000000,-42.136522822425
brand_cost_share,1255912689,JOHN MICHAUD,Interventional Cardiology Physician,AL,Birmingham,61,55,0.00000000,-42.136522822425
brand_cost_share,1831695980,CHRISTOPHER IVES,Interventional Cardiology Physician,AL,Birmingham,61,55,0.00000000,-42.136522822425
brand_cost_share,1538736533,MOE AMERI,Pulmonary Disease Physician,TX,Houston,579,344,0.02836789,-42.099950800993
brand_cost_share,1154635159,MARGARET ELLZEY-NICHOLS,General Practice Dentistry,MS,Vicksburg,807,470,0.63772064,42.073012688822
brand_cost_share,1295747848,MARK KRAHE,Orthopaedic Surgery Physician,PA,Erie,1232,676,0.67013064,41.967243118335
brand_cost_share,1053519983,NATALIA GLEBOVA,Vascular Surgery Physician,MD,Rockville,94,40,0.10689294,-41.915099564949
brand_cost_share,1013160043,GINA IACOVELLA,Critical Care Medicine (Internal Medicine) Physician,FL,Tampa,522,213,0.28771027,-41.827948469942
brand_cost_share,1003061367,AMANJIT BAADH,Diagnostic Radiology Physician,MN,Roseville,1534,44,0.07738907,-41.750683204824
brand_cost_share,1457324733,MARK MCGINLEY,Critical Care Medicine (Internal Medicine) Physician,CO,Grand Junction,146,93,0.00000000,-41.731308181146
brand_cost_share,1659727675,KARA CALHOUN,Critical Care Medicine (Internal Medicine) Physician,CO,Aurora,146,93,0.00000000,-41.731308181146
brand_cost_share,1730579442,DANIEL COLON HIDALGO,Critical Care Medicine (Internal Medicine) Physician,CO,Aurora,146,93,0.00000000,-41.731308181146
brand_cost_share,1871732651,GEORGE MARGETAS,Orthopaedic Surgery Physician,PA,York,1232,676,0.66604821,41.707469992071
brand_cost_share,1588821862,JOHN AUSIELLO,"Endocrinology, Diabetes & Metabolism Physician",NY,New York,796,585,0.20310738,-41.691849035103
brand_cost_share,1093706764,NAUMAN NAEEM,Pulmonary Disease Physician,OH,Toledo,352,232,0.00000000,-41.583746427839
brand_cost_share,1114454709,ZAID NOORI,Pulmonary Disease Physician,OH,Toledo,352,232,0.00000000,-41.583746427839
brand_cost_share,1265013924,THOMAS CERRI,Pulmonary Disease Physician,OH,Columbus,352,232,0.00000000,-41.583746427839
brand_cost_share,1306102546,NATHAN PAJOR,Pulmonary Disease Physician,OH,Cincinnati,352,232,0.00000000,-41.583746427839
brand_cost_share,1356578082,BRIAN KELLER,Pulmonary Disease Physician,OH,Columbus,352,232,0.00000000,-41.583746427839
brand_cost_share,1669595922,JONATHAN BISHOP,Pulmonary Disease Physician,OH,Cincinnati,352,232,0.00000000,-41.583746427839
brand_cost_share,1215917620,ROSE HO,Physical Medicine & Rehabilitation Physician,MA,Woburn,345,145,0.60698599,41.514312591454
brand_cost_share,1447712260,KYLE HOLMBERG,Orthopaedic Surgery Physician,PA,Pittsburgh,1232,676,0.66140943,41.412295210714
brand_cost_share,1891885794,MARTIN SURKS,"Endocrinology, Diabetes & Metabolism Physician",NY,Bronx,796,585,0.20841546,-41.406035992263
brand_cost_share,1164860755,NICHOLAS NETZEL,Endodontics,AZ,Avondale,131,76,0.53825408,41.356931844809
brand_cost_share,1407875180,M MAHER NAJJAR,Pulmonary Disease Physician,IL,Northlake,355,212,0.10998515,-41.345297231195
brand_cost_share,1588395644,KYLE DONALD,General Practice Dentistry,MS,Meridian,807,470,0.62669374,41.333860592900
brand_cost_share,1639681927,MANSOUR ALGHAMDI,Rheumatology Physician,LA,New Orleans,67,54,0.17807314,-41.276652464278
brand_cost_share,1497190995,MONICA BIDWAL,Pharmacist Clinician (PhC)/ Clinical Pharmacy Specialist,CA,San Francisco,1341,173,0.03976643,-41.199326106394
brand_cost_share,1114925732,RALPH JEUDY,Cardiovascular Disease Physician,SC,Myrtle Beach,323,247,0.00000000,-41.164921809628
brand_cost_share,1154387827,JOSEPH KMONICEK,Cardiovascular Disease Physician,SC,Greenville,323,247,0.00000000,-41.164921809628
brand_cost_share,1346772332,ANDREW WELLS,Cardiovascular Disease Physician,SC,Columbia,323,247,0.00000000,-41.164921809628
brand_cost_share,1427189935,PRIYA KUMAR,Cardiovascular Disease Physician,SC,Greenwood,323,247,0.00000000,-41.164921809628
brand_cost_share,1982657003,MARK CIMINELLI,Cardiovascular Disease Physician,SC,Lancaster,323,247,0.00000000,-41.164921809628
brand_cost_share,1306102504,CARLI LEHR,Pulmonary Disease Physician,OH,Cleveland,352,232,0.01292162,-41.035493432639
brand_cost_share,1982689493,VINCENT VISCOMI,Pulmonary Disease Physician,TN,Chattanooga,196,117,0.32430508,-41.029836176630
brand_cost_share,1649767997,MAHWISH SAIM,Pulmonary Disease Physician,IL,Winfield,355,212,0.11844278,-40.944939208747
brand_cost_share,1659830941,MICHAEL NIEMANN,Orthopaedic Surgery Physician,PA,Pittsburgh,1232,676,0.65384258,40.930801521790
brand_cost_share,1821084419,JONATHAN ROSEN,Critical Care Medicine (Internal Medicine) Physician,CT,Danbury,90,64,0.12962475,-40.787633098620
brand_cost_share,1841235686,MARSHALL LUKOFF,Podiatrist,MA,Quincy,291,154,0.86305798,40.769044787988
brand_cost_share,1336106574,DEMIAN MOUSAD,Physical Medicine & Rehabilitation Physician,MA,Worcester,345,145,0.59613223,40.759917508048
brand_cost_share,1104195361,RAVIKUMAR BALASUBRAMANIAN,"Endocrinology, Diabetes & Metabolism Physician",MA,Boston,359,263,0.00000000,-40.743747400900
brand_cost_share,1194175950,MICHELLE RENGARAJAN,"Endocrinology, Diabetes & Metabolism Physician",MA,Boston,359,263,0.00000000,-40.743747400900
brand_cost_share,1295702967,MARY ROY,"Endocrinology, Diabetes & Metabolism Physician",MA,Northampton,359,263,0.00000000,-40.743747400900
brand_cost_share,1447909080,KATHERINE SALIM,"Endocrinology, Diabetes & Metabolism Physician",MA,Boston,359,263,0.00000000,-40.743747400900
brand_cost_share,1578570685,JOSE FLOREZ,"Endocrinology, Diabetes & Metabolism Physician",MA,Boston,359,263,0.00000000,-40.743747400900
brand_cost_share,1699730101,SHEHZAD BASARIA,"Endocrinology, Diabetes & Metabolism Physician",MA,Boston,359,263,0.00000000,-40.743747400900
brand_cost_share,1699896753,MICHAEL ROSENBLATT,"Endocrinology, Diabetes & Metabolism Physician",MA,Boston,359,263,0.00000000,-40.743747400900
brand_cost_share,1780675280,GAIL ADLER,"Endocrinology, Diabetes & Metabolism Physician",MA,Boston,359,263,0.00000000,-40.743747400900
brand_cost_share,1790835056,MARKELLA ZANNI,"Endocrinology, Diabetes & Metabolism Physician",MA,Boston,359,263,0.00000000,-40.743747400900
brand_cost_share,1891720546,JENNIFER PATTEN,"Endocrinology, Diabetes & Metabolism Physician",MA,South Yarmouth,359,263,0.00000000,-40.743747400900
brand_cost_share,1750313953,ALICE LEVINE,"Endocrinology, Diabetes & Metabolism Physician",NY,New York,796,585,0.22331265,-40.603898269459
brand_cost_share,1437133972,W GRIFFING,Rheumatology Physician,AZ,Scottsdale,101,77,0.12641573,-40.497133703986
brand_cost_share,1780649236,CHADI HAGE,Critical Care Medicine (Internal Medicine) Physician,PA,Pittsburgh,318,148,0.35668829,-40.495385503768
brand_cost_share,1497914865,LAUREN FISHER,Podiatrist,MA,Lynn,291,154,0.85477379,40.371242777865
brand_cost_share,1033319447,DENISE STRIPLING,Rheumatology Physician,GA,Atlanta,160,123,0.08332085,-40.344387638101
brand_cost_share,1356835318,JULIANN ALLEN,Rheumatology Physician,MA,Holyoke,256,161,0.13553660,-40.315026221003
brand_cost_share,1649317405,ELIZABETH LENDERMON,Pulmonary Disease Physician,PA,Pittsburgh,506,323,0.30534116,-40.296512649794
brand_cost_share,1619619301,YUTIKA DONGRE,Pulmonary Disease Physician,OR,Portland,106,60,0.00000000,-40.257676761196
brand_cost_share,1679696033,HEATHER OFFENSTEIN,Pulmonary Disease Physician,OR,Lincoln City,106,60,0.00000000,-40.257676761196
brand_cost_share,1740318815,JODY TATE,Pulmonary Disease Physician,OR,Portland,106,60,0.00000000,-40.257676761196
brand_cost_share,1780699256,RICHARD MULARSKI,Pulmonary Disease Physician,OR,Clackamas,106,60,0.00000000,-40.257676761196
brand_cost_share,1215937305,JAY SPRINGER,"Endocrinology, Diabetes & Metabolism Physician",PA,Quakertown,370,263,0.26860862,-40.133960853732
brand_cost_share,1801833736,HAMID RABB,Pulmonary Disease Physician,MD,Baltimore,222,103,0.30285231,-40.131661559604
brand_cost_share,1447200290,STEVEN BONIN,Diagnostic Radiology Physician,MN,Duluth,1534,44,0.11302466,-40.112022329256
brand_cost_share,1255445151,GREGORY PARK,Physical Medicine & Rehabilitation Physician,MA,West Springfield,345,145,0.58616959,40.067460089260
brand_cost_share,1356676480,KHAWAJA ZAKI,Pulmonary Disease Physician,IN,Evansville,150,93,0.00000000,-40.014199156590
brand_cost_share,1396793758,MICHAEL DUNCAN,Pulmonary Disease Physician,IN,Indianapolis,150,93,0.00000000,-40.014199156590
brand_cost_share,1659461564,MARK WILLIAMS,Pulmonary Disease Physician,IN,Indianapolis,150,93,0.00000000,-40.014199156590
brand_cost_share,1770585861,SHARON HARIG,Pulmonary Disease Physician,IN,Merrillville,150,93,0.00000000,-40.014199156590
brand_cost_share,1023532058,SURESH KUMAR,Rheumatology Physician,NC,Smithfield,179,126,0.00000000,-39.973969555882
brand_cost_share,1063595213,MEGAN CLOWSE,Rheumatology Physician,NC,Durham,179,126,0.00000000,-39.973969555882
brand_cost_share,1730781469,THALITA MARIA MCDONOUGH,Rheumatology Physician,NC,Charlotte,179,126,0.00000000,-39.973969555882
brand_cost_share,1982787123,DAVID CALDWELL,Rheumatology Physician,NC,Durham,179,126,0.00000000,-39.973969555882
brand_cost_share,1023188869,KELLY BUREK,Podiatrist,MA,Westfield,291,154,0.84594679,39.947375345640
brand_cost_share,1699096768,JUSTIN CLAYTON,Orthopaedic Surgery Physician,PA,Reading,1232,676,0.63818511,39.934485618935
brand_cost_share,1609834670,RONALD PAASCH,Physical Medicine & Rehabilitation Physician,MA,West Springfield,345,145,0.58308691,39.853197139303
brand_cost_share,1649541947,SAMIR SULTAN,Critical Care Medicine (Internal Medicine) Physician,WI,Milwaukee,131,58,0.45694976,-39.831206990754
brand_cost_share,1538358809,WAYNE TSUANG,Pulmonary Disease Physician,OH,Cleveland,352,232,0.04210015,-39.797474014946
brand_cost_share,1285626788,DEREK THOMAS,Orthopaedic Surgery Physician,PA,Moon Township,1232,676,0.63588313,39.788006061123
brand_cost_share,1992806095,ENRIQUE VELAZQUEZ,Pulmonary Disease Physician,FL,Crystal River,664,404,0.22731366,-39.760075543543
brand_cost_share,1184359416,ANUSHA ALAM,Pulmonary Disease Physician,TX,Houston,579,344,0.08258083,-39.705735944100
brand_cost_share,1376501213,PATRICIA SULLIVAN,Podiatrist,MA,Auburn,291,154,0.84040896,39.681451953525
brand_cost_share,1295175016,BRONWYN SMALL,Pulmonary Disease Physician,OH,Columbus,352,232,0.04531176,-39.661208221500
brand_cost_share,1114339009,JEREMY CHOY,"Endocrinology, Diabetes & Metabolism Physician",WA,Seattle,180,112,0.00000000,-39.610876716094
brand_cost_share,1144316977,BRADLEY ANAWALT,"Endocrinology, Diabetes & Metabolism Physician",WA,Seattle,180,112,0.00000000,-39.610876716094
brand_cost_share,1164473914,MANDANA AHMADIAN,"Endocrinology, Diabetes & Metabolism Physician",WA,Bellevue,180,112,0.00000000,-39.610876716094
brand_cost_share,1255837100,HOU HSIEN CHIANG,"Endocrinology, Diabetes & Metabolism Physician",WA,Seattle,180,112,0.00000000,-39.610876716094
brand_cost_share,1528026820,LYNN KOHLMEIER,"Endocrinology, Diabetes & Metabolism Physician",WA,Spokane,180,112,0.00000000,-39.610876716094
brand_cost_share,1831155969,KENNETH GROSS,"Endocrinology, Diabetes & Metabolism Physician",WA,Seattle,180,112,0.00000000,-39.610876716094
brand_cost_share,1871991893,EMILY HENDERSON,"Endocrinology, Diabetes & Metabolism Physician",WA,Tacoma,180,112,0.00000000,-39.610876716094
brand_cost_share,1972763225,ELIZABETH REILLY,"Endocrinology, Diabetes & Metabolism Physician",WA,Bellevue,180,112,0.00000000,-39.610876716094
brand_cost_share,1801807961,DAVID NEUJAHR,Pulmonary Disease Physician,GA,Atlanta,254,165,0.06284794,-39.594802146736
brand_cost_share,1295213916,YING WU LIU,Pharmacist Clinician (PhC)/ Clinical Pharmacy Specialist,CA,Livermore,1341,173,0.07770298,-39.544990591155
brand_cost_share,1164579181,LEE GOLDSTEIN,Vascular Surgery Physician,CT,Stratford,69,49,0.10755820,-39.503551963308
brand_cost_share,1184019267,ALFREDO AGUIRRE,Rheumatology Physician,OR,Portland,77,51,0.00000000,-39.421016274255
brand_cost_share,1215035449,MOLLIE THOMPSON,Rheumatology Physician,OR,Portland,77,51,0.00000000,-39.421016274255
brand_cost_share,1376614107,SIDNEY CASSELL,Rheumatology Physician,OR,Eugene,77,51,0.00000000,-39.421016274255
brand_cost_share,1497404743,MOSHE BRESSLER,Rheumatology Physician,OR,Porland,77,51,0.00000000,-39.421016274255
brand_cost_share,1104884089,ARTHUR KALIL,Podiatrist,MA,South Yarmouth,291,154,0.83312983,39.331912343020
brand_cost_share,1245222926,GREGOR HAWK,Orthopaedic Surgery Physician,PA,Allentown,1232,676,0.62842849,39.313652517284
brand_cost_share,1982918066,ELIZABETH TAYLOR,General Practice Dentistry,MS,Biloxi,807,470,0.59626459,39.294142267749
brand_cost_share,1700198058,ALAINA LEIENDECKER,Endodontics,AZ,Flagstaff,131,76,0.51130004,39.252132388013
brand_cost_share,1497704936,KARTHIKEYAN KANAGARAJAN,Pulmonary Disease Physician,OH,Cincinnati,352,232,0.05594931,-39.209866311654
brand_cost_share,1255848339,ALEXA MILLER,Orthopaedic Surgery Physician,PA,Mckeesport,1232,676,0.62554372,39.130088874686
brand_cost_share,1154372175,PAUL BOURGUIGNON,Vascular Surgery Physician,CT,New London,69,49,0.11691291,-39.082399542521
brand_cost_share,1427410828,SARAH STEENSON,Pulmonary Disease Physician,MO,Columbia,225,144,0.00000000,-39.050020859890
brand_cost_share,1780675264,ROYAL EATON,Pulmonary Disease Physician,MO,Saint Louis,225,144,0.00000000,-39.050020859890
brand_cost_share,1861830721,MARLENE CANO,Pulmonary Disease Physician,MO,Saint Louis,225,144,0.00000000,-39.050020859890
brand_cost_share,1871532283,EDWARD GWIN,Pulmonary Disease Physician,MO,Springfield,225,144,0.00000000,-39.050020859890
brand_cost_share,1871934083,MARIA PINO ARGUMEDO,Pulmonary Disease Physician,MO,Columbia,225,144,0.00000000,-39.050020859890
brand_cost_share,1982133211,DAVID ROSE,Pulmonary Disease Physician,MO,Saint Louis,225,144,0.00000000,-39.050020859890
brand_cost_share,1982803631,LAURA BARBER,Pulmonary Disease Physician,MO,West Plains,225,144,0.00000000,-39.050020859890
brand_cost_share,1023538147,KATHLYN CAMARGO MACIAS,Rheumatology Physician,LA,Luling,67,54,0.22404735,-38.875531205721
brand_cost_share,1154388528,PETER NIGROVIC,Rheumatology Physician,MA,Boston,256,161,0.16583099,-38.860778212505
brand_cost_share,1235231929,SUPRIYA MYSTKOWSKI,Pulmonary Disease Physician,WA,Kirkland,188,100,0.00000000,-38.840273121678
brand_cost_share,1265920995,RUDRA RAMANATHAN,Pulmonary Disease Physician,WA,Yakima,188,100,0.00000000,-38.840273121678
brand_cost_share,1356420012,MASAHIRO NARITA,Pulmonary Disease Physician,WA,Seattle,188,100,0.00000000,-38.840273121678
brand_cost_share,1508850181,ROBERT CLARK,Pulmonary Disease Physician,WA,Bellevue,188,100,0.00000000,-38.840273121678
brand_cost_share,1538168521,ROBERT FRANK,Pulmonary Disease Physician,WA,Puyallup,188,100,0.00000000,-38.840273121678
brand_cost_share,1669469136,DEREL FINCH,Pulmonary Disease Physician,WA,Seattle,188,100,0.00000000,-38.840273121678
brand_cost_share,1669478798,KENT SULLIVAN,Pulmonary Disease Physician,WA,Seattle,188,100,0.00000000,-38.840273121678
brand_cost_share,1073132429,MELISSA ALDRIDGE,Pulmonary Disease Physician,AL,Mobile,129,81,0.00000000,-38.817567266741
brand_cost_share,1245286103,JEFFREY HAWKINS,Pulmonary Disease Physician,AL,Birmingham,129,81,0.00000000,-38.817567266741
brand_cost_share,1265518716,ROBERT SERIO,Pulmonary Disease Physician,AL,Huntsville,129,81,0.00000000,-38.817567266741
brand_cost_share,1619916475,PAUL STEPHEN,Pulmonary Disease Physician,AL,Birmingham,129,81,0.00000000,-38.817567266741
brand_cost_share,1669933792,WILLIAM SMITH,Pulmonary Disease Physician,AL,Birmingham,129,81,0.00000000,-38.817567266741
brand_cost_share,1841654621,BRANDON MENACHEM,Pulmonary Disease Physician,NC,Durham,259,156,0.28682941,-38.773585514210
brand_cost_share,1457577652,JOHN BETE,Physical Medicine & Rehabilitation Physician,MA,Hyannis,345,145,0.56744716,38.766149839040
brand_cost_share,1285745646,RAED SUYYAGH,Critical Care Medicine (Internal Medicine) Physician,AZ,Phoenix,172,69,0.12196404,-38.762686129685
brand_cost_share,1285887604,RAHEL WOLDU,Pharmacist Clinician (PhC)/ Clinical Pharmacy Specialist,CA,Sunnyvale,1341,173,0.09670326,-38.716427160808
brand_cost_share,1003444803,THERESE LANGE,"Endocrinology, Diabetes & Metabolism Physician",WI,Milwaukee,138,97,0.00000000,-38.640860254561
brand_cost_share,1144288499,SIMONE GLINBERG,"Endocrinology, Diabetes & Metabolism Physician",WI,Madison,138,97,0.00000000,-38.640860254561
brand_cost_share,1437183621,ADRIANA IOACHIMESCU,"Endocrinology, Diabetes & Metabolism Physician",WI,Milwaukee,138,97,0.00000000,-38.640860254561
brand_cost_share,1497334353,MICHAEL YAN,"Endocrinology, Diabetes & Metabolism Physician",WI,Madison,138,97,0.00000000,-38.640860254561
brand_cost_share,1770544157,YORAM SHENKER,"Endocrinology, Diabetes & Metabolism Physician",WI,Madison,138,97,0.00000000,-38.640860254561
brand_cost_share,1982211181,JASPREET BATTH,"Endocrinology, Diabetes & Metabolism Physician",WI,Sheboygan,138,97,0.00000000,-38.640860254561
brand_cost_share,1265886816,GAGAN KAUR,Interventional Cardiology Physician,AZ,Scottsdale,94,87,0.00000000,-38.621633995406
brand_cost_share,1356458699,JAMES DWYER,Interventional Cardiology Physician,AZ,Phoenix,94,87,0.00000000,-38.621633995406
brand_cost_share,1205875341,KWENDE SMITH,Podiatrist,MA,North Chelmsford,291,154,0.81833153,38.621306540110
brand_cost_share,1609840289,CHARLES POLNITSKY,Pulmonary Disease Physician,CT,Middlebury,156,97,0.00000000,-38.618322396623
brand_cost_share,1700235090,DIVYA PADMANABHAN MENON,Pulmonary Disease Physician,CT,New Haven,156,97,0.00000000,-38.618322396623
brand_cost_share,1831362292,ANDREY ZINCHUK,Pulmonary Disease Physician,CT,North Haven,156,97,0.00000000,-38.618322396623
brand_cost_share,1962089409,MARWA QAISER,Pulmonary Disease Physician,CT,Norwalk,156,97,0.00000000,-38.618322396623
brand_cost_share,1982606810,KEITH DIXON,Pulmonary Disease Physician,CT,Hartford,156,97,0.00000000,-38.618322396623
brand_cost_share,1689084568,MICHAEL YAOYAO YIN,Interventional Cardiology Physician,GA,Cumming,105,92,0.19828278,-38.542437726161
brand_cost_share,1083217533,CHIRAG CHAUDHARY,Orthopaedic Surgery Physician,PA,Wilkes-Barre,1232,676,0.61591286,38.517258131522
brand_cost_share,1447889290,VERNE DE GUZMAN,"Endocrinology, Diabetes & Metabolism Physician",NY,Brooklyn,796,585,0.26226974,-38.506257609733
brand_cost_share,1578073813,TOBI KNEPLER-FOSS,Pharmacist Clinician (PhC)/ Clinical Pharmacy Specialist,CA,San Jose,1341,173,0.10162172,-38.501943159014
brand_cost_share,1689012510,DENNIS PORTO,MOHS-Micrographic Surgery Physician,NY,New York,52,47,0.74036740,38.488271230318
brand_cost_share,1386670636,DANIEL ALBERT,Rheumatology Physician,NH,Lebanon,41,33,0.00000000,-38.423556044362
brand_cost_share,1548343650,LUCHI QUINONES,Rheumatology Physician,NH,Laconia,41,33,0.00000000,-38.423556044362
brand_cost_share,1720064454,ANGELICA GONZALEZ,Rheumatology Physician,NH,Nashua,41,33,0.00000000,-38.423556044362
brand_cost_share,1093202343,YASHSWEE KC,Rheumatology Physician,GA,Gainesville,160,123,0.12700773,-38.344565411535
brand_cost_share,1295845634,JAMES GOSSAGE,Pulmonary Disease Physician,GA,Augusta,254,165,0.09253609,-38.314378722164
brand_cost_share,1265490775,RICHARD ARMSTRONG,Podiatrist,MA,Falmouth,291,154,0.81193686,38.314238187009
brand_cost_share,1083289987,LAURA PICCOLO SERAFIM,Pulmonary Disease Physician,MN,Rochester,178,112,0.00000000,-38.304126547491
brand_cost_share,1265405922,MITHRI JUNNA,Pulmonary Disease Physician,MN,Rochester,178,112,0.00000000,-38.304126547491
brand_cost_share,1356075709,JIANNAN HUANG,Pulmonary Disease Physician,MN,Rochester,178,112,0.00000000,-38.304126547491
brand_cost_share,1386220481,WILLIAM MANGIN,Pulmonary Disease Physician,MN,Rochester,178,112,0.00000000,-38.304126547491
brand_cost_share,1538747522,IMRAN KHAN,Pulmonary Disease Physician,MN,Rochester,178,112,0.00000000,-38.304126547491
brand_cost_share,1578534053,ELIZABETH DAY,Pulmonary Disease Physician,MN,Duluth,178,112,0.00000000,-38.304126547491
brand_cost_share,1649225012,CONRAD IBER,Pulmonary Disease Physician,MN,Minneapolis,178,112,0.00000000,-38.304126547491
brand_cost_share,1710919378,PETER FRANKLIN,Pulmonary Disease Physician,MN,Duluth,178,112,0.00000000,-38.304126547491
brand_cost_share,1780262360,CLAUDIA GYIMAH,Pulmonary Disease Physician,MN,Rochester,178,112,0.00000000,-38.304126547491
brand_cost_share,1841647245,JAMIE FELZER,Pulmonary Disease Physician,MN,Rochester,178,112,0.00000000,-38.304126547491
brand_cost_share,1871566166,PHILIPPE BAUER,Pulmonary Disease Physician,MN,Rochester,178,112,0.00000000,-38.304126547491
brand_cost_share,1891702064,DARLENE NELSON,Pulmonary Disease Physician,MN,Rochester,178,112,0.00000000,-38.304126547491
brand_cost_share,1376053694,SARAH MONTGOMERY,Podiatrist,MA,Milford,291,154,0.81112812,38.275402960189
brand_cost_share,1669953196,IVANISSE ORTIZ VELEZ,Pulmonary Disease Physician,PR,San Juan,73,63,0.18386194,-38.185021565425
brand_cost_share,1770561052,STEVE PETERS,Pulmonary Disease Physician,MN,Rochester,178,112,0.00475423,-38.118585717815
brand_cost_share,1255837134,HUGO RAPOSO,Rheumatology Physician,MA,Worcester,256,161,0.18180503,-38.093962447023
brand_cost_share,1740204023,LUIS PEREZ,Periodontics,MI,Flint,152,88,0.46704960,38.061140384670
brand_cost_share,1407819816,STEVEN ZORN,Pulmonary Disease Physician,IA,West Des Moines,59,39,0.20415708,-38.033356781079
brand_cost_share,1407820566,CASSIE KENNEDY,Pulmonary Disease Physician,MN,Rochester,178,112,0.00743859,-38.013824614219
brand_cost_share,1215933924,KARY WHITEHEAD,Pulmonary Disease Physician,MS,Meridian,63,39,0.19984085,-38.009226088960
brand_cost_share,1235881772,JAZMINE PORTERFIELD,Pulmonary Disease Physician,SC,Columbia,115,77,0.00000000,-37.946526099683
brand_cost_share,1902806011,KARL MILLER,Pulmonary Disease Physician,SC,Summerville,115,77,0.00000000,-37.946526099683
brand_cost_share,1992367254,NEERJA DESAI,Pulmonary Disease Physician,SC,Florence,115,77,0.00000000,-37.946526099683
brand_cost_share,1992997332,MARA ROTH,"Endocrinology, Diabetes & Metabolism Physician",WA,Seattle,180,112,0.04162138,-37.914914885719
brand_cost_share,1124551619,SARATH KATRAGADDA,Hematology (Internal Medicine) Physician,FL,Ocala,207,170,0.00000000,-37.880834825798
brand_cost_share,1235200320,MUSTAFA SAHIN,Hematology (Internal Medicine) Physician,FL,Melbourne,207,170,0.00000000,-37.880834825798
brand_cost_share,1437140068,ROBIN LIFTON,Hematology (Internal Medicine) Physician,FL,Venice,207,170,0.00000000,-37.880834825798
brand_cost_share,1528033958,LAWRENCE TEPPER,Hematology (Internal Medicine) Physician,FL,Key West,207,170,0.00000000,-37.880834825798
brand_cost_share,1538322003,CESAR PEREZ BATISTA,Hematology (Internal Medicine) Physician,FL,Orlando,207,170,0.00000000,-37.880834825798
brand_cost_share,1740697192,FAIZA MANJI,Hematology (Internal Medicine) Physician,FL,Brandon,207,170,0.00000000,-37.880834825798
brand_cost_share,1952366619,STEPHEN YANDEL,Hematology (Internal Medicine) Physician,FL,Titusville,207,170,0.00000000,-37.880834825798
brand_cost_share,1972170454,RAZAN MOHTY,Hematology (Internal Medicine) Physician,FL,Jacksonville,207,170,0.00000000,-37.880834825798
brand_cost_share,1982783080,ADI COHEN,"Endocrinology, Diabetes & Metabolism Physician",NY,New York,796,585,0.27430182,-37.858391451633
brand_cost_share,1104875756,JOHN MCDYER,Pulmonary Disease Physician,MD,Baltimore,222,103,0.34226952,-37.808169348883
brand_cost_share,1194954842,JENNIFER FICHTER,Podiatrist,MA,Fall River,291,154,0.80132148,37.804493782037
brand_cost_share,1568091965,DANYA AHMED,Critical Care Medicine (Internal Medicine) Physician,TN,Chattanooga,131,87,0.19491482,-37.742387641628
brand_cost_share,1699920561,SRINIVAS BOLLINENI,Pulmonary Disease Physician,TX,Dallas,579,344,0.12704391,-37.742105734794
brand_cost_share,1043316342,JOSEPH TRICARICO,Pulmonary Disease Physician,NY,Brooklyn,770,486,0.00000000,-37.685759348112
brand_cost_share,1184713489,DAVID PREZANT,Pulmonary Disease Physician,NY,Bronx,770,486,0.00000000,-37.685759348112
brand_cost_share,1184814766,KASSEM HARRIS,Pulmonary Disease Physician,NY,Valhalla,770,486,0.00000000,-37.685759348112
brand_cost_share,1194815993,PETER DICPINIGAITIS,Pulmonary Disease Physician,NY,Bronx,770,486,0.00000000,-37.685759348112
brand_cost_share,1386615094,DIANE STOVER,Pulmonary Disease Physician,NY,New York,770,486,0.00000000,-37.685759348112
brand_cost_share,1396836326,JANE LEVITT,Pulmonary Disease Physician,NY,New York,770,486,0.00000000,-37.685759348112
brand_cost_share,1417274408,LUKE BENVENUTO,Pulmonary Disease Physician,NY,New York,770,486,0.00000000,-37.685759348112
brand_cost_share,1417998790,LAURENCE BUTT,Pulmonary Disease Physician,NY,Flushing,770,486,0.00000000,-37.685759348112
brand_cost_share,1467417295,SHIRLEY LILAVOIS,Pulmonary Disease Physician,NY,New Hyde Park,770,486,0.00000000,-37.685759348112
brand_cost_share,1487633277,JOSEPH PAGLIA,Pulmonary Disease Physician,NY,New York,770,486,0.00000000,-37.685759348112
brand_cost_share,1619339439,KRISTOPHER CLARK,Pulmonary Disease Physician,NY,Williamsville,770,486,0.00000000,-37.685759348112
brand_cost_share,1699855387,JOSEPH LOWY,Pulmonary Disease Physician,NY,New York,770,486,0.00000000,-37.685759348112
brand_cost_share,1720016447,RICHARD GULLOTT,Pulmonary Disease Physician,NY,Schenectady,770,486,0.00000000,-37.685759348112
brand_cost_share,1740290105,STEPHEN SIEGEL,Pulmonary Disease Physician,NY,New York,770,486,0.00000000,-37.685759348112
brand_cost_share,1831293612,QANTA AHMED,Pulmonary Disease Physician,NY,Mineola,770,486,0.00000000,-37.685759348112
brand_cost_share,1881629582,NORMAN EDELMAN,Pulmonary Disease Physician,NY,East Setauket,770,486,0.00000000,-37.685759348112
brand_cost_share,1225032725,GEORGE ELIAS,Critical Care Medicine (Internal Medicine) Physician,IN,Indianapolis,133,70,0.00000000,-37.591961546705
brand_cost_share,1780707174,WHEELER DALE,Critical Care Medicine (Internal Medicine) Physician,IN,Evansville,133,70,0.00000000,-37.591961546705
brand_cost_share,1417982166,GREGORY WILLIAMS,Pulmonary Disease Physician,PA,Paoli,506,323,0.35133898,-37.567734128719
brand_cost_share,1033406228,SINA JASIM,"Endocrinology, Diabetes & Metabolism Physician",MO,Saint Louis,150,115,0.39713102,-37.361781843492
brand_cost_share,1598727570,GERMAINE BLAINE,Hematology (Internal Medicine) Physician,FL,Melbourne,207,170,0.01400424,-37.338055411498
brand_cost_share,1245358985,AGNES CHANG,Dermatology Physician,DC,Washington,64,44,1.00000000,37.336207241476
brand_cost_share,1417629817,BRIAN MCCULLOUGH,General Practice Dentistry,MS,Brandon,807,470,0.56632218,37.287050962991
brand_cost_share,1447279385,VICTOR THOMAS,Orthopaedic Surgery Physician,PA,Pittsburgh,1232,676,0.59625732,37.266537096693
brand_cost_share,1902858665,SUBOOHA ZAFAR,Critical Care Medicine (Internal Medicine) Physician,NJ,Hamilton,205,98,0.45155359,-37.216366035061
brand_cost_share,1962562827,DAVID PEDOWITZ,Orthopaedic Surgery Physician,PA,Bryn Mawr,1232,676,0.59530031,37.205640650320
brand_cost_share,1285952374,CAITLIN WHITE,"Endocrinology, Diabetes & Metabolism Physician",PA,Philadelphia,370,263,0.32068560,-37.179058999322
brand_cost_share,1306032115,FLEUR BERBOS,Endodontics,AZ,Scottsdale,131,76,0.48463854,37.170176929115
brand_cost_share,1619921608,ANDREW DEMAGGIO,Physical Medicine & Rehabilitation Physician,MA,Pittsfield,345,145,0.54391701,37.130677019315
brand_cost_share,1952537995,VLADIMIR COCA SOLIZ,Vascular Surgery Physician,MD,Baltimore,94,40,0.20812798,-37.087503850346
brand_cost_share,1831325521,JONATHAN SILVERBERG,Dermatology Physician,DC,Washington,64,44,0.99327421,37.080555206819
brand_cost_share,1083110993,HUONG LE,Rheumatology Physician,TX,Houston,404,318,0.00000000,-37.053389607536
brand_cost_share,1093334922,BENJAMIN GARDNER,Rheumatology Physician,TX,Dallas,404,318,0.00000000,-37.053389607536
brand_cost_share,1104024371,SMITHA RUDRARAJU,Rheumatology Physician,TX,Plano,404,318,0.00000000,-37.053389607536
brand_cost_share,1104958750,OBIANUJU OKEKE,Rheumatology Physician,TX,Sugar Land,404,318,0.00000000,-37.053389607536
brand_cost_share,1144508235,SVJETLANA DOLOVCAK,Rheumatology Physician,TX,Allen,404,318,0.00000000,-37.053389607536
brand_cost_share,1215349428,YASMIN SABET,Rheumatology Physician,TX,El Paso,404,318,0.00000000,-37.053389607536
brand_cost_share,1346728656,EHIZOGIE EDIGIN,Rheumatology Physician,TX,Pearland,404,318,0.00000000,-37.053389607536
brand_cost_share,1407072192,ELIZABETH ORTIZ,Rheumatology Physician,TX,Dallas,404,318,0.00000000,-37.053389607536
brand_cost_share,1487762845,ODEMARIS SANTIAGO-YOUNG,Rheumatology Physician,TX,Kerrville,404,318,0.00000000,-37.053389607536
brand_cost_share,1609219260,ANNA KOSZTOWSKI,Rheumatology Physician,TX,San Angelo,404,318,0.00000000,-37.053389607536
brand_cost_share,1629606827,JOB VARGHESE,Rheumatology Physician,TX,Fort Worth,404,318,0.00000000,-37.053389607536
brand_cost_share,1821199688,JOAN APPLEYARD,Rheumatology Physician,TX,Houston,404,318,0.00000000,-37.053389607536
brand_cost_share,1962965020,IQTIDAR HANIF,Rheumatology Physician,TX,Tomball,404,318,0.00000000,-37.053389607536
brand_cost_share,1366716458,ERIC JACKSON,Orthopaedic Surgery Physician,PA,Hanover,1232,676,0.59246512,37.025231881559
brand_cost_share,1093275554,ZACHARY FYFFE,Pulmonary Disease Physician,KY,Lexington,116,75,0.00000000,-37.018505200152
brand_cost_share,1255860755,SAMUEL FRIEDMAN,Pulmonary Disease Physician,KY,Louisville,116,75,0.00000000,-37.018505200152
brand_cost_share,1316043466,THOMAS GALLO,Pulmonary Disease Physician,KY,Madisonville,116,75,0.00000000,-37.018505200152
brand_cost_share,1003077728,CLAYTON KAISER,Vascular Surgery Physician,TN,Nashville,102,73,0.00000000,-36.997109680794
brand_cost_share,1073597423,WILLIAM HALL,Vascular Surgery Physician,TN,Knoxville,102,73,0.00000000,-36.997109680794
brand_cost_share,1467686428,SIRA DUSON,Vascular Surgery Physician,TN,Memphis,102,73,0.00000000,-36.997109680794
brand_cost_share,1932465606,CHRISTY GUTH,Vascular Surgery Physician,TN,Nashville,102,73,0.00000000,-36.997109680794
brand_cost_share,1760097729,UNKNOWN VIDHU VADINI,"Endocrinology, Diabetes & Metabolism Physician",MD,Baltimore,246,151,0.44289219,-36.927959967447
brand_cost_share,1437768173,SEBASTIAN OCROSPOMA HERAUD,Pulmonary Disease Physician,TX,San Antonio,579,344,0.14578533,-36.914425365435
brand_cost_share,1699856591,CHARLES GREER,General Practice Dentistry,MS,Hattiesburg,807,470,0.56069212,36.909658345921
brand_cost_share,1487854212,HORACIO ARGELES,Pulmonary Disease Physician,FL,Bradenton,664,404,0.28155677,-36.908184796195
brand_cost_share,1457977977,FARVA GONDAL,Rheumatology Physician,AZ,Tucson,101,77,0.20112419,-36.906455750046
brand_cost_share,1518957067,CLEMENS BERGWITZ,"Endocrinology, Diabetes & Metabolism Physician",CT,New Haven,163,114,0.47278536,-36.897603079967
brand_cost_share,1609962216,WILLIAM HOOD,General Practice Dentistry,MS,Tupelo,807,470,0.56030427,36.883660092523
brand_cost_share,1265883441,KUNAL PATEL,Critical Care Medicine (Internal Medicine) Physician,IL,Urbana,287,152,0.38185487,-36.877838343410
brand_cost_share,1154350759,ASHISH SHAH,Vascular Surgery Physician,TN,Nashville,102,73,0.00329814,-36.872863438041
brand_cost_share,1225063209,JEFFREY PERLMAN,"Endocrinology, Diabetes & Metabolism Physician",TX,Odessa,517,392,0.46507997,-36.861587552979
brand_cost_share,1790746162,JACK ABBOUDI,Orthopaedic Surgery Physician,PA,Bryn Mawr,1232,676,0.58985039,36.858851420305
brand_cost_share,1366674228,HO YIN AARON SHIU,Physical Medicine & Rehabilitation Physician,MA,Burlington,345,145,0.53999935,36.858378438689
brand_cost_share,1629047261,ASSIA BROMBERG,Pulmonary Disease Physician,NJ,Fair Lawn,347,241,0.00000000,-36.783050040336
brand_cost_share,1699715946,MARTIN LEVINSON,Pulmonary Disease Physician,NJ,Woodbury,347,241,0.00000000,-36.783050040336
brand_cost_share,1740279124,JAMES LOGOTHETIS,Pulmonary Disease Physician,NJ,Monroe Twp,347,241,0.00000000,-36.783050040336
brand_cost_share,1629050265,JOSEPH STRACCI,Orthopaedic Surgery Physician,PA,Washington,1232,676,0.58783647,36.730701692215
brand_cost_share,1699415174,NEBYAT MAZENGIA,"Endocrinology, Diabetes & Metabolism Physician",MA,Boston,359,263,0.09670163,-36.716739264491
brand_cost_share,1770853418,JOSHUA LEE,Pulmonary Disease Physician,NJ,Newark,347,241,0.00393951,-36.634600321459
brand_cost_share,1336762764,RHONDA-KAYE TRUSTY,"Endocrinology, Diabetes & Metabolism Physician",NY,Horseheads,796,585,0.29733922,-36.617944926126
brand_cost_share,1528409356,TYLER MCCABE,General Practice Dentistry,MS,Ocean Springs,807,470,0.55606921,36.599776727719
brand_cost_share,1164041356,REID EGGLESTON,Pulmonary Disease Physician,MN,Rochester,178,112,0.04895312,-36.393658921816
brand_cost_share,1073727772,JOBY COLLINS,General Practice Dentistry,MS,Smithville,807,470,0.55248606,36.359592012840
brand_cost_share,1689792640,ROBERT LITTLEJOHN,General Practice Dentistry,MS,Greenwood,807,470,0.55192834,36.322207080816
brand_cost_share,1982641148,TODD PERKINS,Dermatology Physician,DC,Washington,64,44,0.97305562,36.312032301493
brand_cost_share,1386272441,MEGHAN BEATSON,Dermatology Physician,DC,Washington,64,44,0.97142951,36.250222710341
brand_cost_share,1508893462,PATRICIA FRASER,Rheumatology Physician,MA,Boston,256,161,0.22043419,-36.239613209427
brand_cost_share,1225509649,PRABHJOT BENIPAL,Pharmacist Clinician (PhC)/ Clinical Pharmacy Specialist,CA,Davis,1341,173,0.15493380,-36.177112162644
brand_cost_share,1235175530,SCOTT COOPER,Physical Medicine & Rehabilitation Physician,MA,West Springfield,345,145,0.52931942,36.116065481416
brand_cost_share,1982090288,JENNIFER LOGUE,Hematology (Internal Medicine) Physician,FL,Pembroke Pines,207,170,0.04586789,-36.103077056053
brand_cost_share,1023630951,KRISHNASAI ABHISHEK MADATHANAPALLI,Rheumatology Physician,WA,Silverdale,159,105,0.00000000,-36.054348487762
brand_cost_share,1396300380,SHERWIN NOVIN,Rheumatology Physician,WA,Seattle,159,105,0.00000000,-36.054348487762
brand_cost_share,1437646569,BRYANNA MANTILLA,Rheumatology Physician,WA,Snoqualmie,159,105,0.00000000,-36.054348487762
brand_cost_share,1477182699,SANHITHA VALASAREDDY,Rheumatology Physician,WA,Seattle,159,105,0.00000000,-36.054348487762
brand_cost_share,1508852633,CHRISTI KENYON,Rheumatology Physician,WA,Seattle,159,105,0.00000000,-36.054348487762
brand_cost_share,1033378013,SILPA KILARU,Critical Care Medicine (Internal Medicine) Physician,PA,Pittsburgh,318,148,0.42643555,-36.013498827238
brand_cost_share,1790716298,EUGENE KIM,Orthopaedic Surgery Physician,PA,Plains,1232,676,0.57634414,35.999421917139
brand_cost_share,1154855930,JOANNE BRUNO,"Endocrinology, Diabetes & Metabolism Physician",NY,New York,796,585,0.30890019,-35.995445639401
brand_cost_share,1013080944,JAMES TURNER,Critical Care Medicine (Internal Medicine) Physician,CA,El Dorado Hills,685,348,0.00000000,-35.953731239023
brand_cost_share,1013277102,ABIGAIL MALLER,Critical Care Medicine (Internal Medicine) Physician,CA,Burbank,685,348,0.00000000,-35.953731239023
brand_cost_share,1023026838,JAMES LOGAN,Critical Care Medicine (Internal Medicine) Physician,CA,Long Beach,685,348,0.00000000,-35.953731239023
brand_cost_share,1124414479,ADNAN RAZA,Critical Care Medicine (Internal Medicine) Physician,CA,Riverside,685,348,0.00000000,-35.953731239023
brand_cost_share,1154631687,CYNTHIA PITCHFORD-MORRISON,Critical Care Medicine (Internal Medicine) Physician,CA,Orange,685,348,0.00000000,-35.953731239023
brand_cost_share,1154703940,WILLIAM LI,Critical Care Medicine (Internal Medicine) Physician,CA,Los Angeles,685,348,0.00000000,-35.953731239023
brand_cost_share,1154826006,TUSHAR BAJAJ,Critical Care Medicine (Internal Medicine) Physician,CA,Glendale,685,348,0.00000000,-35.953731239023
brand_cost_share,1225136484,ASHISH AGRAWAL,Critical Care Medicine (Internal Medicine) Physician,CA,La Mesa,685,348,0.00000000,-35.953731239023
brand_cost_share,1285652396,CARMENCITA AGCAOILI,Critical Care Medicine (Internal Medicine) Physician,CA,Fremont,685,348,0.00000000,-35.953731239023
brand_cost_share,1376634501,GEORGE HUTHSTEINER,Critical Care Medicine (Internal Medicine) Physician,CA,Long Beach,685,348,0.00000000,-35.953731239023
brand_cost_share,1396892162,JAMES WEIDNER,Critical Care Medicine (Internal Medicine) Physician,CA,San Jose,685,348,0.00000000,-35.953731239023
brand_cost_share,1457329674,JOSEPH PRESTON,Critical Care Medicine (Internal Medicine) Physician,CA,Orange,685,348,0.00000000,-35.953731239023
brand_cost_share,1528166774,CLYDE DOS SANTOS,Critical Care Medicine (Internal Medicine) Physician,CA,Anaheim,685,348,0.00000000,-35.953731239023
brand_cost_share,1689290843,BILAL MALIK,Critical Care Medicine (Internal Medicine) Physician,CA,Loma Linda,685,348,0.00000000,-35.953731239023
brand_cost_share,1760550651,LOREDO LAWSIN,Critical Care Medicine (Internal Medicine) Physician,CA,Sacramento,685,348,0.00000000,-35.953731239023
brand_cost_share,1760773725,MOHAMMED AL-JANABI,Critical Care Medicine (Internal Medicine) Physician,CA,La Mesa,685,348,0.00000000,-35.953731239023
brand_cost_share,1821479007,PABLO SANCHEZ,Critical Care Medicine (Internal Medicine) Physician,CA,San Francisco,685,348,0.00000000,-35.953731239023
brand_cost_share,1851499800,HARMOHINDER GOGIA,Critical Care Medicine (Internal Medicine) Physician,CA,Anaheim,685,348,0.00000000,-35.953731239023
brand_cost_share,1871000802,TALIA AMIRI,Critical Care Medicine (Internal Medicine) Physician,CA,Inglewood,685,348,0.00000000,-35.953731239023
brand_cost_share,1225665656,QUINN HOSLER,Critical Care Medicine (Internal Medicine) Physician,IL,Chicago,287,152,0.39779553,-35.906203937062
brand_cost_share,1346299831,BRIAN KIM,"Endocrinology, Diabetes & Metabolism Physician",IL,Chicago,312,225,0.51796506,-35.814875256360
brand_cost_share,1457666026,ORWAH AL-KHALILI,Rheumatology Physician,AZ,Peoria,101,77,0.22565910,-35.727245785888
brand_cost_share,1790724110,ADAM GROPPER,Vascular & Interventional Radiology Physician,FL,Aventura,235,35,0.38921513,-35.670099519816
brand_cost_share,1013961010,DANIEL DOYLE,Critical Care Medicine (Internal Medicine) Physician,MA,Pittsfield,196,101,0.00000000,-35.631178429884
brand_cost_share,1215910716,ANNE LARAIA,Critical Care Medicine (Internal Medicine) Physician,MA,Arlington,196,101,0.00000000,-35.631178429884
brand_cost_share,1245813914,NIDA ZAHEER,Critical Care Medicine (Internal Medicine) Physician,MA,Springfield,196,101,0.00000000,-35.631178429884
brand_cost_share,1245818202,JONATHON ZEITLER,Critical Care Medicine (Internal Medicine) Physician,MA,Boston,196,101,0.00000000,-35.631178429884
brand_cost_share,1295737468,CHRISTINE BLASKI,Critical Care Medicine (Internal Medicine) Physician,MA,Salem,196,101,0.00000000,-35.631178429884
brand_cost_share,1518117670,OMKAR VAIDYA,Critical Care Medicine (Internal Medicine) Physician,MA,Boston,196,101,0.00000000,-35.631178429884
brand_cost_share,1568111276,MORVA MANSOURY,Critical Care Medicine (Internal Medicine) Physician,MA,Springfield,196,101,0.00000000,-35.631178429884
brand_cost_share,1669677829,CHRISTOPHER MATHEWS,General Practice Dentistry,MS,Oxford,807,470,0.53981449,35.510194854607
brand_cost_share,1588014849,SANIA MAHMOOD,Orthopaedic Surgery Physician,PA,York,1232,676,0.56861689,35.507721657752
brand_cost_share,1780786608,HARRY WEBSTER,Physical Medicine & Rehabilitation Physician,MA,Boston,345,145,0.52056446,35.507548361135
brand_cost_share,1841782737,JULIE ABLES,General Practice Dentistry,MS,Starkville,807,470,0.53926035,35.473049896148
brand_cost_share,1275505430,ANNA GRINKO,Critical Care Medicine (Internal Medicine) Physician,NY,Brooklyn,569,251,0.30880156,-35.442645832526
brand_cost_share,1013073543,SHALINI MANCHANDA,Critical Care Medicine (Internal Medicine) Physician,IN,Indianapolis,133,70,0.05685428,-35.408947448672
brand_cost_share,1811143027,MICHAEL SOBOLEWSKI,Orthopaedic Surgery Physician,PA,Lewistown,1232,676,0.56695369,35.401888939591
brand_cost_share,1447335278,WILLIAM ALTEMEIER,Pulmonary Disease Physician,WA,Seattle,188,100,0.08718529,-35.383372449891
brand_cost_share,1003959321,JOEY HELTON,General Practice Dentistry,MS,Amory,807,470,0.53728913,35.340915625000
brand_cost_share,1326509746,ADRIANNA GONZALEZ,Dermatology Physician,DC,Washington,64,44,0.94742100,35.337642265427
brand_cost_share,1265493183,WALTER WOLF,Podiatrist,MA,South Hadley,291,154,0.74981329,35.331100303637
brand_cost_share,1710192125,EVE BLOOMGARDEN,"Endocrinology, Diabetes & Metabolism Physician",IL,Bannockburn,312,225,0.52494820,-35.274007188986
brand_cost_share,1457811473,FARRUKH JAVED,Critical Care Medicine (Internal Medicine) Physician,AL,Mobile,69,44,0.22020731,-35.254142629687
brand_cost_share,1285976845,JAKE NATALINI,Pulmonary Disease Physician,NY,New York,770,486,0.06389354,-35.228066747647
brand_cost_share,1093718108,DONALD GOLOBEK,Orthopaedic Surgery Physician,PA,Wellsboro,1232,676,0.56325422,35.166484318466
brand_cost_share,1538796552,STEVEN TRAN,Critical Care Medicine (Internal Medicine) Physician,FL,Tampa,522,213,0.39952431,-35.116803684615
brand_cost_share,1144270281,MEENA MURTHY,"Endocrinology, Diabetes & Metabolism Physician",NJ,New Brunswick,327,243,0.53379200,-35.109506597850
brand_cost_share,1154344794,FRANK LEONE,Pulmonary Disease Physician,PA,Philadelphia,506,323,0.39356001,-35.063010213505
brand_cost_share,1861484115,PEDRO CALVES,Pulmonary Disease Physician,NY,Babylon,770,486,0.06860899,-35.046684927624
brand_cost_share,1447709662,WALEED RHEBI,Periodontics,MI,Center Line,152,88,0.43042839,35.023891190984
brand_cost_share,1720029234,NIDIA LEON,Pulmonary Disease Physician,TX,San Antonio,579,344,0.18979093,-34.970998919525
brand_cost_share,1417488313,EMILY PENINGER,Rheumatology Physician,GA,Decatur,160,123,0.20366760,-34.835362833744
brand_cost_share,1194704312,JACQUELINE SMITH,Pulmonary Disease Physician,MO,Liberty,225,144,0.10863629,-34.722716351856
brand_cost_share,1497772164,ROHIT BUDHIRAJA,Critical Care Medicine (Internal Medicine) Physician,MA,Boston,196,101,0.02509379,-34.715895907992
brand_cost_share,1477516854,YASMIN KASSAM,Rheumatology Physician,WA,Lakewood,159,105,0.03732856,-34.655189728583
brand_cost_share,1821380171,POOJA SODHA,Dermatology Physician,DC,Washington,64,44,0.92920780,34.645345652296
brand_cost_share,1588027254,TARA HOLDER,Cardiovascular Disease Physician,SC,Greenville,323,247,0.14996951,-34.582119481247
brand_cost_share,1588800916,ADAM FRIEDMAN,Dermatology Physician,DC,Washington,64,44,0.92716676,34.567764278388
brand_cost_share,1174577159,JOHN TOURTELOT,"Endocrinology, Diabetes & Metabolism Physician",FL,Clearwater,518,375,0.58224520,-34.564313238183
brand_cost_share,1689189821,JIMMY ZOU,Pharmacist Clinician (PhC)/ Clinical Pharmacy Specialist,CA,Los Angeles,1341,173,0.19213325,-34.554920073949
brand_cost_share,1750353298,DAVID WOODRUM,Diagnostic Radiology Physician,MN,Rochester,1534,44,0.23412303,-34.543455595438
brand_cost_share,1265894166,KATHERINE PRYOR,Rheumatology Physician,MA,Boston,256,161,0.25601496,-34.531598494052
brand_cost_share,1275934242,MICHELLE DING,Pharmacist Clinician (PhC)/ Clinical Pharmacy Specialist,CA,Norwalk,1341,173,0.19274637,-34.528183162156
brand_cost_share,1508395260,DASHA LOPEZ VASQUEZ,Rheumatology Physician,NC,Clayton,179,126,0.13224235,-34.517465911482
brand_cost_share,1063486421,BRUCE JOHNSON,Pulmonary Disease Physician,PA,Pittsburgh,506,323,0.40307203,-34.498718343411
brand_cost_share,1659475432,ANTINE STENBIT,Pulmonary Disease Physician,NC,Hendersonville,259,156,0.36411901,-34.482281400449
brand_cost_share,1780994533,OMAR ELBANHAWY,Periodontics,MI,Grosse Pointe,152,88,0.42387248,34.480164417308
brand_cost_share,1134181423,MICHAEL SMITH,Cardiovascular Disease Physician,IN,Indianapolis,410,321,0.00000000,-34.437162926584
brand_cost_share,1255307880,JEFFREY GROOTHUIS,Cardiovascular Disease Physician,IN,Kokomo,410,321,0.00000000,-34.437162926584
brand_cost_share,1275507055,THOMAS RYAN,Cardiovascular Disease Physician,IN,Fort Wayne,410,321,0.00000000,-34.437162926584
brand_cost_share,1457325821,DANIEL GELFMAN,Cardiovascular Disease Physician,IN,Indianapolis,410,321,0.00000000,-34.437162926584
brand_cost_share,1790217552,KUNAL JHA,Cardiovascular Disease Physician,IN,New Albany,410,321,0.00000000,-34.437162926584
brand_cost_share,1831185800,ERNEST MIRICH,Cardiovascular Disease Physician,IN,Merrillville,410,321,0.00000000,-34.437162926584
brand_cost_share,1982606315,KEVIN KELLY,Cardiovascular Disease Physician,IN,Fort Wayne,410,321,0.00000000,-34.437162926584
brand_cost_share,1184698300,AYMAN AL-REJLEH,Critical Care Medicine (Internal Medicine) Physician,MI,Saginaw,185,104,0.00000000,-34.427333614675
brand_cost_share,1265922066,NICHOLAS BLACKSTONE,Critical Care Medicine (Internal Medicine) Physician,MI,Saginaw,185,104,0.00000000,-34.427333614675
brand_cost_share,1407198187,MUHAMMAD USMAN,Critical Care Medicine (Internal Medicine) Physician,MI,Detroit,185,104,0.00000000,-34.427333614675
brand_cost_share,1417584707,MOHAMMED SIDDIQUI,Critical Care Medicine (Internal Medicine) Physician,MI,Flint,185,104,0.00000000,-34.427333614675
avg_cost_per_claim,1033287636,MARINE MARTIROSYAN,Dentist,CA,Glendale,14647,5237,12758.25166667,8796.971578905529
avg_cost_per_claim,1114961554,CRAIG MORGENTHAL,Surgery Physician,FL,Jacksonville,2075,914,49224.54250000,7322.696405420537
avg_cost_per_claim,1841271780,MALCOLM ROBINSON,Surgery Physician,MA,Boston,1091,313,46263.88000000,6566.791807514185
avg_cost_per_claim,1053387704,CHRISTINE SEROOGY,Pediatrics Physician,WI,Madison,1295,67,492792.37769231,5251.151350711250
avg_cost_per_claim,1780647255,JAMES PAAUW,Surgery Physician,MI,Grand Rapids,1509,666,46263.88000000,5103.071047224431
avg_cost_per_claim,1033541982,JENNIFER TREAT,Physician Assistant,MD,Rockville,3091,1254,66527.29888889,4747.927480259374
avg_cost_per_claim,1861429904,AARON STONE,Plastic Surgery Physician,CA,Beverly Hills,794,245,14138.84909091,3724.854629537257
avg_cost_per_claim,1891801031,THOMAS PATTON,Dentist,AL,Tuscaloosa,820,469,3136.51529412,3029.551064761626
avg_cost_per_claim,1508150723,KAVITA VAKHARIA,Plastic Surgery Physician,CA,Duarte,794,245,11197.63128205,2949.558688527976
avg_cost_per_claim,1073505293,ROBERT MCFADDEN,General Practice Dentistry,TX,El Paso,9658,4491,3033.90000000,2696.884198101593
avg_cost_per_claim,1609828110,PETER RIVES,Emergency Medicine Physician,FL,Orange Park,3563,2068,7124.14545455,2519.647198184933
avg_cost_per_claim,1124405311,PAUL HILLMAN,Student in an Organized Health Care Education/Training Program,TX,Houston,22576,2979,54235.36923077,2395.128566677126
avg_cost_per_claim,1992213276,SHERIN THOMAS,Family Nurse Practitioner,TX,Houston,18908,8241,108444.07750000,2370.472821717607
avg_cost_per_claim,1184657272,ERIC LAMBRIGHT,Thoracic Surgery (Cardiothoracic Vascular Surgery) Physician,TN,Nashville,103,31,6962.64000000,2196.680319685841
avg_cost_per_claim,1790048734,MARWA KAISEY,Student in an Organized Health Care Education/Training Program,CA,West Hollywood,48939,6099,58707.00000000,2191.836342182078
avg_cost_per_claim,1073596367,SHAYLA SCHOENOFF,Surgical Physician Assistant,MN,Rochester,281,165,9417.51422983,2154.705428590984
avg_cost_per_claim,1528488731,NILS NICKEL,Emergency Medicine Physician,TX,El Paso,4378,2334,6769.59048689,2040.682524495719
avg_cost_per_claim,1861787780,WILLIAM LANCASTER,Surgery Physician,SC,Charleston,690,337,13469.52309524,1995.401938568943
avg_cost_per_claim,1952717381,SAMUEL GABRIEL,Dentist,CA,Lynwood,14647,5237,2779.70217391,1914.031978069133
avg_cost_per_claim,1154563260,CHRISTOPHER DITTUS,Emergency Medicine Physician,NC,Chapel Hill,1837,980,5464.42855814,1880.942426194032
avg_cost_per_claim,1831580802,BRITNEY BARROW,Surgical Physician Assistant,FL,Jacksonville,1301,505,10622.55704545,1755.862362041159
avg_cost_per_claim,1225130859,WILLIAM STEINER,General Practice Dentistry,NJ,Matawan,3941,1898,2145.04265625,1733.387934394975
avg_cost_per_claim,1407318827,DARIA BRINZEVICH,Student in an Organized Health Care Education/Training Program,MI,Grand Rapids,10231,2109,28544.84000000,1732.743133036639
avg_cost_per_claim,1033562053,RYAN PERETZ,Pediatrics Physician,CA,Torrance,9941,389,108953.14916667,1704.333356673406
avg_cost_per_claim,1497782114,ALLAN WHITE,Surgical Oncology Physician,TX,San Antonio,130,52,9499.35250000,1547.794147004829
avg_cost_per_claim,1043410673,ROBYN SCHERTZ,Emergency Medicine Physician,WI,Merrill,1387,791,4679.24970149,1510.080295766262
avg_cost_per_claim,1396720173,KIMBERLY BARRIE,Orthopaedic Surgery Physician,FL,Miramar,1483,890,6981.51080000,1474.571598834872
avg_cost_per_claim,1922016757,JENNIFER SCHEUERMANN,Physician Assistant,LA,New Orleans,1431,720,12754.59440644,1458.513095363071
avg_cost_per_claim,1447269444,GARY GOTTESMAN,Internal Medicine Physician,MO,Saint Louis,3400,2016,93841.62482759,1403.569429940256
avg_cost_per_claim,1275980906,STEPHANIE ESCHETE,Physician Assistant,LA,New Orleans,1431,720,12215.91853211,1396.862080722124
avg_cost_per_claim,1780878132,BONNIE TAFT,Pediatric Nurse Practitioner,CA,Stanford,1428,33,92358.24692308,1347.732461240438
avg_cost_per_claim,1871540435,BRIAN DAWSON,Emergency Medicine Physician,ND,Fargo,116,82,4230.16475000,1346.848349101880
avg_cost_per_claim,1477824472,ANDREA PITZL,Surgical Physician Assistant,MN,St Anthony,281,165,5752.78934066,1315.597344381178
avg_cost_per_claim,1114007515,BRENDAN LEE,Pediatrics Physician,TX,Houston,6047,225,99774.37541667,1315.072237094020
avg_cost_per_claim,1376861187,KARILYN LARKIN,Student in an Organized Health Care Education/Training Program,OH,Columbus,15977,3025,19212.17820513,1307.362923542783
avg_cost_per_claim,1518100908,AMANDA RUTHERFORD,Physician Assistant,LA,Shreveport,1431,720,11334.69535714,1296.006806797724
avg_cost_per_claim,1346461407,BEHZAD SHIRAZI-ARDESTANI,General Practice Dentistry,CA,Burbank,17486,6449,1938.89201183,1291.671309563406
avg_cost_per_claim,1245728203,MARY KING,Physician Assistant,CO,Centennial,3792,1901,24086.90201613,1270.801137172578
avg_cost_per_claim,1144466558,ASHLEY TAYLOR,Physician Assistant,OK,Oklahoma City,1760,782,34367.40454545,1257.364813628584
avg_cost_per_claim,1487654968,CLARENCE FREED,Plastic Surgery Physician,PA,Telford,200,71,4964.97769231,1235.624483134366
avg_cost_per_claim,1265894810,INDIRA BHAVSAR-BURKE,Student in an Organized Health Care Education/Training Program,TX,Dallas,22576,2979,27947.15636364,1233.768516049389
avg_cost_per_claim,1255538344,SARAH FEDDERSEN,Physician Assistant,IA,Iowa City,1392,768,36300.35846154,1224.077839602901
avg_cost_per_claim,1588049084,MOHAMAD ABOU MERHI SAIFEDDINE,Student in an Organized Health Care Education/Training Program,SD,Sioux Falls,486,135,30724.29500000,1215.769430370823
avg_cost_per_claim,1518161256,JAMES MAUTNER,Orthopaedic Surgery Physician,LA,New Orleans,355,225,4484.91500000,1209.021176680181
avg_cost_per_claim,1417175522,ADAM ABODEELY,Surgery Physician,NY,Saranac Lake,2171,656,13517.46095238,1204.449571155542
avg_cost_per_claim,1114001021,PRIYA KISHNANI,Pediatrics Physician,NC,Durham,2420,156,85528.15972603,1188.867729768121
avg_cost_per_claim,1588725519,INEZ KELLEHER,Orthopaedic Surgery Physician,MS,Gulfport,171,111,4456.76272727,1163.722108911216
avg_cost_per_claim,1144761321,BELEN RAMOS,Surgical Physician Assistant,TX,Mcallen,1170,307,8759.25428571,1135.018562563040
avg_cost_per_claim,1124241302,NANETTE JOYCE,Physical Medicine & Rehabilitation Physician,CA,Sacramento,1516,526,17153.40658385,1125.670151043386
avg_cost_per_claim,1952364952,GEORGE DIAZ,Pediatrics Physician,NY,New York,5937,301,77869.80661017,1121.093033775528
avg_cost_per_claim,1639600562,MICHAEL HWANG,Student in an Organized Health Care Education/Training Program,CA,San Jose,48939,6099,29639.50320000,1106.119805633843
avg_cost_per_claim,1750554689,DIANA CASTRO,Student in an Organized Health Care Education/Training Program,TX,Denton,22576,2979,24547.04000000,1083.558255193103
avg_cost_per_claim,1356838460,DAVID KATZIANER,Student in an Organized Health Care Education/Training Program,PA,Philadelphia,14928,2712,23157.87500000,1073.051412612776
avg_cost_per_claim,1871279067,HAILEY BATTAGLIA KNIGHT,Physician Assistant,IL,Chicago,4437,2180,18044.13976190,1070.029806984368
avg_cost_per_claim,1255418174,HIREN PATEL,General Practice Dentistry,AZ,Peoria,2437,1167,1263.24000000,1069.589242060133
avg_cost_per_claim,1134166085,PAMELA HODUL,Surgery Physician,FL,Tampa,2075,914,7167.89416667,1065.320913586344
avg_cost_per_claim,1356680524,ASHLEY ANDREWS,Registered Nurse,UT,Salt Lake City,1181,92,43027.61818182,1056.929490238476
avg_cost_per_claim,1992790778,MYRL HOLIDA,Physician Assistant,IA,Iowa City,1392,768,31063.13846154,1047.346878353232
avg_cost_per_claim,1013110840,JASDEEP SANDHU,Surgical Physician Assistant,NY,New Hyde Park,2074,912,7467.87978723,1031.105203292877
avg_cost_per_claim,1851423859,JAMIE GROSS,General Practice Dentistry,TN,Nashville,1945,1069,1340.12323529,1028.209928270097
avg_cost_per_claim,1881688794,GARY PESS,Orthopaedic Hand Surgery Physician,NJ,Eatontown,73,48,2833.33976190,1017.949914308036
avg_cost_per_claim,1437387677,JOSHUA ALEXANDER,Neuromusculoskeletal Medicine & OMM Physician,CA,San Diego,236,95,4625.96101990,1011.890419855581
avg_cost_per_claim,1962495960,ERICA BOWEN,Surgical Physician Assistant,OH,Columbus,408,211,6177.11376471,1011.635014673874
avg_cost_per_claim,1003070327,PETER PASSIAS,Orthopaedic Surgery of the Spine Physician,NC,Durham,44,31,2643.97382353,999.826094145484
avg_cost_per_claim,1073511085,FRED WOLODIGER,Surgery Physician,NJ,Englewood,811,302,8704.75423729,994.014267186991
avg_cost_per_claim,1245300177,JENNIFER HWANG,Student in an Organized Health Care Education/Training Program,CA,Gardena,48939,6099,26626.20310345,993.568327021253
avg_cost_per_claim,1679596720,JOSH VELLA,Orthopaedic Surgery Physician,AZ,Phoenix,534,284,2986.54764706,991.307658086757
avg_cost_per_claim,1508914458,RAYMOND WANG,Pediatrics Physician,CA,Orange,9941,389,63194.91416667,988.182937866309
avg_cost_per_claim,1225291511,JEFFREY GLASSBERG,Emergency Medicine Physician,NY,New York,4319,1795,4976.71635417,980.971977714306
avg_cost_per_claim,1205292133,HOLLY BERNAL,Family Nurse Practitioner,CA,Palo Alto,15168,5614,45837.52137615,977.930379219212
avg_cost_per_claim,1043238728,CHERYL OLSON,Surgery Physician,CA,La Jolla,3327,1378,5914.21715909,974.036133699782
avg_cost_per_claim,1326059882,ANDY TRAN,Emergency Medicine Physician,CA,Fullerton,6975,3707,3327.07352531,965.599379423107
avg_cost_per_claim,1275023699,CHRISTY MORRISSEY,Student in an Organized Health Care Education/Training Program,NY,New York,43482,6379,20949.26538462,964.769798382666
avg_cost_per_claim,1174938195,ALEXANDRA MONTALVO ACEVEDO,Pediatrics Physician,PR,San Juan,794,68,13891.66000000,962.363154273750
avg_cost_per_claim,1083978241,KIM LEMIRE,Dentist,AZ,Glendale,1922,922,1112.08120879,956.472383051701
avg_cost_per_claim,1306926944,JOSEPH MUENZER,Pediatrics Physician,NC,Chapel Hill,2420,156,68486.74769231,951.782219030075
avg_cost_per_claim,1609308287,BRYAN GOLUBSKI,Hospitalist Physician,CO,Loveland,333,149,27636.85153846,945.608236868481
avg_cost_per_claim,1811371693,ADA NOH,Optometrist,AR,Little Rock,505,342,55632.57071429,938.723310986005
avg_cost_per_claim,1184705386,PAUL GRIMM,Pediatrics Physician,CA,Palo Alto,9941,389,60032.44424242,938.687930886331
avg_cost_per_claim,1245462472,NGOC TRIEU,Optometrist,CA,Torrance,8047,2059,53855.84615385,935.424905782146
avg_cost_per_claim,1477868487,MICHAEL KAYAL,Surgical Physician Assistant,NJ,Franklin Lakes,498,210,5161.63112360,929.653662026885
avg_cost_per_claim,1710614508,ALLISON WEBER,Physician Assistant,MA,Worcester,4332,1873,16583.15066667,925.047054831146
avg_cost_per_claim,1275875809,FERDINAND CHAN,Sports Medicine (Orthopaedic Surgery) Physician,NY,Bronx,175,115,4231.18351351,911.818011835693
avg_cost_per_claim,1245468842,VANESSA BENAVENT,Dentist,MD,Clarksville,1892,692,1281.91852941,910.462455846567
avg_cost_per_claim,1073152807,DORIAN BUTLER,Nurse Practitioner,MD,Baltimore,1236,462,58245.94285714,910.424646558053
avg_cost_per_claim,1336482801,MAIA KAYAL,Student in an Organized Health Care Education/Training Program,NY,New York,43482,6379,19607.19442623,902.908313370024
avg_cost_per_claim,1528799590,JOSEPH VAUGHAN,Surgery Physician,SC,Charleston,690,337,6081.74625000,900.350392813132
avg_cost_per_claim,1255599494,AMAR SURYADEVARA,Otolaryngology/Facial Plastic Surgery Physician,NY,Syracuse,51,41,15104.57909091,886.311485165350
avg_cost_per_claim,1467740928,MARGARET FLOOD,Surgery Physician,FL,Jacksonville,2075,914,5938.05130435,882.339413860185
avg_cost_per_claim,1548604895,BIANCA RUSSELL,Pediatrics Physician,CA,Los Angeles,9941,389,56404.31500000,881.905009157698
avg_cost_per_claim,1235800772,ADDISON TAYLOR,Physician Assistant,VA,Richmond,3843,1787,14956.65162162,869.288971606905
avg_cost_per_claim,1194755454,MATTHEW MANCINI,Surgery Physician,TN,Knoxville,705,353,6965.96337500,866.427441923735
avg_cost_per_claim,1972735488,ANGELA MCDONALD,Physician Assistant,CO,Thornton,3792,1901,16373.39181818,863.539874666333
avg_cost_per_claim,1821282609,MILA IOUSSIFOVA,Optometrist,OR,Portland,891,380,19564.02341463,855.538358264923
avg_cost_per_claim,1114205572,LAURA WORLEY,Physician Assistant,IN,Avon,2256,1156,7794.48057252,853.954100157690
avg_cost_per_claim,1407374408,CARLY SWINT,Physician Assistant,CO,Centennial,3792,1901,16172.40125541,852.927887614407
avg_cost_per_claim,1134411630,SUZANNE FORDE,Surgical Physician Assistant,NY,Brooklyn,2074,912,6144.88923077,848.221345709872
avg_cost_per_claim,1598723496,NANCY PARSON,Physician Assistant,PA,Hershey,7625,3903,18056.79915888,847.923141939486
avg_cost_per_claim,1073856357,CRYSTAL ANTOINE PEPELJUGOSKI,Student in an Organized Health Care Education/Training Program,NY,Stony Brook,43482,6379,18161.10166667,836.252042318807
avg_cost_per_claim,1225318876,YASHAR JAVIDAN,Orthopaedic Surgery Physician,CA,Los Angeles,2394,1240,4498.39000000,833.496305146489
avg_cost_per_claim,1104846765,ASMAT ULLAH,Emergency Medicine Physician,NY,Brooklyn,4319,1795,4220.33311044,831.633256701381
avg_cost_per_claim,1144636408,JENNIFER MINNIER,Physician Assistant,PA,Pittsburgh,7625,3903,17573.13380952,825.187163261669
avg_cost_per_claim,1316975451,MARCIA BROSE,Otolaryngology Physician,PA,Philadelphia,499,301,10290.66305026,821.456325161773
avg_cost_per_claim,1942494265,CLAUDIA LUKAS,Medical Physician Assistant,FL,St Petersburg,2858,1341,26083.03238095,819.377912522078
avg_cost_per_claim,1629404975,NANCY GUPTA,Student in an Organized Health Care Education/Training Program,IA,Iowa City,1279,262,15008.52902439,806.800017895221
avg_cost_per_claim,1639153174,ALEXANDER ASAMOAH,Pediatrics Physician,KY,Louisville,973,104,30461.18589286,805.116615250820
avg_cost_per_claim,1427381441,JOCELYN HARRINGTON,Surgical Physician Assistant,NY,Rochester,2074,912,5822.29594595,803.627600070360
avg_cost_per_claim,1164442711,FREDERICK REYNOLDS,Surgery Physician,NY,Saratoga Springs,2171,656,9000.86723164,801.705711329639
avg_cost_per_claim,1164527750,VALERAE LEWIS,Orthopaedic Surgery Physician,TX,Houston,1658,1052,3444.53923077,796.427352326392
avg_cost_per_claim,1821385444,NASSIM RAD,Physical Medicine & Rehabilitation Physician,WA,Seattle,460,152,10131.23045226,792.906099597055
avg_cost_per_claim,1942681234,MORGAN JONES,Student in an Organized Health Care Education/Training Program,MI,Ann Arbor,10231,2109,13053.70000000,791.911910269127
avg_cost_per_claim,1912430620,ANUJ DHIR,Student in an Organized Health Care Education/Training Program,GA,Atlanta,8522,1224,15588.64857143,788.792761817749
avg_cost_per_claim,1770591406,JERRY PADRTA,Surgery Physician,FL,Miramar,2075,914,5138.47272727,763.374551221548
avg_cost_per_claim,1528585833,SHANEY PRESSLEY,Nurse Practitioner,PA,Philadelphia,3577,1659,49716.05500000,755.590679501783
avg_cost_per_claim,1326668302,NICOLE CHAN,Student in an Organized Health Care Education/Training Program,NY,Albany,43482,6379,16349.38692308,752.742773485344
avg_cost_per_claim,1952890899,DILLON COCKRELL,Student in an Organized Health Care Education/Training Program,NC,Chapel Hill,9187,2081,14547.51166667,741.100607600744
avg_cost_per_claim,1760015473,RACHEL FELSON,Physician Assistant,MA,Boston,4332,1873,13209.14846154,736.647356652521
avg_cost_per_claim,1710900337,MOHAMMAD RAZAQ,Emergency Medicine Physician,OK,Oklahoma City,688,460,1978.10543103,729.009396864623
avg_cost_per_claim,1831141936,RICHARD LENHARDT,Emergency Medicine Physician,IL,Chicago,2986,1493,2360.49117647,727.589761591891
avg_cost_per_claim,1114566247,SHELBY SALTSMAN,Surgical Physician Assistant,CA,Beverly Hills,979,501,5446.98942857,717.538287165311
avg_cost_per_claim,1679969620,HOLLY GARDNER,Surgical Physician Assistant,MA,Springfield,520,299,4569.98152091,713.735395341629
avg_cost_per_claim,1023419157,SEHEE KIM,Dentist,GA,Suwanee,2132,1003,756.06268817,713.011889715515
avg_cost_per_claim,1275698201,JOHN VERGHESE,Plastic Surgery Physician,FL,Marathon,478,197,2092.55775000,708.605727050690
avg_cost_per_claim,1609405836,CHARLES KENWORTHY,Student in an Organized Health Care Education/Training Program,CT,New Haven,6408,1206,14517.93500000,705.404614233746
avg_cost_per_claim,1366762023,SHANNON CARPENTER,Orthopaedic Surgery Physician,MO,Kansas City,572,365,2404.57250000,703.813905777332
avg_cost_per_claim,1669492609,ROBERT DUNCAN,Physician Assistant,LA,Shreveport,1431,720,6119.74831858,699.160369919678
avg_cost_per_claim,1801583398,SARAH KUBIAK,Pharmacist,MA,Boston,5900,302,27322.45733333,697.046236227756
avg_cost_per_claim,1821068578,SANDRA COLLINS,Orthopaedic Hand Surgery Physician,FL,Ft Myers,130,84,2280.00529412,696.292822489516
avg_cost_per_claim,1295211373,ABDUL MOIZ KHAN,Student in an Organized Health Care Education/Training Program,IL,Rockford,10607,1520,13324.06000000,695.741617758077
avg_cost_per_claim,1417118845,NIMA PATEL,Plastic and Reconstructive Surgery Physician,NY,Long Island City,161,47,3537.84200000,694.107271421614
avg_cost_per_claim,1003311143,EMILY WENG,Student in an Organized Health Care Education/Training Program,CT,Farmington,6408,1206,14245.25040000,692.139465118896
avg_cost_per_claim,1568405983,LISA GAMBLE,Physician Assistant,CA,Marina,13480,6439,14229.69327869,685.998732360707
avg_cost_per_claim,1518535012,HAGAR ELGENDY,Physical Medicine & Rehabilitation Physician,NC,Chapel Hill,413,183,16124.06666667,672.658394994002
avg_cost_per_claim,1346801164,LAURA BUCH,Medical Physician Assistant,SC,Greenville,529,292,37204.24222222,670.952936933119
avg_cost_per_claim,1609371608,WE'AM HUSSAIN,Student in an Organized Health Care Education/Training Program,OH,Dayton,15977,3025,9858.65333333,670.416681641814
avg_cost_per_claim,1861635674,MARISSA DEFREITAS,Pediatrics Physician,FL,Miami,4187,181,35531.96500000,664.345977983318
avg_cost_per_claim,1295029130,CRISTIANA CHASE,Student in an Organized Health Care Education/Training Program,NC,Durham,9187,2081,13022.95401146,663.345157639881
avg_cost_per_claim,1053871947,KANISHKA PATEL,Student in an Organized Health Care Education/Training Program,CA,Sacramento,48939,6099,17769.89000000,662.771160157387
avg_cost_per_claim,1588001382,HEATHER WILLIAMS,Obstetrics & Gynecology Physician,AR,Little Rock,262,164,23955.99416667,660.225562215624
avg_cost_per_claim,1790283208,AMANDA CALI,Physician Assistant,FL,Altamonte Springs,9503,4279,12811.23231884,657.417655365646
avg_cost_per_claim,1871887497,DYAN VANDEVELDE,General Practice Dentistry,CA,Palos Verdes Estates,17486,6449,988.67000000,657.035486274948
avg_cost_per_claim,1962660712,BARRY HAMMER,Physician Assistant,OH,Columbus,4893,2451,6945.13851156,654.743932376351
avg_cost_per_claim,1811033962,MICHAEL LEVINE,Pediatrics Physician,PA,Philadelphia,3888,146,39574.05500000,654.622752974419
avg_cost_per_claim,1659578789,ROMAN SHINDER,Student in an Organized Health Care Education/Training Program,NY,Little Neck,43482,6379,14207.91943662,654.033865442489
avg_cost_per_claim,1467739607,ABIGAIL MEYERS,Physician Assistant,WI,Milwaukee,3244,1862,11040.55872340,651.850989895080
avg_cost_per_claim,1861866717,ALICIA TURNER,Family Nurse Practitioner,TX,Houston,18908,8241,29719.52000000,648.989024639733
avg_cost_per_claim,1538187257,WILLIAM HAWKINS,Surgery Physician,MO,Saint Louis,750,390,3888.47395833,648.001382616167
avg_cost_per_claim,1598908337,KIMBERLY POARCH,Medical Physician Assistant,TX,Dallas,2340,1083,34839.10539216,646.962560550367
avg_cost_per_claim,1508095464,JENNIFER SHABA,Optometrist,MI,West Bloomfield,1890,734,23566.43241758,641.790315114514
avg_cost_per_claim,1932224649,SHARON SCHWARTZ,Pediatric Nurse Practitioner,NY,New York,1540,38,50600.59304348,638.409710607323
avg_cost_per_claim,1992877591,YANA POPILEVSKAYA,Surgical Physician Assistant,NY,Liverpool,2074,912,4607.83086957,635.745783390946
avg_cost_per_claim,1902196447,JENNA NIKOLAIDES,Emergency Medicine Physician,IL,Chicago,2986,1493,2054.98277778,633.134491841218
avg_cost_per_claim,1194322271,RYAN SHANNON,Adult Health Nurse Practitioner,AL,Montgomery,381,176,64284.03818182,629.722997412431
avg_cost_per_claim,1326224056,JONATHON MCGARRY,Emergency Medicine Physician,TX,Corpus Christi,4378,2334,2084.50828418,626.695488786098
avg_cost_per_claim,1639411788,MATTHEW GINSBERG,Neurology with Special Qualifications in Child Neurology Physician,OH,Akron,105,37,186695.51666667,625.508551621845
avg_cost_per_claim,1982940466,JORDAN MAYBERRY,Physician Assistant,TX,Dallas,10016,4190,20815.72666667,623.139699375706
avg_cost_per_claim,1679944573,JENNY FU,Physician Assistant,CA,Duarte,13480,6439,12924.16681159,622.968312477978
avg_cost_per_claim,1689852774,MARIA RUSSELL,Surgery Physician,GA,Atlanta,1011,552,3975.15833333,621.598196850042
avg_cost_per_claim,1295814119,TARA ANDERSON,Physician Assistant,CT,New Haven,2236,1057,7717.35201661,620.683114746122
avg_cost_per_claim,1154667830,CHRISTINA BERTOLI,Family Nurse Practitioner,VA,Norfolk,5752,2691,32634.91250000,617.810552474321
avg_cost_per_claim,1326032764,PAUL BOWN,Surgery Physician,WV,Huntington,197,105,5184.63000000,617.067695717205
avg_cost_per_claim,1760604706,SHEHZAD SHEIKH,Student in an Organized Health Care Education/Training Program,NC,Chapel Hill,9187,2081,12065.52419118,614.514346796217
avg_cost_per_claim,1225382278,LINDSEY TUNSTALL,Physician Assistant,CO,Aurora,3792,1901,11650.35661290,614.171010011824
avg_cost_per_claim,1457383655,EUGENE SHELBY,Emergency Medicine Physician,AR,Hot Springs,464,309,2097.36404762,612.742805335249
avg_cost_per_claim,1518261296,DHARANI NARENDRA,Student in an Organized Health Care Education/Training Program,TX,Houston,22576,2979,13853.10357143,611.121782814152
avg_cost_per_claim,1861650822,JUAN SOCAS,Plastic Surgery Physician,FL,Brandon,478,197,1804.23800000,610.631036791029
avg_cost_per_claim,1861597080,JENNIFER MCBRYDE,Physician Assistant,TX,Dallas,10016,4190,20307.74358974,607.911614830065
avg_cost_per_claim,1427639236,MAKAN DELRAHIM NIA,Student in an Organized Health Care Education/Training Program,NY,Brooklyn,43482,6379,13168.00533333,606.100013425989
avg_cost_per_claim,1144612870,SARAH UTTAL,Student in an Organized Health Care Education/Training Program,IL,Chicago,10607,1520,11545.99060606,602.775798500948
avg_cost_per_claim,1912213174,MIA FRIPPS,Optometrist,VA,Glenn Allen,1395,531,32311.61000000,601.179023330137
avg_cost_per_claim,1598184590,KAREN LOWE,Physician Assistant,TX,Dallas,10016,4190,19994.34651163,598.516740436496
avg_cost_per_claim,1831644855,TERRI DICLEMENTI,Surgical Physician Assistant,CT,New Haven,632,295,3646.20526316,597.167659732379
avg_cost_per_claim,1023200821,LEAH WESSENBERG,Registered Nurse,OR,Portland,2905,215,25541.05454545,596.765748706387
avg_cost_per_claim,1417000357,LAUREN MASSINGHAM,Pediatrics Physician,MA,Boston,3032,168,44954.17000000,585.959976091855
avg_cost_per_claim,1053846410,MEERA RAGAVAN,Student in an Organized Health Care Education/Training Program,CA,San Francisco,48939,6099,15710.36500000,585.844675385761
avg_cost_per_claim,1811159411,SUSAN PARK,Gynecologic Oncology Physician,CA,Torrance,137,75,27232.79076923,584.673802068748
avg_cost_per_claim,1811089766,SANJAY YADAV,Cardiovascular Disease Physician,GA,Atlanta,682,507,36100.36000000,583.843883244115
avg_cost_per_claim,1265774343,AARON PINNOLA,Surgery Physician,FL,Deerfield Beach,2075,914,3906.48809524,580.074389456839
avg_cost_per_claim,1780145755,STEFANIE GALLAGHER,Student in an Organized Health Care Education/Training Program,PA,Wynnewood,14928,2712,12484.80571429,578.112375184044
avg_cost_per_claim,1497950497,JANET GARBARZ,Primary Care Nurse Practitioner,TX,Fort Worth,733,271,28521.21681818,577.913535573244
avg_cost_per_claim,1679863658,ALEXANDER ENGELMAN,Radiation Oncology Physician,FL,Tampa,461,255,5598.82173168,572.040180797433
avg_cost_per_claim,1093357410,DANIELLE CASSEL,Physician Assistant,NY,New York,14666,6059,13556.85272727,571.208029438551
avg_cost_per_claim,1952861155,TIEN-CHAN HSIEH,Student in an Organized Health Care Education/Training Program,CT,Danbury,6408,1206,11748.01333333,570.657643026599
avg_cost_per_claim,1609840636,ERIC WHITMAN,Surgery Physician,NJ,Morristown,811,302,4949.40964789,564.782871926298
avg_cost_per_claim,1528071289,JUAN ARNOLETTI,Surgical Oncology Physician,FL,Orlando,105,49,3765.03384615,562.961341591924
avg_cost_per_claim,1972035129,DOVID RIBAKOW,Physician Assistant,OH,Cleveland,4893,2451,5944.50687356,560.246399903654
avg_cost_per_claim,1679928584,SHERIF ELHOSSEINY,Student in an Organized Health Care Education/Training Program,NJ,Toms River,9394,1066,14077.17933333,557.532380516605
avg_cost_per_claim,1952666851,DANIEL GOLDSTEIN,Medical Physician Assistant,MD,Bethesda,896,412,15072.06461538,557.338944230768
avg_cost_per_claim,1427348549,IRMAN FORGHANI,Internal Medicine Physician,FL,Miami,11073,7271,29982.57200000,556.890580128771
avg_cost_per_claim,1942629001,JOSE CRUZ,Emergency Medicine Physician,TX,Edinburg,4378,2334,1847.58033058,555.189154362803
avg_cost_per_claim,1609800267,BRENDA WONG,Neurology with Special Qualifications in Child Neurology Physician,MA,Worcester,104,39,53878.45650794,555.181007995671
avg_cost_per_claim,1174553580,BRUCE COHEN,Neurological Surgery Physician,IL,Chicago,336,96,2927.17857360,549.844994993114
avg_cost_per_claim,1063726206,SHAUN XIAO,Emergency Medicine Physician,LA,Slidell,952,558,1669.61959079,548.732627736834
avg_cost_per_claim,1083727770,NESHIA RUDD,Optometrist,TX,Tyler,4751,1672,54474.09909091,546.681317550581
avg_cost_per_claim,1164460234,JOHN WEBBER,Surgery Physician,MI,Commerce Township,1509,666,4959.50030303,546.258785005964
avg_cost_per_claim,1952367815,LAURA KOTH,Internal Medicine Physician,CA,San Francisco,20021,12594,35668.35270833,546.001158339212
avg_cost_per_claim,1720010507,SHIELA HAFFAR,Emergency Medicine Physician,TX,Mesquite,4378,2334,1816.63113790,545.848494941740
avg_cost_per_claim,1255444071,JEFFREY PLATT,Surgery Physician,FL,Davie,2075,914,3667.52188235,544.519931762946
avg_cost_per_claim,1366443376,KRISTEN BELANGER,Emergency Medicine Physician,OH,Batavia,2616,1447,1636.45538462,543.275285346889
avg_cost_per_claim,1780930578,CHING-LAN SHIH,General Practice Dentistry,TX,Houston,9658,4491,611.94000000,541.434738540020
avg_cost_per_claim,1164543252,JULIA CHARLES,Emergency Medicine Physician,MA,Boston,1735,721,3067.81715596,540.584667021058
avg_cost_per_claim,1215597794,YASH AGRAWAL,Student in an Organized Health Care Education/Training Program,NC,Chapel Hill,9187,2081,10545.39636364,536.984826791203
avg_cost_per_claim,1194731034,MICHAEL CONTE,Physician Assistant,CA,Stanford,13480,6439,11132.56625000,536.470383477738
avg_cost_per_claim,1679970271,ELIZABETH HARDING,Physician Assistant,SC,Charleston,2219,1078,11289.90995694,536.259776060102
avg_cost_per_claim,1831200245,HECTOR DEPAZ,Surgery Physician,NY,New York,2171,656,6014.06987805,535.373521834955
avg_cost_per_claim,1467190454,KAILA NIEHAUS,Nurse Practitioner,OH,Cincinnati,3759,1714,29381.33027397,534.991213275784
avg_cost_per_claim,1184959769,MARC SOLOMON,Student in an Organized Health Care Education/Training Program,CA,San Francisco,48939,6099,14290.91000000,532.825807714084
avg_cost_per_claim,1124559810,CANER SAYGIN,Student in an Organized Health Care Education/Training Program,IL,Chicago,10607,1520,10104.43716049,527.404613592699
avg_cost_per_claim,1659766152,LOREN RABINOWITZ,Student in an Organized Health Care Education/Training Program,MA,Boston,14128,1958,12323.52000000,527.131398972588
avg_cost_per_claim,1184019424,ALEXANDRA LIVANOS,Student in an Organized Health Care Education/Training Program,NY,New York,43482,6379,11351.09625000,522.351316440111
avg_cost_per_claim,1811934490,STEPHEN BRADDOCK,Pediatrics Physician,MO,St. Louis,2069,102,33676.72153846,522.183188637323
avg_cost_per_claim,1194157701,SARITA DHIRAPRASIDDHI,Physician Assistant,OH,Marietta,4893,2451,5541.33191667,522.171410932647
avg_cost_per_claim,1346330560,FREDRIC ROSEN,General Practice Dentistry,CT,New Haven,1614,817,659.61000000,519.091919047471
avg_cost_per_claim,1538169180,ARTHUR FALK,Otolaryngology Physician,NY,Albany,717,459,5799.46558824,516.430733928778
avg_cost_per_claim,1447257977,PAUL DAVIS,General Practice Dentistry,TX,Bedford,9658,4491,581.19000000,514.068443935023
avg_cost_per_claim,1225526874,GRANT PICKETT,Internal Medicine Physician,TX,Houston,10894,6960,42530.43000000,513.609664473194
avg_cost_per_claim,1629598248,YUYAO SUN,Student in an Organized Health Care Education/Training Program,KY,Lexington,4670,680,9557.79000000,512.334803853706
avg_cost_per_claim,1770653784,KELLY DALE,Nurse Practitioner,WA,Marysville,2078,934,25791.34000000,512.066112365912
avg_cost_per_claim,1326475633,LISA JENIKE,Family Nurse Practitioner,MA,Springfield,4098,1829,25624.83183206,509.528990194504
avg_cost_per_claim,1093412470,AUDREY INGLIS,Physician Assistant,CA,Santa Clara,13480,6439,10569.35308824,509.278623705859
avg_cost_per_claim,1487881066,JOHN GORDAN,Student in an Organized Health Care Education/Training Program,CA,San Bruno,48939,6099,13659.48068966,509.240933907635
avg_cost_per_claim,1295909034,JEFFREY CLARKE,Student in an Organized Health Care Education/Training Program,NC,Durham,9187,2081,9875.24784173,502.805929270570
avg_cost_per_claim,1619461381,BETH KULOW,Nurse Practitioner,OH,Hilliard,3759,1714,27553.43705882,501.655703088495
avg_cost_per_claim,1679597447,VAGMIN VORA,Orthopaedic Surgery Physician,PA,Hummelstown,1232,676,2140.61583333,500.928791880371
avg_cost_per_claim,1518047943,FERNANDO SCAGLIA,Pediatrics Physician,TX,Houston,6047,225,38020.33578947,500.579993716009
avg_cost_per_claim,1245448737,ELIZABETH LYERLY,Physician Assistant,NC,Winston-Salem,8094,4399,14629.43954545,499.212678827519
avg_cost_per_claim,1154515963,DIVYA VATS,Student in an Organized Health Care Education/Training Program,CA,Los Angeles,48939,6099,13386.41755814,499.041598221704
avg_cost_per_claim,1851088561,CHASITY SULLIVAN,Family Medicine Physician,AR,Fort Smith,1538,1140,16663.97200000,498.966439700964
avg_cost_per_claim,1932526977,LISA DOMARADZKI,Student in an Organized Health Care Education/Training Program,FL,Miami,19042,2682,8306.91684211,498.825281164011
avg_cost_per_claim,1730307299,NICOLE CHENG,Physician Assistant,GA,Atlanta,4310,1754,8758.68323864,497.894365250996
avg_cost_per_claim,1588032304,AEKTA VASAVADA,Pharmacist,WA,Seattle,7946,2493,15261.29580000,492.279177693660
avg_cost_per_claim,1669652996,WALTER SONG,Orthopaedic Surgery Physician,NV,Las Vegas,206,125,1819.77612903,489.566411007817
avg_cost_per_claim,1619907714,JASON FARLEY,Emergency Medicine Physician,MD,Baltimore,1124,456,1940.96040000,487.007157042020
avg_cost_per_claim,1932487451,ROBERT HIRTEN,Student in an Organized Health Care Education/Training Program,NY,New York,43482,6379,10572.82636364,486.477705875878
avg_cost_per_claim,1922234863,ANIMESH JAIN,Student in an Organized Health Care Education/Training Program,NY,New York,43482,6379,10551.95473538,485.515648012452
avg_cost_per_claim,1801386149,GINA HABEEB,Surgical Physician Assistant,CA,Riverside,979,501,3686.69480769,485.154271029350
avg_cost_per_claim,1568498855,BARISH EDIL,Surgery Physician,CO,Aurora,633,257,2444.06456140,482.525717430251
avg_cost_per_claim,1346324761,DOUGLAS JONES,Internal Medicine Physician,UT,Layton,975,512,43734.29582781,482.366498012915
avg_cost_per_claim,1619300241,DAVID ZHU,Surgery Physician,GA,Macon,1011,552,3062.24271429,478.555171405273
avg_cost_per_claim,1679860316,ANDREW SINGER,Student in an Organized Health Care Education/Training Program,MI,Ann Arbor,10231,2109,7847.32833333,475.710712595150
avg_cost_per_claim,1881802494,LYNN JOHNSON,General Practice Dentistry,UT,Magna,1305,690,587.92083333,475.028361433868
avg_cost_per_claim,1376723619,JAIME VENGOECHEA BARRIOS,Internal Medicine Physician,GA,Atlanta,4544,2922,34009.20148148,475.005478096379
avg_cost_per_claim,1023375391,KATHRYN BECKERMANN,Student in an Organized Health Care Education/Training Program,TN,Franklin,5929,978,8251.90994536,474.424309305308
avg_cost_per_claim,1396054847,LAUREN VAVROCH,Physician Assistant,MO,Kansas City,1667,783,6398.01000000,473.983841047221
avg_cost_per_claim,1932360245,JUDITH WEISENBERG,Pediatrics Physician,MO,Saint Louis,2069,102,30456.11586207,472.166032935282
avg_cost_per_claim,1194084053,NEIL SHAH,Student in an Organized Health Care Education/Training Program,DC,Washington,3063,403,9752.49852843,471.777980363285
avg_cost_per_claim,1598982449,JAMES SIMPSON,General Practice Dentistry,IL,Carbondale,5100,2357,619.69833333,471.340276944807
avg_cost_per_claim,1740577022,ROBERT SIMON,Surgery Physician,MI,Royal Oak,1509,666,4274.17642857,470.651978714681
avg_cost_per_claim,1063809713,DAVID MOFFAT,Surgery Physician,SC,Columbia,690,337,3161.89046154,467.555431417232
avg_cost_per_claim,1366538282,AMY HARTSFIELD,Dentist,AL,Homewood,820,469,485.44347826,465.668549692614
avg_cost_per_claim,1912087354,MARWAN SHINAWI,Pediatrics Physician,MO,Saint Louis,2069,102,30016.70000000,465.341747754323
avg_cost_per_claim,1588993505,SHAE WILLIAMS,Podiatrist,TX,Houston,580,330,4756.45320000,463.659652937877
avg_cost_per_claim,1962885301,MIRIAM FOX,Physician Assistant,NJ,West Orange,3178,1430,5366.50000000,460.439619776652
avg_cost_per_claim,1538317128,ROMA PATEL,Physician Assistant,TX,Austin,10016,4190,15387.02750000,460.400636526385
avg_cost_per_claim,1174755763,RACHELLE OLSEN,Physician Assistant,CA,Los Angeles,13480,6439,9553.29351399,460.223577175011
avg_cost_per_claim,1861707515,ERIC SCHROEDER,Gynecologic Oncology Physician,FL,Miami,101,63,16133.92000000,457.393041335536
avg_cost_per_claim,1386089001,WILLIAM SONNIER,Student in an Organized Health Care Education/Training Program,AL,Mobile,5675,762,8328.96432432,456.134959531753
avg_cost_per_claim,1366014839,ANTHONY KAO,Family Nurse Practitioner,CA,Los Angeles,15168,5614,21383.37777778,455.722303935521
avg_cost_per_claim,1871704858,MARIA RIVAS-BONDAVALLI,Student in an Organized Health Care Education/Training Program,FL,Miami,19042,2682,7589.78666667,455.682860843989
avg_cost_per_claim,1639224587,YELENA VAYSMAN,General Practice Dentistry,NY,Brooklyn,7467,3398,638.32000000,455.679343453763
avg_cost_per_claim,1437700481,JISELA GUARDIA,Physician Assistant,FL,Kissimmee,9503,4279,8884.67125000,455.618280854144
avg_cost_per_claim,1578744264,STACEY BERRIOS,Physician Assistant,FL,Miami,9503,4279,8860.04198347,454.352498788541
avg_cost_per_claim,1821171075,STEPHANIE DEARMEY,Pediatrics Physician,NC,Durham,2420,156,32314.86000000,448.547484084316
avg_cost_per_claim,1356805626,HEATHER FREE,Surgical Physician Assistant,CO,Aurora,535,294,3119.31059072,447.408955532462
avg_cost_per_claim,1841652948,WILLIAM MAZALEWSKI,Emergency Medicine Physician,FL,Sarasota,3563,2068,1270.56235294,447.298105508727
avg_cost_per_claim,1710230172,TIMOTHY BOOMER,Surgical Physician Assistant,TX,Lubbock,1170,307,3446.94647059,445.835694477455
avg_cost_per_claim,1952416422,THOMAS MOORE,Orthopaedic Surgery Physician,CO,Basalt,549,274,1575.70000000,445.201089185967
avg_cost_per_claim,1316365471,SHAZIA NAKHODA,Student in an Organized Health Care Education/Training Program,PA,Philadelphia,14928,2712,9598.67556962,444.274728537305
avg_cost_per_claim,1891938619,FAHMIDA KHATOON,Physician Assistant,IL,Chicago,4437,2180,7488.94285714,443.507779203110
avg_cost_per_claim,1396908398,AMIR FATHI,Surgery Physician,CA,Fresno,3327,1378,2695.51650000,443.212281864412
avg_cost_per_claim,1598073470,MARY COOK,Nurse Practitioner,VA,Charlottesville,1652,705,26834.89791667,442.348419284977
avg_cost_per_claim,1235687955,DENA MATHEW,Physician Assistant,NY,New Hyde Park,14666,6059,10487.93981982,441.707320420923
avg_cost_per_claim,1063904316,STEPHEN COX,Student in an Organized Health Care Education/Training Program,WV,Princeton,2295,532,10458.48391304,439.446118019098
avg_cost_per_claim,1376578377,ROBERT CAMERON,Thoracic Surgery (Cardiothoracic Vascular Surgery) Physician,CA,Los Angeles,514,87,4347.79941176,435.996994972389
avg_cost_per_claim,1689690406,MARK TALAMONTI,Surgery Physician,IL,Evanston,1531,557,3358.79536000,435.711657878929
avg_cost_per_claim,1962461335,JENNIFER EILE,Pediatric Nurse Practitioner,MA,Boston,1145,36,52302.51533333,433.110752270659
avg_cost_per_claim,1265465850,RICHARD SCHULICK,Surgery Physician,CO,Aurora,633,257,2184.66166667,431.180925536354
avg_cost_per_claim,1811120850,XIULI WU,Surgical Physician Assistant,CA,Sacramento,979,501,3263.26306250,429.255236663432
avg_cost_per_claim,1669888558,JENNIFER CHANG,Physician Assistant,IL,Chicago,4437,2180,7243.95550847,428.966130017933
avg_cost_per_claim,1467413658,ADRIAN O'HAGAN,Pediatrics Physician,KY,Louisville,973,104,16229.00976331,427.991289939186
avg_cost_per_claim,1275553695,PAUL FERRARO,Surgery Physician,OH,Cuyahoga Falls,1317,648,4352.98770440,427.076192980789
avg_cost_per_claim,1811007263,PATRICIA MULLER,Surgical Physician Assistant,MD,Baltimore,362,140,2977.96785714,426.008677392607
avg_cost_per_claim,1275857807,REBECCA CAGNINA,Internal Medicine Physician,MA,Boston,7812,4337,28191.34777778,425.653112033369
avg_cost_per_claim,1588795801,HA LE,General Practice Dentistry,CA,San Jose,17486,6449,640.91538462,424.776567952257
avg_cost_per_claim,1518252576,MICHELLE YU,Internal Medicine Physician,CA,San Francisco,20021,12594,27718.14846154,424.074816826046
avg_cost_per_claim,1033363528,CAITLIN PHELPS JESSEL,Physician Assistant,NH,Rochester,874,495,4981.12687023,423.970222362671
avg_cost_per_claim,1295028611,MATTHEW OLIVER,Obstetrics & Gynecology Physician,RI,Providence,202,100,23812.70916667,423.660956864091
avg_cost_per_claim,1417206509,CASANDRA AREVALO-MARCANO,Pediatrics Physician,WV,Morgantown,294,35,28200.67000000,423.070580756286
avg_cost_per_claim,1730477209,ROBERT PATY,Emergency Medicine Physician,NY,Brooklyn,4319,1795,2150.41320000,422.952611556576
avg_cost_per_claim,1902457310,SRUTHI HARIPRASAD,Physician Assistant,WA,Seattle,3453,1782,10315.45824561,422.117233809041
avg_cost_per_claim,1851329197,AVERY JACKSON,Neurological Surgery Physician,MI,Grand Blanc,264,108,2214.45488930,422.104911841873
avg_cost_per_claim,1053955138,ANDRES GOMEZ AUNCA,Physician Assistant,FL,Sarasota,9503,4279,8219.74592593,421.445499088693
avg_cost_per_claim,1518518984,ANDRE FERNANDEZ,Physician Assistant,FL,Jacksonville,9503,4279,8216.08084945,421.257138299638
avg_cost_per_claim,1558375717,TARA KENT,Surgery Physician,MA,Needham,1091,313,2974.02382353,421.244032973770
avg_cost_per_claim,1326166257,NIRMAL KAUR,Student in an Organized Health Care Education/Training Program,MI,Detroit,10231,2109,6943.72833111,420.831917685197
avg_cost_per_claim,1154522910,MICHAEL CHANG,Orthopaedic Surgery of the Spine Physician,AZ,Mesa,50,35,1164.50559140,420.583506759445
avg_cost_per_claim,1780025056,JORDAN ROBINSON,Physician Assistant,NC,Charlotte,8094,4399,12320.23056828,420.276879024293
avg_cost_per_claim,1477736163,STEPHANIE OFFORD,Family Nurse Practitioner,WI,Milwaukee,2574,1282,20314.19400000,419.384647567124
avg_cost_per_claim,1669602710,SANDEEP SAHAY,Student in an Organized Health Care Education/Training Program,TX,Houston,22576,2979,9484.80226251,418.139070184497
avg_cost_per_claim,1942891825,CHRISTINA GAST,Family Nurse Practitioner,OH,Cleveland,8623,4854,19435.86623656,417.750270573321
avg_cost_per_claim,1407263676,JOO MI MOK,Family Nurse Practitioner,CA,Los Angeles,15168,5614,19588.17600000,417.386515918686
avg_cost_per_claim,1598287401,ANUJA THATTE,Physician Assistant,DE,Newark,637,292,5524.61070615,417.209564605261
avg_cost_per_claim,1104322866,REBECCA KRC,Radiation Oncology Physician,VA,Richmond,124,61,2786.07000000,415.463593881471
avg_cost_per_claim,1811987407,VICKI ALLEN,Physician Assistant,SC,Charleston,2219,1078,8737.42629559,414.810894205057
avg_cost_per_claim,1568605707,EDWARD BARNES,Student in an Organized Health Care Education/Training Program,NC,Chapel Hill,9187,2081,8123.65645923,413.471311043162
avg_cost_per_claim,1710432661,KALSOOM HUSSAIN,Pharmacist,WA,Seattle,7946,2493,12825.35441667,412.305779854840
avg_cost_per_claim,1326066671,SCOTT PEAK,Neurological Surgery Physician,CA,Redwood City,872,225,2721.52400474,411.634733046502
avg_cost_per_claim,1447233101,KIMBERLY CELOTTO,Physician Assistant,NY,Buffalo,14666,6059,9773.53111111,411.560999200232
avg_cost_per_claim,1295354066,MINGEN LIU,Student in an Organized Health Care Education/Training Program,PA,Philadelphia,14928,2712,8886.48521739,411.248539166391
avg_cost_per_claim,1659795383,MARY ANDERSON,Physician Assistant,OH,Lima,4893,2451,4365.36923077,411.115985661839
avg_cost_per_claim,1932108008,STEPHEN KING,Radiation Oncology Physician,NC,Pinehurst,199,97,2926.58540984,410.790101331023
avg_cost_per_claim,1669483665,BRIAN FINGADO,Orthopaedic Surgery Physician,FL,Ft Lauderdale,1483,890,1948.87980000,410.167632286474
avg_cost_per_claim,1972846202,KRISTINA MONTEMAYOR,Internal Medicine Physician,MD,Baltimore,4192,2372,27802.72038961,410.083167699963
avg_cost_per_claim,1548299332,RICHARD MANRIQUE,Emergency Medicine Physician,GA,Woodstock,1614,896,1135.89160000,409.935465538102
avg_cost_per_claim,1316046428,ALLEN SCHLEIN,Orthopaedic Surgery Physician,CT,Bridgeport,374,212,1586.24366667,409.644199595294
avg_cost_per_claim,1932561081,MEGHAN THOMPSON,Student in an Organized Health Care Education/Training Program,NY,New York,43482,6379,8896.10738739,409.190938606782
avg_cost_per_claim,1780618355,MELISA WILSON,Acute Care Nurse Practitioner,FL,Orlando,1862,464,18440.55775510,408.672024446545
avg_cost_per_claim,1265688493,BRANDI REEVES,Student in an Organized Health Care Education/Training Program,NC,Chapel Hill,9187,2081,8024.40413043,408.409246345816
avg_cost_per_claim,1851355283,UMA MAHADEVAN,Internal Medicine Physician,CA,San Francisco,20021,12594,26606.22129032,407.022020720753
avg_cost_per_claim,1972649812,JENNIFER DILUNGO,Emergency Medicine Physician,CT,North Haven,742,364,1386.98693878,405.893512633575
avg_cost_per_claim,1033360946,JEFFREY LEVINE,Student in an Organized Health Care Education/Training Program,MD,Bethesda,7249,977,7442.53273839,405.561604131157
avg_cost_per_claim,1649482662,LEONARD GRAY,Plastic and Reconstructive Surgery Physician,CA,San Francisco,302,88,1327.94909091,405.399867552645
avg_cost_per_claim,1689839987,LINDA YOON,Pharmacist,CA,Lancaster,32442,4634,19124.44303797,403.217234256706
avg_cost_per_claim,1043284219,KHAN NEDD,Internal Medicine Physician,MI,Grand Rapids,6483,4051,32057.21769231,402.624154507813
avg_cost_per_claim,1457024762,KRISTAL MADDEN,Physician Assistant,CA,Encino,13480,6439,8358.34780000,402.531962345353
avg_cost_per_claim,1487612099,SHERILYN BRINKLEY,Nurse Practitioner,MD,Baltimore,1236,462,25778.19600000,402.456484817526
avg_cost_per_claim,1639372766,ABDULRAHEEM YACOUB,Student in an Organized Health Care Education/Training Program,KS,Westwood,1361,256,8275.80045802,401.812664303769
avg_cost_per_claim,1396713889,TROY GATCLIFFE,Gynecology Physician,FL,Miami,373,169,17635.33500000,401.753034199013
avg_cost_per_claim,1205831906,JEROME SUGAR,Otolaryngology Physician,FL,Jacksonville,616,394,3913.55000000,401.528524273213
avg_cost_per_claim,1730492216,RACHEL WINTER,Student in an Organized Health Care Education/Training Program,MA,Boston,14128,1958,9389.89828326,401.454160589231
avg_cost_per_claim,1831403211,HIND AL SAIF,Pediatrics Physician,CA,San Francisco,9941,389,25656.03615385,400.671570558772
avg_cost_per_claim,1467518266,MARCUS TAN,Surgery Physician,TN,Nashville,705,353,3222.27400000,400.192586683862
avg_cost_per_claim,1114030707,INGO MELLINGHOFF,Internal Medicine Physician,NY,New York,13573,7967,33699.45857143,398.984568098248
avg_cost_per_claim,1306316054,KATHRYN BENET,Physician Assistant,TX,Grapevine,10016,4190,13309.37785714,398.117804962582
avg_cost_per_claim,1639571391,SARAH JIAN,Physician Assistant,TX,Dallas,10016,4190,13278.43813793,397.190308198722
avg_cost_per_claim,1356326078,PATRYCJA HOFFMANN,Family Nurse Practitioner,MD,Bethesda,3864,1695,19174.37916667,396.684891950470
avg_cost_per_claim,1043452766,STEFANIE KRICK,Internal Medicine Physician,AL,Birmingham,1814,1192,22254.47640000,395.787497468698
avg_cost_per_claim,1558487058,GRACE MONTELEONE,Surgical Physician Assistant,NY,Mineola,2074,912,2858.83390785,393.972847296689
avg_cost_per_claim,1063427532,RAJEEV BAIS,Emergency Medicine Physician,NC,Durham,1837,980,1148.99514630,393.487734176021
avg_cost_per_claim,1891772125,DARIUSH SAGHAFI,General Practice Physician,OH,Parma,301,81,19908.00000000,393.161136510669
avg_cost_per_claim,1144462441,JOHN ALLAN,Student in an Organized Health Care Education/Training Program,NY,New York,43482,6379,8537.21839623,392.648291730286
avg_cost_per_claim,1790832517,GUIDO SCLABAS,Surgery Physician,OK,Tulsa,393,218,4078.12464000,392.311141729366
avg_cost_per_claim,1447781018,STEFANIE YOON,Family Nurse Practitioner,TN,Johnson City,7875,4082,21019.13500000,391.986614164134
avg_cost_per_claim,1295749422,JOHN BACH,Physical Medicine & Rehabilitation Physician,NJ,Newark,598,230,10352.80833333,391.879855265915
avg_cost_per_claim,1700363892,ZAID AL-SAHELI,Student in an Organized Health Care Education/Training Program,MI,Detroit,10231,2109,6460.09893939,391.459409788539
avg_cost_per_claim,1073074910,KULDIP SINGH,Student in an Organized Health Care Education/Training Program,NJ,New Brunswick,9394,1066,9877.61275362,390.960880013463
avg_cost_per_claim,1457697567,ARA MIRALLES,Adult Health Nurse Practitioner,MA,Boston,1416,637,27647.73709677,390.191664054054
avg_cost_per_claim,1598178378,ANTHONY CHIARAVALLOTI,MOHS-Micrographic Surgery Physician,NY,East Syracuse,52,47,7219.82387097,389.428255893853
avg_cost_per_claim,1003112434,YANA NAJJAR,Student in an Organized Health Care Education/Training Program,DC,Washington,3063,403,8048.54592593,389.182583841195
avg_cost_per_claim,1972008514,HUIAM MUBARAK,Student in an Organized Health Care Education/Training Program,AZ,Phoenix,4509,785,8833.27000000,389.143987624045
avg_cost_per_claim,1538278106,WILLIAM MCCONAHEY,Emergency Medicine Physician,VA,Kilmarnock,1564,768,1328.80727273,388.950206909138
avg_cost_per_claim,1316155781,REBECCA BROOKS,Gynecologic Oncology Physician,CA,Sacramento,137,75,18093.79807692,388.187533624639
avg_cost_per_claim,1689187387,ABIGAIL HUNTER,Family Nurse Practitioner,NY,Brooklyn,12607,4880,26079.19000000,388.109868877092
avg_cost_per_claim,1174797344,JOSHUA ZEIDNER,Student in an Organized Health Care Education/Training Program,NC,Chapel Hill,9187,2081,7620.81259574,387.825281368845
avg_cost_per_claim,1023192184,DWIGHT KOEBERL,Pediatrics Physician,NC,Durham,2420,156,27878.75037736,386.830924828986
avg_cost_per_claim,1093135998,IRIS HARTLEY,"Endocrinology, Diabetes & Metabolism Physician",MD,Bethesda,246,151,70490.56000000,385.174916760511
avg_cost_per_claim,1851773618,HASSAAN YASIN,Student in an Organized Health Care Education/Training Program,KY,Louisville,4670,680,7189.06754386,385.142383632959
avg_cost_per_claim,1871944363,HIMANSHU DESHWAL,Student in an Organized Health Care Education/Training Program,WV,Morgantown,2295,532,9153.53010471,384.511996343871
avg_cost_per_claim,1053502484,AMEL KARAA,Internal Medicine Physician,MA,Boston,7812,4337,25465.84705128,384.391070717333
avg_cost_per_claim,1144245747,JOSEPH LANE,Orthopaedic Surgery Physician,NY,New York,1424,761,1892.72495556,384.282140357193
avg_cost_per_claim,1164764551,GERALD LEVINSON,Diagnostic Radiology Physician,CA,Capistrano Beach,4044,108,4131.66181818,383.935873451352
avg_cost_per_claim,1184277642,PAWINA SUBEDI,Student in an Organized Health Care Education/Training Program,IA,Waterloo,1279,262,7141.30214286,383.439368824266
avg_cost_per_claim,1245310705,YOKASTA GARCIA,Physician Assistant,NY,Bronx,14666,6059,9092.64539535,382.829267277556
avg_cost_per_claim,1861662975,MARGOT MARRERO-STEIN,Pediatric Nurse Practitioner,NY,Valhalla,1540,38,30335.18047619,382.414854615518
avg_cost_per_claim,1215390687,NIKESH SHAH,Student in an Organized Health Care Education/Training Program,FL,Tampa,19042,2682,6349.82909091,381.087239652047
avg_cost_per_claim,1144883927,AUSTIN DOVE,Radiation Oncology Physician,TN,Chattanooga,113,54,2624.77285714,380.937067872040
avg_cost_per_claim,1609205327,MICHELLE HAYES,Acute Care Nurse Practitioner,MA,Marlborough,548,210,15989.20000000,379.760712432030
avg_cost_per_claim,1427270313,OZLEM GOKER-ALPAN,Pediatrics Physician,VA,Fairfax,2012,61,22174.92333333,379.392449934106
avg_cost_per_claim,1972804656,SANDRA NICKS,Acute Care Nurse Practitioner,MO,Washington,413,119,5559.02407767,379.254749467284
avg_cost_per_claim,1831448760,JUSTINA KIERNAN,Physician Assistant,NY,New York,14666,6059,8995.51041667,378.730405892817
avg_cost_per_claim,1043339757,ALYSSA LYNCH,Physician Assistant,NJ,Mountain Lakes,3178,1430,4415.00632632,378.611645272543
avg_cost_per_claim,1477013548,CAMILO ACOSTA,Student in an Organized Health Care Education/Training Program,FL,Miami,19042,2682,6308.03296296,378.572792231589
avg_cost_per_claim,1881638955,GARRETT BOMBA,Emergency Medicine Physician,NH,New London,342,161,1262.82705234,377.900580233093
avg_cost_per_claim,1538118542,ADA HAMOSH,Pediatrics Physician,MD,Baltimore,1945,65,29676.76866667,377.765751492539
avg_cost_per_claim,1992738967,GUS KRUCKE,Emergency Medicine Physician,GA,Gainesville,1614,896,1043.40210909,376.350333762537
avg_cost_per_claim,1831478221,KIMBERLY NELSON,Physician Assistant,CA,San Francisco,13480,6439,7814.39440789,376.270058381439
avg_cost_per_claim,1740227347,GYULA ACSADI,Pediatrics Physician,MI,Detroit,2506,209,25877.61000000,375.734585624500
avg_cost_per_claim,1427437789,RYAN CASTORO,Physical Medicine & Rehabilitation Physician,MO,Columbia,267,107,6897.68822581,375.375185173959
avg_cost_per_claim,1871576900,ESTHER TORRES,Gastroenterology Physician,PR,San Juan,148,122,11840.37628889,375.009471868450
avg_cost_per_claim,1285862805,QIAO GUO,Dentist,NY,Brooklyn,5749,2367,528.76117647,374.908476281504
avg_cost_per_claim,1972095255,NICHOLAS CIMINERA,Acute Care Nurse Practitioner,PA,Abington,1225,443,22332.29000000,374.804198639395
avg_cost_per_claim,1285292060,VENUS BALAOING,Acute Care Nurse Practitioner,NJ,Neptune,829,252,16318.62923077,374.575760010675
avg_cost_per_claim,1457632697,ROSE CHRISTENSEN,Surgical Physician Assistant,CO,Denver,535,294,2598.10224719,372.425315839018
avg_cost_per_claim,1992020457,KATHERINE SCILLA,Student in an Organized Health Care Education/Training Program,MD,Baltimore,7249,977,6817.93644737,371.449922769466
avg_cost_per_claim,1326084682,VIJAY MOHAN,Emergency Medicine Physician,CA,Tehachapi,6975,3707,1284.10909091,371.097225106907
avg_cost_per_claim,1053348060,SARAH WISE,Otolaryngology Physician,GA,Atlanta,349,234,3897.03000000,370.502697564144
avg_cost_per_claim,1932596475,AMBER KOEHLER,Physician Assistant,MN,Rochester,3595,1982,8455.27469925,370.217993924151
avg_cost_per_claim,1790177814,AAMIR KHAN,Surgery Physician,VA,Richmond,917,377,2366.86593750,369.862321301690
avg_cost_per_claim,1194771873,BRIAN GELB,Emergency Medical Services (Emergency Medicine) Physician,MI,Alpena,431,171,921.44442051,369.530278478062
avg_cost_per_claim,1093774804,MILEN VELINOV,Pediatrics Physician,NJ,New Brunswick,2215,106,19089.00500000,368.606708364007
avg_cost_per_claim,1598919243,NIRAJ MEHTA,Radiation Oncology Physician,FL,Pembroke Pines,461,255,3613.64251429,368.524419157896
avg_cost_per_claim,1124540414,EMILY YARMAN,Physician Assistant,IN,Indianapolis,2256,1156,3369.08323993,368.391006907968
avg_cost_per_claim,1558386896,MARGARITA MUNIZ,Emergency Medicine Physician,TX,Corpus Christi,4378,2334,1227.37636364,368.007728124097
avg_cost_per_claim,1982658225,PAUL BLOOMSTON,Surgical Oncology Physician,FL,Fort Myers,105,49,2463.43295858,367.967313902356
avg_cost_per_claim,1750637930,ASHLEY DAY,Physician Assistant,NJ,Morristown,3178,1430,4290.48564831,367.902929968080
avg_cost_per_claim,1184874646,ANNE KUKRAL,Medical Physician Assistant,NY,New York,3812,1771,20969.20257576,367.480164797669
avg_cost_per_claim,1518342856,BORIS KAYLAKOV,Dentist,NY,Rego Park,5749,2367,518.17660028,367.342747635615
avg_cost_per_claim,1841949443,SABIKA SADIQ,Student in an Organized Health Care Education/Training Program,FL,Miami,19042,2682,6103.23437500,366.252146600834
avg_cost_per_claim,1982697371,JOHN LAMOND,Radiation Oncology Physician,PA,Upland,321,155,2563.14000000,366.240842849801
avg_cost_per_claim,1821591074,ANDREA KAY,Nurse Practitioner,FL,Hollywood,8352,3159,19738.67400000,366.040798630155
avg_cost_per_claim,1457660243,LISA MENDELSON,Adult Health Nurse Practitioner,MA,Boston,1416,637,25910.58909091,365.618186043556
avg_cost_per_claim,1396057485,IAN LUND,Physician Assistant,NY,Buffalo,14666,6059,8654.12961538,364.324960986010
avg_cost_per_claim,1144315763,TERESA HOFFMANN,Family Nurse Practitioner,MO,Lees Summit,4793,2563,16408.03193548,363.896322461493
avg_cost_per_claim,1942776406,SARA ABRAMOVITZ,Physician Assistant,IL,Chicago,4437,2180,6145.77701493,363.781839961897
avg_cost_per_claim,1982863502,HOOMAN POOR,Student in an Organized Health Care Education/Training Program,NY,New York,43482,6379,7907.23649942,363.609875077191
avg_cost_per_claim,1619904885,JOANNE CULLINA,Nurse Practitioner,IL,Chicago,3908,1879,15064.81694268,361.361259651238
avg_cost_per_claim,1417915067,CHRISTIAN SCHMIDT,Surgery Physician,IN,Indianapolis,634,338,2116.65720000,359.043197967630
avg_cost_per_claim,1235634254,JENNIFER CLAYTOR,Student in an Organized Health Care Education/Training Program,CA,San Francisco,48939,6099,9636.29750000,358.968739895499
avg_cost_per_claim,1295771665,IVETTE ESPINOSA-FERNANDEZ,Emergency Medicine Physician,FL,South Miami,3563,2068,1020.16090909,358.648265579978
avg_cost_per_claim,1447684535,CHANAN STAUFFER,Adult Health Nurse Practitioner,NY,New York,5448,2232,32386.50191781,358.205867848701
avg_cost_per_claim,1023542727,ANAHAT KAUR,Student in an Organized Health Care Education/Training Program,MO,Kansas City,4278,705,5867.55000000,357.472465700419
avg_cost_per_claim,1174272843,KRISTINA SLEMMER,Physician Assistant,NY,Buffalo,14666,6059,8481.23270968,357.029129351052
avg_cost_per_claim,1548263502,STEVEN BENDER,Dentist,TX,Dallas,6759,2940,384.40772727,356.895586800416
avg_cost_per_claim,1427673342,CHRISTA JACKOWICZ,Physician Assistant,IL,Chicago,4437,2180,6008.45367424,355.630774790200
avg_cost_per_claim,1689891822,JAIME HARPER,Emergency Medicine Physician,IL,Chicago,2986,1493,1157.16368421,355.552124108965
avg_cost_per_claim,1881897361,EDWARD SMITH,Pediatrics Physician,NC,Durham,2420,156,25610.32833333,355.271920339562
avg_cost_per_claim,1013030899,SUSIE LEE,Family Nurse Practitioner,CA,Los Angeles,15168,5614,16675.56156522,355.188844922294
avg_cost_per_claim,1689037202,ANATOLY NIKOLAEV,Radiation Oncology Physician,FL,Vero Beach,461,255,3482.12608247,355.041673340543
avg_cost_per_claim,1033349170,BRIGITTE LOVELL,Dentist,CA,Ojai,14647,5237,517.76274611,353.805967906646
avg_cost_per_claim,1265494769,CHRISTOPHER LINCOSKI,Orthopaedic Surgery Physician,PA,State College,1232,676,1511.72770642,353.244685286024
avg_cost_per_claim,1376690305,LESLIE RUDOLPH,Physician Assistant,NY,New York,14666,6059,8390.99754400,353.221423402306
avg_cost_per_claim,1316194020,MAUREEN THYNE,Physician Assistant,NY,New York,14666,6059,8383.93315152,352.923323109945
avg_cost_per_claim,1033606686,EMILY WILLIAMS,Surgical Physician Assistant,CO,Aurora,535,294,2461.85811688,352.824553678687
avg_cost_per_claim,1881014306,STEVEN BAIR,Student in an Organized Health Care Education/Training Program,CO,Aurora,5362,865,8309.43372549,349.889853957853
avg_cost_per_claim,1841573169,KATE SORTUN,Family Nurse Practitioner,WA,Seattle,3093,1428,15163.38970149,349.062466285748
avg_cost_per_claim,1538401005,ADAM FAYE,Internal Medicine Physician,NY,New York,13573,7967,29434.15000000,348.355683695557
avg_cost_per_claim,1851490486,JOHN GLENDENING,Physician Assistant,CT,Hartford,2236,1057,4321.24386765,347.067143569638
avg_cost_per_claim,1316961451,SCOTT WISOTSKY,Orthopaedic Hand Surgery Physician,FL,Clearwater,130,84,1139.32514620,346.978193220183
avg_cost_per_claim,1043461817,TRAVIS WILLIAMS,Student in an Organized Health Care Education/Training Program,ID,Meridian,738,172,8347.46445333,346.975944505308
avg_cost_per_claim,1457745341,JASMINE KNOLL,Pediatrics Physician,AZ,Phoenix,1420,56,26519.26243243,346.694522747204
avg_cost_per_claim,1740906437,CASEY WHITE,Nurse Practitioner,OK,Oklahoma City,639,300,26692.45486486,345.794050713578
avg_cost_per_claim,1780877597,MAUREEN GIBBONS,Emergency Medicine Physician,TX,The Woodlands,4378,2334,1150.40600000,344.777592213597
avg_cost_per_claim,1568639961,DAVID SINDRAM,Surgery Physician,NC,Winston Salem,1153,531,2874.32888889,343.942429942063
avg_cost_per_claim,1588243257,DANIELLE PORRECA,Student in an Organized Health Care Education/Training Program,PA,Philadelphia,14928,2712,7421.85239130,343.329560873795
avg_cost_per_claim,1962962472,MICHAEL STOLZ,Surgery Physician,GA,Gainesville,1011,552,2198.90727273,343.280770399514
avg_cost_per_claim,1376868935,ROBERT BENNETT,Colon & Rectal Surgery Physician,FL,Tampa,118,72,4949.86778761,342.350596845861
avg_cost_per_claim,1487706255,JACOB EISDORFER,Colon & Rectal Surgery Physician,NY,Brooklyn,136,73,11473.35837209,341.800970244616
avg_cost_per_claim,1891927208,AUSTIN KIRSCHNER,Radiation Oncology Physician,TN,Nashville,113,54,2356.07928889,341.680831476320
avg_cost_per_claim,1790719458,IRVING DAVID KAPLAN,Radiation Oncology Physician,MA,Boston,198,71,3977.14621514,341.491723959886
avg_cost_per_claim,1457016206,NICOLE BEVERLY,Physician Assistant,NC,Winston Salem,8094,4399,10002.25153846,341.041292096087
avg_cost_per_claim,1841432903,CHUNG-HAN LEE,Student in an Organized Health Care Education/Training Program,NY,West Harrison,43482,6379,7414.79324324,340.911171315432
avg_cost_per_claim,1457639478,RYAN SCHMOCKER,Surgery Physician,TN,Knoxville,705,353,2744.47166667,340.687622623272
avg_cost_per_claim,1649613126,ALLISON WINTER,Student in an Organized Health Care Education/Training Program,OH,Cleveland,15977,3025,5001.08089888,339.630956549787
avg_cost_per_claim,1790965358,AARON BLACKHAM,Surgery Physician,PA,Allentown,1988,703,3194.71769231,339.048202600898
avg_cost_per_claim,1821651456,LEAH KINGSBURY,Student in an Organized Health Care Education/Training Program,FL,Tampa,19042,2682,5649.38680556,338.948759750619
avg_cost_per_claim,1609039049,MARIO ALCANTARA,Surgery Physician,TX,San Antonio,2473,1064,2456.83620438,338.929414205136
avg_cost_per_claim,1720298318,ANTHONY FERNANDEZ,Student in an Organized Health Care Education/Training Program,OH,Cleveland,15977,3025,4990.38624378,338.902683469025
avg_cost_per_claim,1821026121,CHRISTINA PATTERSON,Physician Assistant,PA,York,7625,3903,7228.15453137,338.893843713968
avg_cost_per_claim,1194816819,R MATTHEW WALSH,Surgery Physician,OH,Cleveland,1317,648,3451.99188406,338.470773527597
avg_cost_per_claim,1396842837,AMANDA JOHNSON,Neurological Surgery Physician,NC,New Bern,219,97,1492.15000000,338.410085183539
avg_cost_per_claim,1609282391,MILDRED ONIME,Gerontology Nurse Practitioner,TX,Dallas,876,326,16995.20000000,338.026745111618
avg_cost_per_claim,1740648922,DANIEL OSTROWSKI,Registered Nurse,NY,Staten Island,27680,1110,22814.06615385,337.977642211455
avg_cost_per_claim,1265801591,GEORGE DAVYDOV,Surgical Physician Assistant,NY,Flushing,2074,912,2453.48063830,337.938759028102
avg_cost_per_claim,1558445460,MARIE MCDONALD,Pediatrics Physician,NC,Durham,2420,156,24329.36279070,337.450722817236
avg_cost_per_claim,1285158220,KELLY HOFFMAN,Orthopaedic Surgery Physician,NJ,Dover,682,384,1712.58840000,337.440479592686
avg_cost_per_claim,1538185392,JENNIFER SPRINGHART,Emergency Medicine Physician,SC,Greenville,1197,744,954.63454545,337.348085307122
avg_cost_per_claim,1346579166,JACQUELINE PANDOLFO,Family Nurse Practitioner,NY,New Hyde Park,12607,4880,22634.64479167,336.736251816422
avg_cost_per_claim,1700821063,SATISH SOLANKI,Emergency Medicine Physician,MI,Battle Creek,2654,1446,955.10833046,334.411052692014
avg_cost_per_claim,1720069743,JESSICA WERNBERG,Surgery Physician,WI,Marshfield,773,334,3485.27444444,334.146649389660
avg_cost_per_claim,1396023495,AMIT KHITHANI,Surgery Physician,FL,Miami,2075,914,2247.75485714,333.280669013071
avg_cost_per_claim,1548707854,CECILLE GUMABON,Physician Assistant,MD,Baltimore,3091,1254,4681.61919485,333.150553166425
avg_cost_per_claim,1174514558,KACIE CARLSON,Physician Assistant,CT,New Haven,2236,1057,4138.62899875,332.354318620103
avg_cost_per_claim,1326393380,NEDA HASHEMI SADRAEI,Student in an Organized Health Care Education/Training Program,NM,Albuquerque,2240,349,6371.78366667,332.327942774062
avg_cost_per_claim,1831524107,LAUREN CARDONI,Registered Nurse,MA,Boston,6154,509,16123.04984375,332.063111825923
avg_cost_per_claim,1134133580,ALAN MOLK,Emergency Medicine Physician,AZ,Phoenix,1386,644,1028.65727273,332.014589276182
avg_cost_per_claim,1447220447,SUSAN GALANDIUK,Surgery Physician,KY,Louisville,491,279,3268.41588877,331.559875827190
avg_cost_per_claim,1710243720,SUSAN EASTMAN,Family Nurse Practitioner,TN,Nashville,7875,4082,17760.73704918,331.082674815116
avg_cost_per_claim,1801404736,CHRISTINA COWAN,Nurse Practitioner,FL,Saint Cloud,8352,3159,17857.02363636,331.065481004425
avg_cost_per_claim,1689677916,JAIME MAYORAL,Surgery Physician,TX,San Antonio,2473,1064,2397.17250859,330.669840972179
avg_cost_per_claim,1023437811,SAMUEL RUBINSTEIN,Student in an Organized Health Care Education/Training Program,NC,Chapel Hill,9187,2081,6484.95666667,329.894386755754
avg_cost_per_claim,1538140397,MICHAEL HILLIARD,Emergency Medicine Physician,TX,Fort Sam Houston,4378,2334,1100.74941176,329.790924110246
avg_cost_per_claim,1508353764,JACOB BOOMGAARDT,Student in an Organized Health Care Education/Training Program,VA,Charlottesville,7167,1433,6499.30576923,329.727146221673
avg_cost_per_claim,1386393023,JOSIAH BENNETT,Student in an Organized Health Care Education/Training Program,GA,Atlanta,8522,1224,6525.35000000,329.685565066095
avg_cost_per_claim,1790951325,ROSS FASANO,Pediatrics Physician,GA,Atlanta,2254,86,33138.74583333,329.511337080875
avg_cost_per_claim,1275085854,KATHERINE LONG,Nurse Practitioner,TN,Nashville,2342,1144,19353.33139535,329.372513796673
avg_cost_per_claim,1487724662,CHERYL MALINA,Emergency Medicine Physician,NY,New Rochelle,4319,1795,1675.84480000,329.254822140119
avg_cost_per_claim,1790814416,NICOLE MCBRIER,Surgical Physician Assistant,OH,Toledo,408,211,2014.29822581,328.796473274584
avg_cost_per_claim,1346902111,MEGAN CONNOLLY,Nurse Practitioner,MN,Rochester,2243,994,15558.92548387,328.533909476483
avg_cost_per_claim,1861806523,BRIAN SHAYOTA,Pediatrics Physician,OK,Oklahoma City,710,41,29698.01307692,328.073171166310
avg_cost_per_claim,1821381724,TAKASHI NAKAMURA,Emergency Medicine Physician,HI,Honolulu,363,190,1287.59689531,328.032265124396
avg_cost_per_claim,1891006045,TRINA HUTTON,Acute Care Nurse Practitioner,FL,Gainesville,1862,464,14807.00789474,327.992370731226
avg_cost_per_claim,1174950570,MELANIE BERNSTEIN,Physician Assistant,NY,New York,14666,6059,7781.19366423,327.489173197287
avg_cost_per_claim,1629605217,CAMERON LANDERS,Student in an Organized Health Care Education/Training Program,TX,Dallas,22576,2979,7428.61875000,327.301043261245
avg_cost_per_claim,1366812513,DEANNE SHELY,Family Nurse Practitioner,FL,Orlando,20706,7739,14549.27771429,326.772950042284
avg_cost_per_claim,1952621930,ELIKA RAD,Nurse Practitioner,CA,Stanford,6949,2497,19520.36983696,326.730946751505
avg_cost_per_claim,1952538639,MARLISE LUSKIN,Student in an Organized Health Care Education/Training Program,MA,Boston,14128,1958,7641.74761719,326.562859254767
avg_cost_per_claim,1114323235,RAISA GUTIERREZ,Nurse Practitioner,FL,Miami,8352,3159,17516.81205128,324.741772584383
avg_cost_per_claim,1457779035,KATHLEEN KERRIGAN,Student in an Organized Health Care Education/Training Program,OH,Columbus,15977,3025,4773.96488136,324.165055104332
avg_cost_per_claim,1578564993,LILLIAN SAAVEDRA,Psychiatry Physician,FL,Orlando,2417,1262,11472.51454545,323.991550009731
avg_cost_per_claim,1750916045,CONNOR HUGHES,Student in an Organized Health Care Education/Training Program,TX,Austin,22576,2979,7330.68833333,322.974675613634
avg_cost_per_claim,1093076424,MARJORIE WEIS,Registered Nurse,NY,New York,27680,1110,21791.42333333,322.789547522530
avg_cost_per_claim,1114957164,MARLON LEVY,Surgery Physician,VA,Richmond,917,377,2065.82380000,322.687066876518
avg_cost_per_claim,1093179194,QIAN WANG,Student in an Organized Health Care Education/Training Program,NY,New York,43482,6379,7012.59786765,322.372357817029
avg_cost_per_claim,1083386239,EVA GLIEBERMAN,Family Nurse Practitioner,MA,Brockton,4098,1829,16202.76090909,321.848698764324
avg_cost_per_claim,1023621968,MARISSA MARCHESKI,Physician Assistant,IL,Warrenville,4437,2180,5437.93903141,321.766888201447
avg_cost_per_claim,1629127428,PETER HWANG,Otolaryngology Physician,CA,Palo Alto,1199,713,3913.55000000,321.206496281839
avg_cost_per_claim,1194702928,MICHAEL CAPPELLI,Radiation Oncology Physician,AL,Demopolis,76,53,3702.58877551,320.223584075863
avg_cost_per_claim,1902198104,JENNIFER WALDRON,Student in an Organized Health Care Education/Training Program,OH,Cleveland,15977,3025,4713.46333333,320.045085983056
avg_cost_per_claim,1538363015,JOHN MANSOUR,Surgical Oncology Physician,TX,Dallas,130,52,1969.29633333,319.923360770478
avg_cost_per_claim,1396489621,LAYAN AL-SUKHNI,Student in an Organized Health Care Education/Training Program,TN,Memphis,5929,978,5562.45714286,319.513019613745
avg_cost_per_claim,1376777383,JONATHON HENNINGS,Nurse Practitioner,IA,Waterloo,1208,631,17592.77404711,319.459339380319
avg_cost_per_claim,1639307283,ALFREDO MENA LORA,Surgery Physician,IL,Chicago,1531,557,2462.98923529,319.216561980103
avg_cost_per_claim,1467185751,GABRIELLE AMOROSO,Family Nurse Practitioner,NY,Great Neck,12607,4880,21437.39136986,318.879833887024
avg_cost_per_claim,1174036420,LAUREN ROBERTSON,Family Nurse Practitioner,FL,Margate,20706,7739,14195.81000000,318.811933464350
avg_cost_per_claim,1912360637,JOSE SANCHEZ,Student in an Organized Health Care Education/Training Program,AL,Mobile,5675,762,5823.99366197,318.690752172711
avg_cost_per_claim,1629412010,MARK WOODCOCK,Student in an Organized Health Care Education/Training Program,NC,Chapel Hill,9187,2081,6263.95704545,318.622969810375
avg_cost_per_claim,1306496211,SAMINA ASFANDIYAR,Family Nurse Practitioner,TX,Houston,18908,8241,14611.51526316,318.619617855252
avg_cost_per_claim,1144310400,STEVEN ROSS,Emergency Medicine Physician,SD,Rapid City,107,53,919.54000000,318.328670378601
avg_cost_per_claim,1346263886,KAREN TAYLOR,Neurological Surgery Physician,AZ,Phoenix,180,60,1711.33559767,318.251250927107
avg_cost_per_claim,1174744114,AARON MENG,Child & Adolescent Psychiatry Physician,CO,Longmont,156,44,8000.55181818,316.804843688542
avg_cost_per_claim,1023647864,MAXIMILIAN CHOI,Surgery Physician,TX,Dallas,2473,1064,2296.72880000,316.764866499781
avg_cost_per_claim,1841774171,SEAN LEFORT,Emergency Registered Nurse,FL,St Petersburg,224,43,3365.52993631,315.991064354070
avg_cost_per_claim,1306576640,ZACHARY BLUME,Physician Assistant,WA,Seattle,3453,1782,7719.08438596,315.635664112453
avg_cost_per_claim,1255323440,JOHN HEINTZ,Pediatrics Physician,OH,Columbus,3075,185,25063.90714286,314.693869424904
avg_cost_per_claim,1538561709,KENNETH MCWHITE,Physician Assistant,NY,Buffalo,14666,6059,7476.52818548,314.633026183293
avg_cost_per_claim,1437155009,SURI PONAMGI,Plastic Surgery Physician,NJ,Fort Lee,187,54,1778.66142857,314.620935871458
avg_cost_per_claim,1366164154,EMILY WINKLE,Family Nurse Practitioner,OH,Columbus,8623,4854,14628.89055556,314.212699241248
avg_cost_per_claim,1548288194,JAMES KAYVANFAR,Orthopaedic Surgery Physician,CA,Newhall,2394,1240,1701.55133333,314.085778635394
avg_cost_per_claim,1992899009,SCOTT BOVARD,Surgery Physician,NC,Cary,1153,531,2624.57463415,313.968126355117
avg_cost_per_claim,1073752408,JOHN STAUFFER,Surgery Physician,FL,Jacksonville,2075,914,2112.17703704,313.108796970245
avg_cost_per_claim,1801145602,GINA GEORGE,Physician Assistant,IL,Chicago,4437,2180,5286.29924765,312.766045709273
avg_cost_per_claim,1285165720,JILL GOSLINGA,Student in an Organized Health Care Education/Training Program,CA,San Francisco,48939,6099,8389.02881356,312.381300746397
avg_cost_per_claim,1891082772,ZACHARY KLAASSEN,Surgery Physician,GA,Augusta,1011,552,1997.66240143,311.748091315475
avg_cost_per_claim,1992957922,COLIN FAILEY,Plastic and Reconstructive Surgery Physician,NJ,Florham Park,76,30,1066.23000000,311.049095249260
avg_cost_per_claim,1396296604,REBEKAH HENSON,Surgical Physician Assistant,SC,Summerville,262,167,1836.29888889,310.915421138225
avg_cost_per_claim,1760775035,JOSHUA COX,Plastic Surgery Physician,TX,Frisco,381,140,1001.26500000,310.693765989073
avg_cost_per_claim,1477514164,JENNIFER HEINS,Physician Assistant,KS,Westwood,1230,652,6198.47520635,310.265638110553
avg_cost_per_claim,1720515497,STEVANI VEAL,Family Nurse Practitioner,KS,Westwood,2114,1037,9562.54811966,308.916994329025
avg_cost_per_claim,1700188208,AARON BRODY,Dentist,NJ,Englewood,2732,1203,371.89538462,308.571495582543
avg_cost_per_claim,1659610681,NICKY MEHTANI,Student in an Organized Health Care Education/Training Program,MD,Baltimore,7249,977,5662.94428571,308.371218716555
avg_cost_per_claim,1902390586,JENNY CHANG,Student in an Organized Health Care Education/Training Program,OH,Cleveland,15977,3025,4533.62473684,307.798631330607
avg_cost_per_claim,1023662186,BAYAN ALAHMDI,Student in an Organized Health Care Education/Training Program,OH,Cleveland,15977,3025,4516.74666667,306.649286723877
avg_cost_per_claim,1760537229,NATALIE TAFEL,Physician Assistant,NY,New York,14666,6059,7285.22299308,306.560409331113
avg_cost_per_claim,1982765855,PAMELA DUDKIEWICZ,Family Nurse Practitioner,FL,Miami,20706,7739,13648.02557377,306.474396761427
avg_cost_per_claim,1972087484,ALISHA TORRETTI,Physician Assistant,PA,Greensburg,7625,3903,6530.67805556,306.107103247076
avg_cost_per_claim,1750530630,EVAN FELDMAN,Surgery Physician,GA,Atlanta,1011,552,1959.74986871,305.807648114114
avg_cost_per_claim,1235543208,MELINDA HSU,Student in an Organized Health Care Education/Training Program,OH,Cleveland,15977,3025,4503.11200000,305.720807908237
avg_cost_per_claim,1124220991,CESAR TRILLO ALVAREZ,Internal Medicine Physician,FL,Gainesville,11073,7271,16488.26723077,305.697488252662
avg_cost_per_claim,1659313633,JOHN BROWN,Gynecologic Oncology Physician,CA,Newport Beach,137,75,14253.52719298,305.622581314868
avg_cost_per_claim,1932758455,MARILYN CLIFFORD,Registered Nurse,NJ,Camden,2188,224,16973.92000000,305.592819435605
avg_cost_per_claim,1831569045,KAITLEN REYES,Registered Nurse,MA,Newton Center,6154,509,14840.41916667,305.572465351706
avg_cost_per_claim,1396044566,JOSHUA SASINE,Internal Medicine Physician,CA,Los Angeles,20021,12594,19989.14384615,305.540848761844
avg_cost_per_claim,1730688409,NARIFA AZIZ,Physician Assistant,NY,New York,14666,6059,7256.26846758,305.338598320310
avg_cost_per_claim,1598262214,SASHA KAPIL,Internal Medicine Physician,IN,Indianapolis,2554,1731,28653.15500000,305.148881612256
avg_cost_per_claim,1457814279,YIYU XIE,Student in an Organized Health Care Education/Training Program,NY,New York,43482,6379,6629.70777778,304.723403111686
avg_cost_per_claim,1730325416,LAURE KOUYOUDJIAN,Medical Physician Assistant,MD,Chevy Chase,896,412,8247.18294798,304.560605726716
avg_cost_per_claim,1669658969,REBECCA MCCOLLAUM,Family Nurse Practitioner,AZ,Mesa,5277,2588,15536.64862069,304.410248911673
avg_cost_per_claim,1174946701,ELISE CALL,Physician Assistant,NV,Las Vegas,1032,538,7462.58133333,304.362287229630
avg_cost_per_claim,1427134568,INGA LENNES,Internal Medicine Physician,CA,San Francisco,20021,12594,19855.80033333,303.495858950517
avg_cost_per_claim,1073289781,CLARE CLIFTON,Physician Assistant,PA,Pittsburgh,7625,3903,6470.59614634,303.282792990499
avg_cost_per_claim,1386386498,USHA MAHABIR,Family Nurse Practitioner,NY,Hawthorne,12607,4880,20367.80622951,302.927522597499
avg_cost_per_claim,1326392978,WHITNEY HILL,Physician Assistant,IL,Orland Park,4437,2180,5116.90307494,302.711241939881
avg_cost_per_claim,1427005255,VEL SIVAPALAN,Emergency Medicine Physician,NJ,Chatham,1606,860,1167.57576167,302.449693651554
avg_cost_per_claim,1891358628,MAY ELBANNA,Radiation Oncology Physician,MN,Rochester,136,51,2679.45272727,302.446617007790
avg_cost_per_claim,1033560396,LAUREN ARREDONDO,Physician Assistant,NJ,Denville,3178,1430,3521.69421488,301.787255682635
avg_cost_per_claim,1700347788,GIL HEVRONI,Student in an Organized Health Care Education/Training Program,NY,Brooklyn,43482,6379,6555.65395833,301.309962701999
avg_cost_per_claim,1508211780,HAIBI CAI,Physical Medicine & Rehabilitation Physician,TX,Dallas,1059,393,6998.39434389,301.153178278243
avg_cost_per_claim,1962160242,CAROLINE BUDNIK,Surgical Physician Assistant,NY,Rochester,2074,912,2186.35286164,301.012298726018
avg_cost_per_claim,1891209797,JOSHUA PAULOS,Physician Assistant,GA,Atlanta,4310,1754,5300.62000000,300.940592276791
avg_cost_per_claim,1689048613,AMANDA RODRIGUEZ,Physician Assistant,FL,Tampa,9503,4279,5871.09213483,300.740164909830
avg_cost_per_claim,1912598483,ASHLEY SIX,Surgical Physician Assistant,TX,Houston,1170,307,2326.47381279,300.473153979293
avg_cost_per_claim,1407872351,SERAFIN CHUA,Emergency Medicine Physician,IL,Chicago,2986,1493,978.26925210,300.242607531682
avg_cost_per_claim,1427517614,VIRAL PATEL,Student in an Organized Health Care Education/Training Program,TX,Dallas,22576,2979,6805.17807692,299.758695848314
avg_cost_per_claim,1134166473,JURGEN RUNSCHKE,Emergency Medicine Physician,MI,Grand Rapids,2654,1446,855.38391304,299.273410204709
avg_cost_per_claim,1871230946,CAROLYN CONNORS,Physician Assistant,NY,Buffalo,14666,6059,7105.88051829,298.992590255537
avg_cost_per_claim,1457615577,JOSEPH MACKEY,Internal Medicine Physician,IL,Peoria,8316,4676,21239.76196721,298.956005480720
avg_cost_per_claim,1588766752,DANIEL PAUZE,Emergency Medicine Physician,NY,Albany,4319,1795,1521.43692308,298.768854815088
avg_cost_per_claim,1659667129,MOSTAFA ELSAKKA,Emergency Medicine Physician,TX,Little Elm,4378,2334,997.85277778,298.736078075374
avg_cost_per_claim,1922341809,GEORGIA THOMAS,Student in an Organized Health Care Education/Training Program,MD,Baltimore,7249,977,5478.74480000,298.311354042582
avg_cost_per_claim,1528618980,ALEXANDER ZELEZ,Physician Assistant,NY,New York,14666,6059,7080.08333333,297.904011386170
avg_cost_per_claim,1487755732,JASON HECKMAN,Surgery Physician,NY,Albany,2171,656,3348.82411765,297.714030789953
avg_cost_per_claim,1124097498,TERENCE HERMAN,Radiation Oncology Physician,TX,Harlingen,385,175,2593.79413959,297.684353427242
avg_cost_per_claim,1215466404,GOVIND WARRIER,Student in an Organized Health Care Education/Training Program,MD,Baltimore,7249,977,5462.07081081,297.400721343581
avg_cost_per_claim,1801829007,ERIC HAURA,Internal Medicine Physician,FL,Tampa,11073,7271,16029.46200000,297.156944189300
avg_cost_per_claim,1164753430,JOSEPH MCTAVISH,Surgical Physician Assistant,SC,Charleston,262,167,1754.93729204,297.067512269543
avg_cost_per_claim,1285610881,ROBERT HOWARD,Emergency Medicine Physician,TX,Bryan,4378,2334,992.16000000,297.017962228135
avg_cost_per_claim,1396039822,TALIB OMER,Emergency Medicine Physician,CA,Los Angeles,6975,3707,1028.62280702,296.750778534794
avg_cost_per_claim,1154490357,SUSAN SILVA,Physician Assistant,WA,Seattle,3453,1782,7244.07916667,296.154917464168
avg_cost_per_claim,1174294193,KENZIE REEDER,Primary Care Nurse Practitioner,KY,Louisville,138,78,17409.58710526,296.048612909689
avg_cost_per_claim,1578507042,CARMEN CORRALL,Emergency Medicine Physician,WA,Lakewood,1362,682,1007.34583333,295.968980617573
avg_cost_per_claim,1205808318,OLUFEMI OLADELE-AJOSE,Emergency Medicine Physician,TX,Lufkin,4378,2334,987.98936652,295.759239026223
avg_cost_per_claim,1295151967,JAMIE BROGAN,Family Nurse Practitioner,IL,Chicago,7070,3437,11569.34018634,295.168134364953
avg_cost_per_claim,1215226824,NICHOLAS ROHS,Student in an Organized Health Care Education/Training Program,NY,New York,43482,6379,6419.34461340,295.026913027349
avg_cost_per_claim,1477835668,LYDIA SUN,Pharmacist Clinician (PhC)/ Clinical Pharmacy Specialist,WA,Seattle,357,94,14305.07000000,294.900351974336
avg_cost_per_claim,1912198649,CAROLINE DULEY,Adult Health Nurse Practitioner,OR,Portland,300,102,16376.93575758,294.871979367969
avg_cost_per_claim,1033561253,CATHARINE SKOOG,Physician Assistant,WI,Milwaukee,3244,1862,4990.43069720,294.118227573177
avg_cost_per_claim,1750606638,JOLYN TAYLOR,Gynecologic Oncology Physician,TX,Houston,98,61,16816.63666667,294.082606624921
avg_cost_per_claim,1548397243,STACIA SHEA,Physician Assistant,GA,Atlanta,4310,1754,5163.22563063,293.115304661902
avg_cost_per_claim,1023051331,EDWARD FOX,Orthopaedic Surgery Physician,PA,Hershey,1232,676,1255.46576823,293.065753968496
avg_cost_per_claim,1174715809,CHRISTOPHER MICHAELIS,Emergency Medicine Physician,SC,Mount Pleasant,1197,744,827.20882813,291.985066580669
avg_cost_per_claim,1932214855,SHARON VELEZ,Physician Assistant,CA,Pasadena,13480,6439,6064.15600000,291.769081553878
avg_cost_per_claim,1124781372,KIMBERLY MUELLER,Family Nurse Practitioner,NY,New York,12607,4880,19618.79545455,291.756412799301
avg_cost_per_claim,1801342233,LISA LEHR,Registered Nurse,TX,Dallas,10745,661,10046.66540541,291.732577585981
avg_cost_per_claim,1831205632,CHERYL GARGANTA,Pediatrics Physician,FL,Gainesville,4187,181,15624.13157303,291.659028422124
avg_cost_per_claim,1316364672,KEVIN REYES,Psychiatry Physician,NV,Las Vegas,288,142,7956.70307692,291.367589797267
avg_cost_per_claim,1205570801,CARLA VICTORIA DUNDEE,Family Nurse Practitioner,TX,Galveston,18908,8241,13359.44194444,291.240309550724
avg_cost_per_claim,1184713380,MICHAEL TSAPPIS,Psychiatry Physician,MA,Wellesley,2593,1160,8106.25166667,291.185811670397
avg_cost_per_claim,1003045634,JAMI KINNUCAN,Internal Medicine Physician,FL,Jacksonville,11073,7271,15707.05872340,291.155488222127
avg_cost_per_claim,1972164606,KATIE MITASZKA,Surgical Physician Assistant,NY,New York,2074,912,2114.71750000,291.109770539322
avg_cost_per_claim,1043284680,DOUGLAS NAGLE,Physician Assistant,FL,New Port Richey,9503,4279,5679.99109649,290.918830329924
avg_cost_per_claim,1902876782,JEFFREY JORDEN,Surgery Physician,KY,Louisville,491,279,2868.78029070,290.891934678155
avg_cost_per_claim,1083089783,AMBER GRINNELL,Family Nurse Practitioner,PA,Pittsburgh,6522,3282,17069.10722689,290.271528934340
avg_cost_per_claim,1043607658,KENYA CANNONIER,Psychiatric/Mental Health Nurse Practitioner,GA,Atlanta,1018,260,7799.83904762,290.004651481468
avg_cost_per_claim,1912480039,CRYSTAL TRABEL,Family Nurse Practitioner,OH,Hicksville,8623,4854,13496.25304348,289.816791089708
avg_cost_per_claim,1548245608,REBECCA LUPER,Emergency Medicine Physician,AR,Hot Springs,464,309,996.34000000,289.815510985905
avg_cost_per_claim,1295851400,NANCEE DODGE,Nurse Practitioner,CO,Aspen,1201,525,15141.13250000,289.552625849098
avg_cost_per_claim,1164637369,KAMRAN IDREES,Surgery Physician,TN,Nashville,705,353,2327.95684211,288.815335827578
avg_cost_per_claim,1730841107,MICHAEL WALKER,Surgical Physician Assistant,AZ,Scottsdale,436,206,1445.35063291,288.798850429419
avg_cost_per_claim,1225592124,BAILEY LEFTWICH,Surgical Physician Assistant,MO,Saint Louis,156,56,1743.76333333,288.399555635913
avg_cost_per_claim,1043566235,YEZAZ GHOURI,Student in an Organized Health Care Education/Training Program,MO,Columbia,4278,705,4728.16092391,287.884687647890
avg_cost_per_claim,1629274386,ANDREW KERMAN,Emergency Medicine Physician,PA,York,3616,1743,990.30363636,287.836259129268
avg_cost_per_claim,1154427177,ERIC SNYDER,Emergency Medical Services (Emergency Medicine) Physician,CA,Tarzana,274,140,1179.34250000,287.553508868721
avg_cost_per_claim,1710070818,MEERA MENON,Surgery Physician,FL,Brandon,2075,914,1936.99857143,287.044964476574
avg_cost_per_claim,1497780571,KATHERINE JACOB,"Endocrinology, Diabetes & Metabolism Physician",CA,Loma Linda,884,629,69601.71000000,286.664710373761
avg_cost_per_claim,1942798913,LAUREN ZOGHLIN,Surgical Physician Assistant,NY,Rochester,2074,912,2081.87823034,286.570227693530
avg_cost_per_claim,1013150358,ANAHIT MEHRABYAN,Student in an Organized Health Care Education/Training Program,NC,Chapel Hill,9187,2081,5630.66846543,286.324002089309
avg_cost_per_claim,1619306107,LEAH HUGHES,Family Nurse Practitioner,OH,Toledo,8623,4854,13320.40038095,286.029096123286
avg_cost_per_claim,1215983382,HELIO PEDRO,Internal Medicine Physician,NJ,Newark,5051,3256,17092.41979592,285.890243256852
avg_cost_per_claim,1497134118,SAIKRISHNA GADDE,Student in an Organized Health Care Education/Training Program,AL,Birmingham,5675,762,5213.09051867,285.171358286778
avg_cost_per_claim,1407206337,LAUREN BERE,Family Nurse Practitioner,IL,Chicago,7070,3437,11177.27782609,285.134807204508
avg_cost_per_claim,1063692614,NINA SHAH,Internal Medicine Physician,CA,San Francisco,20021,12594,18645.64812500,284.936658852566
avg_cost_per_claim,1841634847,KELLIE GARDNER,Family Nurse Practitioner,DC,Washington,607,196,14258.87881944,284.522004267486
avg_cost_per_claim,1295853281,KRISTEN BOARDMAN,Physician Assistant,MI,Ann Arbor,6430,3263,8024.50082529,283.472810740789
avg_cost_per_claim,1346531209,BHARATI KOCHAR,Internal Medicine Physician,MA,Boston,7812,4337,18790.73952381,283.334938202138
avg_cost_per_claim,1447412473,SARA KATHRYN MERCER,Physician Assistant,NC,Winston Salem,8094,4399,8313.77508403,283.324021508179
avg_cost_per_claim,1154543452,JOHN ANDERSON,Student in an Organized Health Care Education/Training Program,AL,Homewood,5675,762,5169.76264143,282.794018770069
avg_cost_per_claim,1184885758,CRAIG BROOKS,Emergency Medicine Physician,CO,Castle Rock,1362,572,975.47384615,282.757070198229
avg_cost_per_claim,1992383707,SARA CHOI,Student in an Organized Health Care Education/Training Program,PA,Philadelphia,14928,2712,6112.16446809,282.595796040704
avg_cost_per_claim,1356803944,ASHLEY HICKMAN,Internal Medicine Physician,AR,Springdale,843,562,17250.19000000,282.589997295226
avg_cost_per_claim,1083986426,MEGAN HOLLIS,Family Nurse Practitioner,TN,Nashville,7875,4082,15162.25000000,282.513377868854
avg_cost_per_claim,1861667065,MICHELE SPENCER-MANZON,Internal Medicine Physician,CT,New Haven,2783,1723,20365.37669173,282.332363012603
avg_cost_per_claim,1821107020,JESSICA NEELY,Physician Assistant,GA,Atlanta,4310,1754,4972.22632143,282.236951090438
avg_cost_per_claim,1831437706,CHRISTINE ERICKSON,Physician Assistant,MI,Ann Arbor,6430,3263,7970.39400000,281.555776981401
avg_cost_per_claim,1689681967,SHELBY SANFORD,Radiation Oncology Physician,AL,Tuscaloosa,76,53,3254.50742972,281.236285185567
avg_cost_per_claim,1295150571,DONAVON KHOSROW ARONI,Dentist,MA,Boston,2808,1046,396.99260000,281.158285092262
avg_cost_per_claim,1144299686,SCOTT GORENSTEIN,Emergency Medicine Physician,NY,Mineola,4319,1795,1430.51635294,280.817688166398
avg_cost_per_claim,1891151387,MEGAN URIBE,Physician Assistant,FL,Tampa,9503,4279,5482.12043478,280.749581700601
avg_cost_per_claim,1982694287,ALLEN LAPEY,Pediatrics Physician,MA,Boston,3032,168,21571.01220000,280.703301574887
avg_cost_per_claim,1699739227,KIMEN COLGAN,Surgical Physician Assistant,CA,Pismo Beach,979,501,2136.90776860,280.560260443127
avg_cost_per_claim,1235216888,JOHN FULGINITI,Surgery Physician,FL,New Smyrna Beach,2075,914,1893.01500000,280.500892782413
avg_cost_per_claim,1669882866,ADAM SCHOENFELD,Student in an Organized Health Care Education/Training Program,NY,New York,43482,6379,6097.02538043,280.169914390272
avg_cost_per_claim,1073159612,ISABEL CONCEPCION,Family Nurse Practitioner,TN,Nashville,7875,4082,15018.73986564,279.830976071728
avg_cost_per_claim,1821269952,DEBRA HOLMBERG,Pediatric Nurse Practitioner,NY,New York,1540,38,22207.31500000,279.742789825856
avg_cost_per_claim,1538540836,MIKA WATANABE,Student in an Organized Health Care Education/Training Program,CA,Sylmar,48939,6099,7499.98826087,279.174243518218
avg_cost_per_claim,1699881573,JAMES STILLERMAN,Surgery Physician,NY,Watertown,2171,656,3138.87263158,278.992694069376
avg_cost_per_claim,1780888644,PATRICIA DICKSON,Pediatrics Physician,MO,Saint Louis,2069,102,17997.20375000,278.674680809879
avg_cost_per_claim,1932211356,CHARLES KUEBLER,Emergency Medicine Physician,FL,Santa Rosa Beach,3563,2068,793.03556150,278.238882159344
avg_cost_per_claim,1952507683,LAURA SANZA,Physician Assistant,TX,Dallas,10016,4190,9301.84945946,277.981949989329
avg_cost_per_claim,1518250729,ELVIRA NECULISEANU,Student in an Organized Health Care Education/Training Program,NY,Brooklyn,43482,6379,6048.34682927,277.926122849895
avg_cost_per_claim,1083095210,RAMON JIN,Internal Medicine Physician,MO,Saint Louis,3400,2016,18598.35230769,277.352526303021
avg_cost_per_claim,1376027235,MEGAN GROSSMAN,Physician Assistant,CA,Camarillo,13480,6439,5762.05000000,277.183495961431
avg_cost_per_claim,1912270182,TYONN BARBERA,Nurse Practitioner,TX,Dallas,4831,2019,13042.92714286,276.651708198469
avg_cost_per_claim,1073561833,MATTHEW GECK,Orthopaedic Surgery of the Spine Physician,TX,Austin,146,95,972.66932203,276.632488524070
avg_cost_per_claim,1649245788,MIGUEL REGUEIRO,Specialist,PA,Pittsburgh,2457,612,26527.00000000,276.590622902815
avg_cost_per_claim,1437146297,HEATHER FOX,Physician Assistant,MI,Ann Arbor,6430,3263,7824.83037624,276.398379935997
avg_cost_per_claim,1689178998,JOSEPH DEBIASE,Student in an Organized Health Care Education/Training Program,OH,Toledo,15977,3025,4062.25363636,275.699710858749
avg_cost_per_claim,1013439769,ALEXIS SHAUB,Medical Physician Assistant,CT,Trumbull,896,437,7441.88241611,275.361337778079
avg_cost_per_claim,1548644677,JIM LI,Dentist,SC,Shaw Afb,1157,575,293.08617978,275.253288824106
avg_cost_per_claim,1881246858,CATHERINE FLYNN,Family Nurse Practitioner,MA,Boston,4098,1829,13846.70147436,274.917835586575
avg_cost_per_claim,1134626914,GREER WALDROP,Student in an Organized Health Care Education/Training Program,NY,New York City,43482,6379,5980.70931034,274.808435713144
avg_cost_per_claim,1275030256,KEVIN ZHANG,Student in an Organized Health Care Education/Training Program,IL,Zion,10607,1520,5270.58695238,274.668220797924
avg_cost_per_claim,1093855819,KATHERINE LAMBERT,Physician Assistant,MD,Dunkirk,3091,1254,3856.40022491,274.243323327352
avg_cost_per_claim,1629331277,COLIN FRANZ,Physical Medicine & Rehabilitation Physician,IL,Chicago,654,219,4273.77332090,273.773064078288
avg_cost_per_claim,1205278330,ALLISON HOBBS,Family Nurse Practitioner,KY,Louisville,5015,2867,16676.10087719,273.757918276739
avg_cost_per_claim,1053455444,CLANCY CLARK,Surgery Physician,WA,Seattle,802,321,1186.02566667,273.657342747649
avg_cost_per_claim,1093963258,BANAFSHEH GHASSEMI,Pharmacist,CA,Walnut Creek,32442,4634,13053.45500000,273.463669977340
avg_cost_per_claim,1154697738,ANDREW KUYKENDALL,Internal Medicine Physician,FL,Tampa,11073,7271,14730.87134375,272.984005486398
avg_cost_per_claim,1396768198,MICHELLE ATWOOD,Emergency Medicine Physician,TX,Colleyville,4378,2334,912.16429688,272.874759989607
avg_cost_per_claim,1457341273,MITCHEL CARTER,Surgery Physician,NJ,Florham Park,811,302,2394.33076923,272.740411912374
avg_cost_per_claim,1124321252,JUNE PENG,Surgical Oncology Physician,CA,Walnut Creek,182,83,3054.55117647,272.577244878451
avg_cost_per_claim,1205034006,JULIA D'ALO,Emergency Medicine Physician,PA,Aliquippa,3616,1743,935.91264151,271.910826451224
avg_cost_per_claim,1932575230,SHELLEY LEVI,Physician Assistant,NY,New York,14666,6059,6463.28700000,271.876696537383
avg_cost_per_claim,1114356292,JACKLYN GUILL,Physician Assistant,NH,Concord,874,495,3197.22683673,271.720987011487
avg_cost_per_claim,1881843027,MARIAM ALHILLI,Obstetrics & Gynecology Physician,OH,Cleveland,1496,783,15258.07666667,271.695469906310
avg_cost_per_claim,1295081511,SAMI IBRAHIMI,Student in an Organized Health Care Education/Training Program,OK,Oklahoma City,3870,417,5252.61006173,271.630728404250
avg_cost_per_claim,1326570961,VICKI REDPATH,Family Nurse Practitioner,TX,Plano,18908,8241,12403.68160000,270.340529366593
avg_cost_per_claim,1598252397,AMIT CHOWDHRY,Radiation Oncology Physician,FL,Orlando,461,255,2655.85214286,270.334071795269
avg_cost_per_claim,1962609636,BERKELEY LIMKETKAI,Internal Medicine Physician,CA,Los Angeles,20021,12594,17689.53875000,270.273523848549
avg_cost_per_claim,1316938764,SCOTT ANDERSON,Internal Medicine Physician,MO,Hazelwood,3400,2016,18090.74181818,269.754777100944
avg_cost_per_claim,1023569621,SEONG KIM,Medical Physician Assistant,VA,Richmond,1020,508,8868.64200000,269.568560134856
avg_cost_per_claim,1174054316,JORGE VERDECIA,Student in an Organized Health Care Education/Training Program,FL,Jacksonville,19042,2682,4495.10918919,269.507629260087
avg_cost_per_claim,1821354622,ENRICO CASTELLUCCI,Student in an Organized Health Care Education/Training Program,MA,Boston,14128,1958,6303.51888889,269.232737263131
avg_cost_per_claim,1457408247,NATALIE WEST,Internal Medicine Physician,MD,Baltimore,4192,2372,18271.64400000,269.150112256682
avg_cost_per_claim,1306014634,WENDY CHEN,Physician Assistant,TX,Houston,10016,4190,9004.78200000,269.076597441454
avg_cost_per_claim,1386376408,DANIEL BAUER,Dentist,TN,Franklin,1523,784,333.76230769,269.031945008869
avg_cost_per_claim,1750549143,SUSAN MCDOWELL,Orthopaedic Surgery Physician,NY,Rochester,1424,761,1326.19750000,268.747117930956
avg_cost_per_claim,1912283425,LINDSEY FENZEL,Registered Nurse,MO,Lees Summit,2262,283,16419.42173077,268.690359049223
avg_cost_per_claim,1003335282,REBECCA TOKARSKI,Physician Assistant,OH,Columbus,4893,2451,2838.51907956,266.923491375636
avg_cost_per_claim,1225529423,REEM ISMAIL,Acute Care Nurse Practitioner,MI,Detroit,808,248,8569.74189349,266.559940599392
avg_cost_per_claim,1538680079,TESSA JANOVSKY,Physician Assistant,AZ,Chandler,3272,1570,5232.74583893,266.359446509325
avg_cost_per_claim,1538514799,AARTI ATTREYA-LATUSO,Emergency Medicine Physician,NJ,Neptune,1606,860,1027.01545455,265.779833556302
avg_cost_per_claim,1720166309,ALIREZA MAHMOUDIEH,Radiation Oncology Physician,CA,Merced,629,297,2945.87678630,265.490767577564
avg_cost_per_claim,1386231629,ALEXANDRA CHILDS,Family Nurse Practitioner,MA,Boston,4098,1829,13372.16000000,265.465340171107
avg_cost_per_claim,1316320237,ASHWIN CHANDAR,Student in an Organized Health Care Education/Training Program,NJ,New Brunswick,9394,1066,6703.99666667,265.082653394021
avg_cost_per_claim,1033566534,JEFFREY PEACOCK,Radiation Oncology Physician,AZ,Show Low,142,73,1922.59829545,265.051845526327
avg_cost_per_claim,1649369935,RONALD WOLF,Surgery Physician,CA,Long Beach,3327,1378,1614.83153846,264.987148599796
avg_cost_per_claim,1902989486,KYRIAKIE SARAFOGLOU,Pediatrics Physician,MN,Minneapolis,1430,99,20819.15571429,264.136630241044
avg_cost_per_claim,1619006681,BRIDGET KOONTZ,Radiation Oncology Physician,FL,Orlando,461,255,2593.38000000,263.929579130812
avg_cost_per_claim,1417958794,HEATHER SCHWENK,Surgical Physician Assistant,FL,Sarasota,1301,505,1604.28315315,263.797763120067
avg_cost_per_claim,1154324705,ROBERT FAN,Orthopaedic Surgery Physician,OR,Salem,344,139,686.36307692,263.577641069783
avg_cost_per_claim,1811382443,KATHRYN STACKHOUSE,Surgery Physician,OH,Cleveland,1317,648,2683.20214286,262.866718600203
avg_cost_per_claim,1679540736,JEFFREY MATTHEWS,Surgery Physician,IL,Chicago,1531,557,2029.07857143,262.788655311952
avg_cost_per_claim,1902411341,ANNE MARIE DICREDICO,Adult Health Nurse Practitioner,MA,Wakefield,1416,637,18637.54270833,262.734583294243
avg_cost_per_claim,1326251398,LEONARDO ALFARO,Surgery Physician,CO,Denver,633,257,1333.59618421,262.725673213626
avg_cost_per_claim,1225182322,MILLIE DAS,Internal Medicine Physician,CA,Palo Alto,20021,12594,17183.54956522,262.513545836617
avg_cost_per_claim,1437189495,MARK CALLERY,Surgery Physician,MA,Boston,1091,313,1854.67533333,262.338223842834
avg_cost_per_claim,1427107911,BRETT STUDLEY,Emergency Medicine Physician,NE,Beatrice,261,132,746.63733333,262.335492446970
avg_cost_per_claim,1114569431,DONNA ORTIZ,Family Nurse Practitioner,FL,Orlando,20706,7739,11677.13258459,262.084736473179
avg_cost_per_claim,1255992293,JASON KAO,Physician Assistant,CA,Stanford,13480,6439,5448.79527044,262.059653104168
avg_cost_per_claim,1083930101,MARYAM ZIA,Internal Medicine Physician,IL,Chicago,8316,4676,18612.57591837,261.857344380295
avg_cost_per_claim,1932366309,SRINIVAS KAVUTURU,Surgery Physician,MI,East Lansing,1509,666,2379.60421053,261.637584159897
avg_cost_per_claim,1265164206,ALEXANDRA WITTE,Physician Assistant,MA,Boston,4332,1873,4699.46342593,261.478108136184
avg_cost_per_claim,1497075709,AVA COOPER,Physician Assistant,GA,Atlanta,4310,1754,4597.01833916,260.867004198669
avg_cost_per_claim,1437327624,ALLISON MAGNUSON,Student in an Organized Health Care Education/Training Program,NY,Rochester,43482,6379,5678.06701149,260.858426648824
avg_cost_per_claim,1104245687,YI DONG,Internal Medicine Physician,GA,Canton,4544,2922,18670.85090909,260.308990731177
avg_cost_per_claim,1851390819,ERNEST HYMEL,Radiation Oncology Physician,TX,Port Arthur,385,175,2270.34357895,260.273547370909
avg_cost_per_claim,1659449536,ZITA LIM,Physician Assistant,TX,Houston,10016,4190,8708.21763240,260.186326351459
avg_cost_per_claim,1851027734,HELEN CHENG,Student in an Organized Health Care Education/Training Program,CA,Santa Clara,48939,6099,6990.68292683,260.150891520483
avg_cost_per_claim,1043266810,CHRISTOPHER LEE,Radiation Oncology Physician,WA,Spokane Valley,183,90,1636.19119048,259.962714158037
avg_cost_per_claim,1316137060,JOSEPH TUCKER,Pediatrics Physician,CT,Farmington,1088,45,16973.42000000,259.960126593695
avg_cost_per_claim,1457025405,KATIE PILIERO,Physician Assistant,CT,Stamford,2236,1057,3239.86668810,259.943278777149
avg_cost_per_claim,1740773555,PATRICIA CIPOLLA,Physician Assistant,IL,Chicago,4437,2180,4377.55062500,258.825694340807
avg_cost_per_claim,1851686034,JENNIFER MEAD,Physician Assistant,MA,Boston,4332,1873,4647.88574803,258.598080691525
avg_cost_per_claim,1811354715,JANELLE AUSTIN,Physician Assistant,IN,Indianapolis,2256,1156,2367.82412698,258.530934356260
avg_cost_per_claim,1932287968,CHARLOTTE RHEE,Plastic Surgery Physician,NY,Huntington Station,417,121,1310.90909091,257.484413243279
avg_cost_per_claim,1750335105,JOHN GERWIG,Physician Assistant,MD,Baltimore,3091,1254,3619.64545098,257.342878243781
avg_cost_per_claim,1396918827,HEATHER SULLIVAN,Registered Nurse,LA,Baton Rouge,1205,130,13462.14066667,257.223655541501
avg_cost_per_claim,1366065039,EMILY YEUNG,Physician Assistant,NY,Fresh Meadows,14666,6059,6114.18895954,257.145602785427
avg_cost_per_claim,1811281892,CARLA BRUTUS,Family Nurse Practitioner,FL,Hollywood,20706,7739,11454.45576132,257.069472532779
avg_cost_per_claim,1144498429,YONG-HUI JIANG,Pediatrics Physician,CT,New Haven,1088,45,16779.90750000,256.986598658202
avg_cost_per_claim,1558320762,DAVID SWEETSER,Pediatrics Physician,MA,Boston,3032,168,19745.08843750,256.866682909881
avg_cost_per_claim,1861437386,NOEL SANCHEZ,Surgery Physician,KS,Wichita,367,204,1627.23732955,256.603553978658
avg_cost_per_claim,1740373299,CONRAD KAWEL,Surgery Physician,MI,Livonia,1509,666,2332.85000000,256.479531638191
avg_cost_per_claim,1396008918,MICHAEL TOOLE,Student in an Organized Health Care Education/Training Program,IN,Fort Wayne,5589,994,5884.22403919,256.284962408581
avg_cost_per_claim,1861706061,JENELL GILMAN,Surgical Physician Assistant,MN,Minneapolis,281,165,1125.69191304,256.135863543610
avg_cost_per_claim,1992215941,SYEDALI ZAIDI,Physician Assistant,NY,Bellerose,14666,6059,6088.34957447,256.055243173389
avg_cost_per_claim,1467419614,CARLA BROWN,Emergency Medicine Physician,TN,Memphis,1142,652,978.88727273,255.385736044441
avg_cost_per_claim,1184861080,THEODORA DANCIU,Dentist,MI,Ann Arbor,3379,1602,300.47333333,255.358865983913
avg_cost_per_claim,1780962035,CARLY HOFFMAN,Nurse Practitioner,CA,Palo Alto,6949,2497,15263.85580645,255.299960610746
avg_cost_per_claim,1013182120,DOMINIC SANFORD,Surgery Physician,MO,Saint Louis,750,390,1532.81452381,254.700452376302
avg_cost_per_claim,1508317181,TRISH DAMS,Physician Assistant,MT,Bozeman,728,435,6206.28409091,254.645575130386
avg_cost_per_claim,1942309349,MICHELLE POON,Pharmacist,CA,Oakland,32442,4634,12167.37700000,254.525767611126
avg_cost_per_claim,1821012204,ERIC MARSH,Pediatrics Physician,PA,Philadelphia,3888,146,15408.39534483,254.390989036907
avg_cost_per_claim,1043548399,REBECCA RAHN,Physician Assistant,GA,Augusta,4310,1754,4482.92773430,254.368981017079
avg_cost_per_claim,1013571736,JOSEPH MICHALSKI,Orthopaedic Surgery Physician,IL,Chicago,946,520,1212.80125000,254.100354055898
avg_cost_per_claim,1336153881,KATHLEEN HICKEY,Emergency Medicine Physician,NC,Charlotte,1837,980,744.51032483,254.068865170905
avg_cost_per_claim,1942643754,MONICA CHATWAL,Student in an Organized Health Care Education/Training Program,GA,Atlanta,8522,1224,5030.95849188,253.986205640247
avg_cost_per_claim,1659639458,JULIA KOHLHAAS,Surgery Physician,TX,Dallas,2473,1064,1842.30076923,253.855897325895
avg_cost_per_claim,1891711156,GARRICK JOHNSON,Physician Assistant,NH,Concord,874,495,2987.35706943,253.809382664428
avg_cost_per_claim,1710989751,ROBERT FRIED,Thoracic Surgery (Cardiothoracic Vascular Surgery) Physician,KY,Ashland,83,35,626.78720000,253.667368919147
avg_cost_per_claim,1720150170,BRUCE BAKER,Orthopaedic Surgery Physician,NY,Syracuse,1424,761,1250.52000000,253.313794137286
avg_cost_per_claim,1801177977,ASHLEY NANCE,Family Nurse Practitioner,OH,Columbus,8623,4854,11761.85233083,252.459490071068
avg_cost_per_claim,1780076497,KRISTIN KREIDER,Physician Assistant,PA,Philadelphia,7625,3903,5386.52902878,252.323329173667
avg_cost_per_claim,1639663255,MICHAEL DAVIS,Student in an Organized Health Care Education/Training Program,IN,Fort Wayne,5589,994,5793.39583333,252.315540557813
avg_cost_per_claim,1760828073,RHONDA ANDERSON,Family Nurse Practitioner,IN,Shipshewana,4925,2672,13396.27600000,252.304833066919
avg_cost_per_claim,1124593934,BRYNN PARSEGOV,Student in an Organized Health Care Education/Training Program,UT,Salt Lake City,3406,322,9352.74007463,252.217999479518
avg_cost_per_claim,1497451181,LISA HOLLER,Nurse Practitioner,CA,Beverly Hills,6949,2497,15068.91833333,252.028603852389
avg_cost_per_claim,1811208390,JOSEPH TERLIZZI,Surgery Physician,NY,New York,2171,656,2836.34800000,252.016626406825
avg_cost_per_claim,1942618061,KELLY SHIN,Family Nurse Practitioner,MA,Boston,4098,1829,12690.70932271,251.891375089048
avg_cost_per_claim,1326065871,CHARLES HARRIS,Emergency Medicine Physician,IL,Chicago,2986,1493,821.71287500,251.839437950823
avg_cost_per_claim,1437730058,JACOB BEER,Student in an Organized Health Care Education/Training Program,FL,West Palm Beach,19042,2682,4198.15805556,251.643103319993
avg_cost_per_claim,1699880856,RENATA GALLAGHER,Pediatrics Physician,CA,San Francisco,9941,389,16118.82050000,251.407050527388
avg_cost_per_claim,1760058648,SEAN GOONAN,Physician Assistant,NY,Rochester,14666,6059,5972.02000000,251.146416227856
avg_cost_per_claim,1508917550,LAUREN STITT,Surgical Physician Assistant,PA,Pittsburgh,845,424,1604.79960784,250.709933759230
avg_cost_per_claim,1588797989,YUSUF GULLETH,Otolaryngology Physician,MA,Brighton,363,205,3770.01555556,250.688007720558
avg_cost_per_claim,1942213624,GARRETT CUPPELS,Orthopaedic Surgery Physician,FL,Boynton Beach,1483,890,1193.74972973,250.457245799692
avg_cost_per_claim,1336774603,NADINE AMBROISE,Family Nurse Practitioner,NY,New York,12607,4880,16820.58912088,250.022607043156
avg_cost_per_claim,1841322732,VINCENT FERRAGAMO,General Practice Dentistry,NY,Garden City,7467,3398,351.93545455,249.861615241204
avg_cost_per_claim,1669453908,JOHN MCGEE,Sports Medicine (Orthopaedic Surgery) Physician,VA,Williamsburg,73,49,1460.87000000,249.815126430372
avg_cost_per_claim,1578511168,KAYA MACMILLAN,Medical Physician Assistant,AZ,Phoenix,1047,551,10603.17622642,249.634095250778
avg_cost_per_claim,1932593464,MARGO BREILYN,Pediatrics Physician,NY,Bronx,5937,301,17378.95826087,249.547809982937
avg_cost_per_claim,1073103453,ANDREA STEWART,Family Nurse Practitioner,PA,Pittsburgh,6522,3282,14668.40191710,249.323320231780
avg_cost_per_claim,1174630917,QUAN LY,Surgery Physician,NE,Omaha,247,106,2066.95186441,249.265105531029
avg_cost_per_claim,1891736732,TERESA PARODI,Physician Assistant,CA,Santa Cruz,13480,6439,5181.69147994,249.163963517054
avg_cost_per_claim,1184016693,MARY PASQUINELLI,Family Nurse Practitioner,IL,Chicago,7070,3437,9768.15066667,249.073620937828
avg_cost_per_claim,1033633524,KIM ZAWODNI,Acute Care Nurse Practitioner,MI,Ann Arbor,808,248,8006.95132979,248.999979364163
avg_cost_per_claim,1588374466,CHELSEA WARE,Physician Assistant,DC,Washington,569,161,3630.26818182,248.924794043273
avg_cost_per_claim,1346809464,ANUSHA BAPATLA,Internal Medicine Physician,NJ,Fair Lawn,5051,3256,14875.78857143,248.650743368201
avg_cost_per_claim,1962858159,ASHLEY AUSTIN,Nurse Practitioner,MO,Saint Louis,1588,784,12350.49197368,248.084989259721
avg_cost_per_claim,1144264052,CHARLOTTE CHARFEN,Emergency Medicine Physician,HI,Kapaau,363,190,975.88520710,248.054733555019
avg_cost_per_claim,1730193533,DAVID REGULE,Emergency Medicine Physician,OH,Youngstown,2616,1447,750.72377720,247.857099768252
avg_cost_per_claim,1447549126,MELODY BECNEL,Hospitalist Physician,TX,Houston,1075,625,12926.79314448,247.554666879543
avg_cost_per_claim,1750857249,BRIANNA BONNE,Physician Assistant,IN,Indianapolis,2256,1156,2265.83406716,247.340389145275
avg_cost_per_claim,1881696003,RYAN SULLIVAN,Internal Medicine Physician,MA,Cambridge,7812,4337,16400.45363636,247.147798684567
avg_cost_per_claim,1104386242,SARAH MIZELLE,Student in an Organized Health Care Education/Training Program,FL,Tampa,19042,2682,4109.79462236,246.327175324499
avg_cost_per_claim,1407349442,SARAH NIMRI,Allergy & Immunology Physician,TX,Houston,272,181,62689.67615385,246.172510750068
avg_cost_per_claim,1437487717,NANCY HARDY,Internal Medicine Physician,MD,Baltimore,4192,2372,16707.88000000,246.027221462054
avg_cost_per_claim,1336370758,SIRISAK CHANPRASERT,Internal Medicine Physician,WA,Seattle,3822,2122,17017.86228571,245.471668513538
avg_cost_per_claim,1386690477,ADAM BARTA,Emergency Medicine Physician,TX,Austin,4378,2334,821.07269031,245.382744870334
avg_cost_per_claim,1063481612,JOSE VEGA,Pharmacist,TX,Lindale,18292,463,17028.09838710,244.564976677430
avg_cost_per_claim,1447225156,TINA LIN,Neurological Surgery Physician,MA,Cambridge,222,53,1351.20757576,244.545162269135
avg_cost_per_claim,1023277266,LAUREN PHILLIPS,Student in an Organized Health Care Education/Training Program,TX,Dallas,22576,2979,5553.18608491,244.448223030121
avg_cost_per_claim,1861863607,NICOLE CHEVALIER,Surgical Physician Assistant,CT,Hartford,632,295,1496.16127119,244.268045477580
avg_cost_per_claim,1558500397,MOLLY DIAZ,Physician Assistant,CA,Duarte,13480,6439,5069.13113402,243.729584326533
avg_cost_per_claim,1174543177,GLENN MILLS,Internal Medicine Physician,LA,Shreveport,1824,1271,15020.28272727,243.395308848650
avg_cost_per_claim,1497700546,T FERGUSON,Surgery Physician,NC,Greenville,1153,531,2036.10384615,243.342694688603
avg_cost_per_claim,1912467374,MARYAM ALASFOUR,Student in an Organized Health Care Education/Training Program,FL,Miami,19042,2682,4057.27521739,243.167617517881
avg_cost_per_claim,1780715896,CARMEN WILSON,Physician Assistant,MO,Saint Louis,1667,783,3287.20437500,243.006205963664
avg_cost_per_claim,1437498664,MELISSA GIESE,Surgical Physician Assistant,MD,Towson,362,140,1698.90580488,242.502225026440
avg_cost_per_claim,1639482672,KRISTIN CARROLL,Family Nurse Practitioner,MS,Flowood,3485,1952,11102.56141479,242.428784955659
avg_cost_per_claim,1801069919,DAWN DAWSON,Nurse Practitioner,NY,Holbrook,2931,1149,18949.59583333,242.427611614008
avg_cost_per_claim,1154703965,SARAH DAVIS,Physician Assistant,CO,Basalt,3792,1901,4608.58666667,242.376581148252
avg_cost_per_claim,1407523301,BENJAMIN WOODWARD,Student in an Organized Health Care Education/Training Program,MA,Lowell,14128,1958,5676.59991453,242.375339481373
avg_cost_per_claim,1427467802,MATTHEW SIEGEL,Dentist,NY,Bellmore,5749,2367,343.06823529,242.177379711730
avg_cost_per_claim,1124229091,OLGA KROMO,Student in an Organized Health Care Education/Training Program,FL,South Miami,19042,2682,4040.52874277,242.160152664667
avg_cost_per_claim,1912541996,STEPHANIE GRAY,Physician Assistant,MA,Boston,4332,1873,4353.38991111,242.153833350421
avg_cost_per_claim,1356561583,BENJAMIN HAITHCOCK,Surgery Physician,NC,Chapel Hill,1153,531,2025.02200000,242.012704850593
avg_cost_per_claim,1558300889,CHRISTOPHER GODEK,Plastic Surgery Physician,NJ,Toms River,187,54,1368.60416667,241.740032460818
avg_cost_per_claim,1588115141,SON HUYNH,Surgical Physician Assistant,CA,Fountain Valley,979,501,1842.24862745,241.661047891209
avg_cost_per_claim,1285196030,OMAR KHAN,Student in an Organized Health Care Education/Training Program,LA,Shreveport,4721,1218,6543.30294118,241.296736787166
avg_cost_per_claim,1770748956,MEREDITH WILTSIE,Nurse Practitioner,CA,Stanford,6949,2497,14427.70797927,241.268087715037
avg_cost_per_claim,1851720551,LISETTE KIMBERE,Adult Health Nurse Practitioner,NY,New York,5448,2232,21822.03230769,241.094428442409
avg_cost_per_claim,1437759396,ZAINAB HACHEM,Acute Care Nurse Practitioner,MI,Royal Oak,808,248,7752.24666667,241.052788527461
avg_cost_per_claim,1821679747,CHRISTI WOODS,Nurse Practitioner,TX,Austin,4831,2019,11369.64660377,241.051020480980
avg_cost_per_claim,1184058497,CHRISTINA WATERS,Physician Assistant,PA,Pittsburgh,7625,3903,5136.11245902,240.551830971100
avg_cost_per_claim,1245828862,VIKTOR STAKHNYUK,Surgical Physician Assistant,WA,Kirkland,470,282,1119.33470588,240.551533901255
avg_cost_per_claim,1457316762,LAURIE HERBST,Physician Assistant,NY,Buffalo,14666,6059,5716.98289267,240.384466566508
avg_cost_per_claim,1184697989,THOMAS DOYLE,Emergency Medicine Physician,OH,Westerville,2616,1447,727.51214286,240.115320155113
avg_cost_per_claim,1881191732,MARTINS AYOOLA,Gynecologic Oncology Physician,TX,Ft Worth,98,61,13737.89200000,240.110437076154
avg_cost_per_claim,1861095713,EMILY COLE,Physician Assistant,IL,Chicago,4437,2180,4055.44509804,239.706561866876
avg_cost_per_claim,1316262363,MANUJ AGARWAL,Radiation Oncology Physician,PA,Philadelphia,321,155,1681.15129213,239.372172671459
avg_cost_per_claim,1811912074,RICHARD FINN,Internal Medicine Physician,CA,Santa Monica,20021,12594,15670.22263736,239.304781621304
avg_cost_per_claim,1407389992,JESICA HAYON RODRIGUEZ,Student in an Organized Health Care Education/Training Program,NY,New York,43482,6379,5208.70579208,239.223667429476
avg_cost_per_claim,1922000918,PERISCO WOFFORD,Emergency Medicine Physician,TN,Memphis,1142,652,917.04846047,239.116278308992
avg_cost_per_claim,1811341720,ERIC SINGHI,Student in an Organized Health Care Education/Training Program,TX,Houston,22576,2979,5431.22559322,239.060255292657
avg_cost_per_claim,1962865642,PETER XIE,Student in an Organized Health Care Education/Training Program,OH,Cleveland,15977,3025,3518.85884058,238.696198516133
avg_cost_per_claim,1518940402,JEFFREY BRODSKY,Surgery Physician,PA,Allentown,1988,703,2249.43413333,238.448649345858
avg_cost_per_claim,1033265921,GARY ONIK,Vascular & Interventional Radiology Physician,FL,Celebration,235,35,2328.15480000,238.348526848491
avg_cost_per_claim,1780383794,LISA NGUYEN,Physician Assistant,TX,Houston,10016,4190,7975.91751323,238.233768020386
avg_cost_per_claim,1447420468,TAE HWAN CHUNG,Physical Medicine & Rehabilitation Physician,MD,Baltimore,325,100,6858.93391892,237.829585980310
avg_cost_per_claim,1366806234,GEOFFREY GIBSON,Student in an Organized Health Care Education/Training Program,TX,Mckinney,22576,2979,5399.62390244,237.664156539590
avg_cost_per_claim,1992144281,JAROLD MENDEZ,Emergency Medicine Physician,PR,Carolina,255,132,875.90581937,237.634648162596
avg_cost_per_claim,1851391403,DAVID DEAN,Thoracic Surgery (Cardiothoracic Vascular Surgery) Physician,GA,Atlanta,130,50,1575.47627451,237.518654867387
avg_cost_per_claim,1871066738,JENNIFER CARVER,Family Nurse Practitioner,TN,Johnson City,7875,4082,12750.82891892,237.440601159649
avg_cost_per_claim,1780217877,TREVOR HEDBERG,Physician Assistant,IL,Chicago,4437,2180,4016.38066667,237.387824757858
avg_cost_per_claim,1568490621,ASHLEY HUDDLESTON,Emergency Medicine Physician,TX,Fort Worth,4378,2334,794.40524194,237.334342592819
avg_cost_per_claim,1932726668,PAULINE NGO,Physician Assistant,MA,Saugus,4332,1873,4262.47040913,237.077011911022
avg_cost_per_claim,1447599089,KELLY TERRANOVA,Physician Assistant,FL,Tampa,9503,4279,4631.41166667,237.028754675042
avg_cost_per_claim,1346636453,JENNY YANG,Internal Medicine Physician,CA,La Jolla,20021,12594,15518.46191011,236.977340755060
avg_cost_per_claim,1962965434,JOHN TOMICH,Student in an Organized Health Care Education/Training Program,OH,Akron,15977,3025,3475.79935714,235.763980284908
avg_cost_per_claim,1740609825,JOSHUA REUSS,Student in an Organized Health Care Education/Training Program,DC,Washington,3063,403,4881.56000000,235.669828880591
avg_cost_per_claim,1497867717,ARASH GABAYAN,Radiation Oncology Physician,CA,Beverly Hills,629,297,2615.47571429,235.486428578265
avg_cost_per_claim,1770004558,FARHAD SANATI,Student in an Organized Health Care Education/Training Program,OH,Cleveland,15977,3025,3470.62363636,235.411529637143
avg_cost_per_claim,1770992877,JULIE HUYNH-LU,Physician Assistant,TX,Houston,10016,4190,7867.47722496,234.982994612915
avg_cost_per_claim,1285193177,NICOLE REBUSI,Student in an Organized Health Care Education/Training Program,ME,South Portland,1189,265,5621.55909091,234.953909336308
avg_cost_per_claim,1124048079,DOUGLAS JOHNSTON,Allergy & Immunology Physician,SC,Greenville,51,39,50228.41000000,234.846329656164
avg_cost_per_claim,1821746835,ROSALIE SICALAG,Gerontology Nurse Practitioner,TX,Houston,876,326,11815.96593284,234.714060304441
avg_cost_per_claim,1457748394,DAVID RITTER,Student in an Organized Health Care Education/Training Program,OH,Cincinnati,15977,3025,3456.77627778,234.468567157364
avg_cost_per_claim,1659876753,NOUR SHAHAB,Physician Assistant,CA,Pasadena,13480,6439,4877.29893805,234.467984379139
avg_cost_per_claim,1780907329,MONICA DUA,Surgery Physician,CA,Palo Alto,3327,1378,1429.69941176,234.455403339225
avg_cost_per_claim,1124265921,LINDSEY GRAHAM,Internal Medicine Physician,TX,Fort Bliss,10894,6960,19422.97000000,234.050308984529
avg_cost_per_claim,1144357138,MONICA BIEN,Medical Physician Assistant,CA,San Francisco,3430,1725,9575.71943925,234.034355239396
avg_cost_per_claim,1609837087,MATTHEW FRENCH,Surgery Physician,LA,Covington,462,233,2164.06448087,234.009867248549
avg_cost_per_claim,1841222411,KENNETH ARSHAM,Plastic Surgery Physician,OH,Beachwood,199,75,954.85333333,233.981565943077
avg_cost_per_claim,1417312034,TRENTON AVRIETT,Physician Assistant,FL,Tampa,9503,4279,4569.57923445,233.850974951828
avg_cost_per_claim,1306577085,LAURA SATTERWHITE,Pharmacist,WA,Spokane,7946,2493,7388.57498258,233.813092132604
avg_cost_per_claim,1376747964,JAVIER ANDRADE,Surgery Physician,NY,Far Rockaway,2171,656,2630.81818182,233.689569026608
avg_cost_per_claim,1619904240,MOHAMMED MIRZA,Orthopaedic Surgery Physician,NY,Smithtown,1424,761,1154.10769231,233.651908341974
avg_cost_per_claim,1437278959,AARON MANSFIELD,Internal Medicine Physician,MN,Rochester,3395,2037,18218.42653846,233.460405286592
avg_cost_per_claim,1568624534,GANESH GUNASEKARAN,Surgery Physician,NY,New York,2171,656,2628.10384615,233.447532197043
avg_cost_per_claim,1720407026,LAURA CHAMBERS,Gynecology Physician,OH,Columbus,122,42,15328.00444444,233.199735401835
avg_cost_per_claim,1952508046,NOREEN RUSSO,Surgical Physician Assistant,NC,West End,430,215,1774.27695925,232.876947758698
avg_cost_per_claim,1770138877,GRACE SHYU,Physician Assistant,PA,Philadelphia,7625,3903,4969.15253927,232.703435007839
avg_cost_per_claim,1336414630,ALICE LI,Student in an Organized Health Care Education/Training Program,CT,New Haven,6408,1206,4795.32938272,232.433961332553
avg_cost_per_claim,1821417627,ANDREW ZHANG,Radiation Oncology Physician,CA,Laguna Hills,629,297,2581.27692308,232.380772417440
avg_cost_per_claim,1508427949,KELLY CLEMENS,Registered Nurse,IL,Chicago,3857,455,9723.39826196,231.958351650328
avg_cost_per_claim,1396205639,PRATEEK POPHALI,Student in an Organized Health Care Education/Training Program,RI,Providence,1074,240,3644.24927273,231.926988772713
avg_cost_per_claim,1174073381,STONI JOHNSTON,Psychiatric/Mental Health Nurse Practitioner,TX,Houston,3256,1053,9647.84025641,231.710245247703
avg_cost_per_claim,1144217886,ALPA PATEL,Internal Medicine Physician,OH,Columbus,5920,3837,14847.96690476,231.532956388728
avg_cost_per_claim,1063812071,TIFFANY LEW,Pharmacist,CA,Oakland,32442,4634,11089.52315789,231.489092705611
avg_cost_per_claim,1174109680,TARA HERRERA,Student in an Organized Health Care Education/Training Program,FL,Miami,19042,2682,3857.55750000,231.152636132238
avg_cost_per_claim,1285885939,ELIZABETH DOWNES,Physician Assistant,CT,Norwalk,2236,1057,2881.31363636,231.055552837039
avg_cost_per_claim,1366617458,EDWARD MILLER,Cardiovascular Disease Physician,CT,New Haven,430,300,16583.60551724,230.787809099360
avg_cost_per_claim,1902040462,MADHAVI KONDUR MUPPALA,Student in an Organized Health Care Education/Training Program,FL,Daytona Beach,19042,2682,3848.44288462,230.604302536405
avg_cost_per_claim,1093133811,JIA LUO,Internal Medicine Physician,MA,Boston,7812,4337,15302.10180328,230.519573905376
avg_cost_per_claim,1881082915,COLLEEN TU,Pharmacist,CA,Redwood City,32442,4634,11038.47415385,230.398036326374
avg_cost_per_claim,1083098669,DANIEL SUFFICOOL,Radiation Oncology Physician,OH,Canton,263,134,1793.20145455,230.364591769188
avg_cost_per_claim,1457016628,JENNIFER STARK,Nurse Practitioner,LA,Hammond,961,502,13854.90846154,230.021835373829
avg_cost_per_claim,1043254709,BOHDAN OLESNICKY,Emergency Medicine Physician,CA,La Quinta,6975,3707,798.51333333,229.788977568617
avg_cost_per_claim,1023010766,JOSEPH YOON,Dentist,CA,Los Angeles,14647,5237,337.92966102,229.761860714051
avg_cost_per_claim,1932173895,KIMBERLI JOHNSTON,Physician Assistant,FL,Vero Beach,9503,4279,4488.81747614,229.700352555874
avg_cost_per_claim,1932337391,VERONICA SANMARTINO,Dentist,FL,Miami Beach,6096,3214,225.40960000,229.654199990462
avg_cost_per_claim,1962458224,LEE ANN KEELING,Emergency Medicine Physician,TX,Heath,4378,2334,768.68468571,229.571718270150
avg_cost_per_claim,1457908501,MORGANA JOKIEL,Family Medicine Physician,NM,Albuquerque,1242,750,12122.50067797,229.541822188566
avg_cost_per_claim,1104310846,ARIANA SANTOPIETRO,Student in an Organized Health Care Education/Training Program,MA,Boston,14128,1958,5371.38977011,229.300044920247
avg_cost_per_claim,1104351857,MEGAN EMMICH,Student in an Organized Health Care Education/Training Program,CT,Farmington,6408,1206,4729.43559524,229.228459750636
avg_cost_per_claim,1164946257,KRISTEN KINDERVATER,Physician Assistant,MI,Ann Arbor,6430,3263,6491.97990463,229.174774843695
avg_cost_per_claim,1174118186,ESHAN BUDHWANI,Physician Assistant,GA,Newnan,4310,1754,4031.06500000,228.633167573186
avg_cost_per_claim,1558366641,DOUGLAS LEWIS,Family Medicine Physician,KS,Wichita,1921,1296,7661.46534091,228.616958828897
avg_cost_per_claim,1679521728,JILL FLIEGE,Nurse Practitioner,NE,Omaha,825,400,11786.49211618,228.569708632333
avg_cost_per_claim,1184264582,AMANDEEP RAIKHY,Pharmacist,CA,Roseville,32442,4634,10948.51120000,228.475282757740
avg_cost_per_claim,1447277348,MICHELLE MAUERMANN,Neurology Physician,MN,Rochester,494,281,40212.37000000,228.317971339074
avg_cost_per_claim,1821709890,JULIA CLARK,Physician Assistant,GA,Tucker,4310,1754,4024.29948052,228.247837839239
avg_cost_per_claim,1104245521,VIKRAM PREMKUMAR,Student in an Organized Health Care Education/Training Program,NJ,Teaneck,9394,1066,5773.26377778,228.166088094385
avg_cost_per_claim,1902244965,CHARLES BENGTSON,Internal Medicine Physician,KS,Kansas City,1116,641,16725.07666667,228.130628118267
avg_cost_per_claim,1417590373,BRITTANY ANDRESS,Physician Assistant,FL,Jacksonville,9503,4279,4456.84240250,228.057044391965
avg_cost_per_claim,1902245806,JUAN MIRA,Surgery Physician,IA,Des Moines,432,206,2135.06300000,227.962162117476
avg_cost_per_claim,1215401674,NATASHA SALAZAR,Physician Assistant,CA,Downey,13480,6439,4742.28471928,227.949539051779
avg_cost_per_claim,1942961511,MARIA RACHIDI,Physician Assistant,MA,Methuen,4332,1873,4097.10181619,227.843054401821
avg_cost_per_claim,1922416601,MAUREEN BRADY,Surgical Physician Assistant,NY,Buffalo,2074,912,1656.78101266,227.806830904710
avg_cost_per_claim,1548826639,DAVID RILEY,Physician Assistant,PA,Du Bois,7625,3903,4863.13499239,227.719797688094
avg_cost_per_claim,1346337839,JAMES AIKINS,Obstetrics & Gynecology Physician,NJ,Voorhees,1312,583,15903.02272727,227.374071685827
avg_cost_per_claim,1477560803,STEPHEN THORNTON,Emergency Medicine Physician,KS,Kansas City,417,241,611.53588235,227.360692009025
avg_cost_per_claim,1477731362,CHERI SEELEY,Physician Assistant,CO,Golden,3792,1901,4320.18293478,227.149315617151
avg_cost_per_claim,1558890335,ABDULLAH SARKAR,Cardiovascular Disease Physician,CA,Los Angeles,2253,1549,19923.74000000,227.077999840626
avg_cost_per_claim,1891946646,SREERAM MADDIPATLA,Student in an Organized Health Care Education/Training Program,FL,Orlando,19042,2682,3788.47177998,226.996451839218
avg_cost_per_claim,1912462672,WIOLETTA MULCAHY,Physician Assistant,GA,Atlanta,4310,1754,3996.83751295,226.683743213736
avg_cost_per_claim,1962031872,MOHAMMED ZAMAN,Student in an Organized Health Care Education/Training Program,AL,Dothan,5675,762,4146.47538462,226.647690181568
avg_cost_per_claim,1679686141,CLIFFORD HUTCHISON,General Practice Dentistry,TX,Fort Worth,9658,4491,258.01090909,226.451721592969
avg_cost_per_claim,1750460762,KERRY BONDY,Physician Assistant,MI,Ann Arbor,6430,3263,6409.34096429,226.246832987510
avg_cost_per_claim,1184656795,AMY MCLEAN-EWANOW,Surgical Physician Assistant,NY,Rochester,2074,912,1645.09350877,226.191206525168
avg_cost_per_claim,1992729453,SHARMEEL WASAN,Internal Medicine Physician,MA,Boston,7812,4337,15010.09423841,226.098797902967
avg_cost_per_claim,1861420093,CHAD MICHENER,Obstetrics & Gynecology Physician,OH,Cleveland,1496,783,12705.87453333,226.047606222931
avg_cost_per_claim,1437588308,LARA GROSHEK,Surgical Physician Assistant,MD,Baltimore,362,140,1583.62790698,225.963357312806
avg_cost_per_claim,1346215100,JING WANG CHIANG,Obstetrics & Gynecology Physician,CA,Stanford,4940,2109,15766.36181818,225.756192677171
avg_cost_per_claim,1881241610,EMINA BEGOVIC,Physician Assistant,NY,New York,14666,6059,5366.06434783,225.576551928756
avg_cost_per_claim,1063733343,DAVID SALLMAN,Internal Medicine Physician,FL,Tampa,11073,7271,12182.04566845,225.538256114284
avg_cost_per_claim,1710507827,HAJAR HOUMANI,Nurse Practitioner,MA,Worcester,3184,1346,13516.22384615,225.455874137346
avg_cost_per_claim,1992793525,CORALEE KONING,Physician Assistant,CA,Fresno,13480,6439,4683.88025485,225.129789311871
avg_cost_per_claim,1821002023,DIANN FERNANDEZ,Nurse Practitioner,FL,Miami,8352,3159,12142.73066667,224.850630741403
avg_cost_per_claim,1063495562,ALEENA BANERJI,Internal Medicine Physician,MA,Boston,7812,4337,14923.29645492,224.784744417792
avg_cost_per_claim,1942521323,KELLY CUSHING-DAMM,General Practice Physician,MI,Brighton,367,120,10967.83824885,224.375905897779
avg_cost_per_claim,1902828940,NICHOLAS ZYROMSKI,Surgery Physician,IN,Indianapolis,634,338,1325.02523810,224.314353042674
avg_cost_per_claim,1073996336,SUZAN ROSEN,Family Nurse Practitioner,FL,Miami,20706,7739,9997.97792597,224.265785735228
avg_cost_per_claim,1336163831,RHODA PADOW,Psychiatry Physician,MD,Fulton,1396,618,8629.33166667,224.085037049973
avg_cost_per_claim,1427698513,LAURA BARGER,Registered Nurse,TN,Memphis,4763,522,11583.08921569,223.939570932332
avg_cost_per_claim,1174004675,AMBER BECK,Physician Assistant,PA,Du Bois,7625,3903,4779.57275000,223.791731797570
avg_cost_per_claim,1093127425,SAMUEL MARCROM,Radiation Oncology Physician,AL,Birmingham,76,53,2594.18960000,223.782412508728
avg_cost_per_claim,1366426728,LYNSEY WESTERLUND,Physician Assistant,AZ,Scottsdale,3272,1570,4397.66411765,223.693646800108
avg_cost_per_claim,1548835176,ANTONIO ROKI,Surgery Physician,FL,Ft Lauderdale,2075,914,1510.66535714,223.613209637020
avg_cost_per_claim,1679869507,BRANDON BLUE,Hospitalist Physician,FL,Tampa,1207,745,12420.54523327,223.534094576592
avg_cost_per_claim,1477650794,MAX HAMMER,Surgery Physician,IL,Springfield,1531,557,1725.44500000,223.302631443459
avg_cost_per_claim,1396304929,JASON CHING,Student in an Organized Health Care Education/Training Program,ID,Twin Falls,738,172,5371.21777778,222.958659204568
avg_cost_per_claim,1760673883,RACHEL SISODIA,Obstetrics & Gynecology Physician,MA,Boston,1112,479,14024.67411765,222.737797127620
avg_cost_per_claim,1699782474,DOANTRANG DU,Internal Medicine Physician,NJ,Long Branch,5051,3256,13314.63063291,222.423222869812
avg_cost_per_claim,1558636316,OMID HARIRI,Surgery Physician,CA,Colton,3327,1378,1356.72626374,222.420768368392
avg_cost_per_claim,1871762955,CATHERINE MAST,Registered Nurse,CO,Edwards,5329,312,12129.67076923,222.420286607462
avg_cost_per_claim,1053801670,KIMBERLY HO,Physician Assistant,CA,Los Angeles,13480,6439,4623.19177384,222.199767947691
avg_cost_per_claim,1770044430,NISHANT PATEL,Student in an Organized Health Care Education/Training Program,KY,Louisville,4670,680,4152.69380952,222.099337806999
avg_cost_per_claim,1972554897,NEENA CHAMPAIGNE,Pediatrics Physician,SC,Charleston,1248,66,13223.72358209,221.826030699584
avg_cost_per_claim,1790701506,CAITLYN JOYCE,Physician Assistant,MA,Boston,4332,1873,3987.59867470,221.728547785625
avg_cost_per_claim,1164636908,CHING-WEI TZENG,Surgical Oncology Physician,TX,Houston,130,52,1365.90791667,221.533256743318
avg_cost_per_claim,1295112423,AMIE FONDER,Physician Assistant,MN,Rochester,3595,1982,5067.32254844,221.513963766102
avg_cost_per_claim,1215173372,ELLEN BALDINO,Physician Assistant,SC,Charleston,2219,1078,4674.83491379,221.510075780780
avg_cost_per_claim,1184681561,THOMAS CLANCY,Surgery Physician,MA,Boston,1091,313,1566.48200000,221.425500754458
avg_cost_per_claim,1093393563,TAYINA HYPPOLITE,Student in an Organized Health Care Education/Training Program,FL,Miami,19042,2682,3694.56657895,221.347132103667
avg_cost_per_claim,1407145758,NELSON ROYALL,Surgery Physician,GA,Gainesville,1011,552,1419.94500000,221.226641984224
avg_cost_per_claim,1568162246,MARY LOUISE KISTLER,Family Nurse Practitioner,SC,Charleston,3851,1959,13205.37370370,221.060320549941
avg_cost_per_claim,1275064503,KEVIN CHAUNG,Radiation Oncology Physician,OH,Ravenna,263,134,1721.21336735,221.022263683393
avg_cost_per_claim,1639374911,ATHENA LEE,Surgical Physician Assistant,NJ,Basking Ridge,498,210,1229.32400000,220.327853907290
avg_cost_per_claim,1952525669,JOHN OLSON,General Practice Dentistry,CA,Huntington Beach,17486,6449,334.65028571,220.227735393701
avg_cost_per_claim,1881077063,PARDEEP MASUTA,Student in an Organized Health Care Education/Training Program,MD,Salisbury,7249,977,4047.31887081,220.135505272087
avg_cost_per_claim,1578698940,EDNA CARABALLO-GONZALEZ,Physician Assistant,TX,San Antonio,10016,4190,7366.87876894,219.976282858341
avg_cost_per_claim,1821516949,HAYDEN INGRAM,Pharmacist,WA,Spokane,7946,2493,6966.75177419,219.964386456401
avg_cost_per_claim,1164914883,SHANNON CHAGAT,Family Nurse Practitioner,OH,Columbus,8623,4854,10250.37533333,219.903748617247
avg_cost_per_claim,1720001324,ANGELINA COLLINS,Registered Nurse,CA,San Diego,15770,1024,11576.25810021,219.766703482634
avg_cost_per_claim,1962714964,SCOTT THOMPSON,Physician Assistant,CA,Huntington Beach,13480,6439,4570.97611111,219.678811667396
avg_cost_per_claim,1184784621,NAVREET CHOWLA,Internal Medicine Physician,MN,Rochester,3395,2037,17117.85682540,219.299920817329
avg_cost_per_claim,1053562090,NICOLE ALIMI,Adult Health Nurse Practitioner,CA,Los Angeles,1459,585,18278.00461538,219.214278505908
avg_cost_per_claim,1679777825,TAHAR MAHMOUDI,Internal Medicine Physician,MO,Kansas City,3400,2016,14705.29055556,219.082440416036
avg_cost_per_claim,1083898969,ALEXIS CRUZ-CHACON,Internal Medicine Physician,PR,San Juan,1326,902,8826.40439865,219.074588461765
avg_cost_per_claim,1720733462,MARY STILL,Physician Assistant,TN,Chattanooga,2794,1393,4112.06692308,218.994387308205
avg_cost_per_claim,1700064433,REGINA LAINE,Pediatric Nurse Practitioner,MA,Boston,1145,36,26451.10240000,218.645759000226
avg_cost_per_claim,1003999228,SCOTT COOPER,Emergency Medicine Physician,IL,Carbondale,2986,1493,714.18315789,218.594039528423
avg_cost_per_claim,1073553160,ALISON STEVONS,Physician Assistant,NC,Charlotte,8094,4399,6418.92450980,218.552254611729
avg_cost_per_claim,1104912575,JENNIFER TAYLOR-COUSAR,Pediatrics Physician,CO,Denver,1429,52,10115.45674938,218.478229619631
avg_cost_per_claim,1245469162,BRITTANY DAVIDSON,Obstetrics & Gynecology Physician,NC,Durham,1468,667,12202.85153846,218.447725170806
avg_cost_per_claim,1760643027,MICHAEL DAVIS,Student in an Organized Health Care Education/Training Program,TN,Chattanooga,5929,978,3807.63200000,218.435868971454
avg_cost_per_claim,1245758184,JEFFREY FUCHS,Student in an Organized Health Care Education/Training Program,IL,Chicago,10607,1520,4191.08000000,218.226527035122
avg_cost_per_claim,1932628252,JILLIAN BENSKO,Physician Assistant,MA,Boston,4332,1873,3922.16063492,218.074576568533
avg_cost_per_claim,1720432420,LAN WANG,Student in an Organized Health Care Education/Training Program,CA,Santa Clara,48939,6099,5861.49767045,217.974053448956
avg_cost_per_claim,1679667646,HONG JIN KIM,Surgery Physician,NC,Chapel Hill,1153,531,1824.30487805,217.923601925438
avg_cost_per_claim,1356351167,CHERYL KUSHNER,Pediatric Nurse Practitioner,FL,Hollywood,1433,44,16819.71520833,217.922827939993
avg_cost_per_claim,1831152677,EDWARDO RAMOS CORTES,Physical Medicine & Rehabilitation Physician,PR,San Juan,189,113,999.44855491,217.864605138718
avg_cost_per_claim,1154411890,ELLEN ARCH,Pediatrics Physician,UT,St George,761,35,17093.20615385,217.713121754904
avg_cost_per_claim,1811213697,SHUCHI GULATI,Internal Medicine Physician,OH,Cincinnati,5920,3837,13959.31187500,217.608294317088
avg_cost_per_claim,1639166713,JAMES BAILEN,Urology Physician,IN,Jeffersonville,274,199,12699.66132450,217.576442581950
avg_cost_per_claim,1710496864,LAUREN REES,Acute Care Nurse Practitioner,IL,Chicago,727,248,7394.20000000,217.440583595469
avg_cost_per_claim,1730446873,KURT PRINS,Student in an Organized Health Care Education/Training Program,MN,Minneapolis,4543,969,9878.07343575,217.320360647776
avg_cost_per_claim,1700317757,NICOLE BURAK,Student in an Organized Health Care Education/Training Program,NJ,Morristown,9394,1066,5498.07296296,217.250926713037
avg_cost_per_claim,1861933665,JOSEPH DEMARCO,Physician Assistant,NY,Buffalo,14666,6059,5168.60084536,217.244069272473
avg_cost_per_claim,1235343989,DAWN WANG,Plastic and Reconstructive Surgery Physician,PA,Pittsburgh,90,36,896.89545455,217.156462705139
avg_cost_per_claim,1083001689,JONATHAN HU,Pharmacist,CA,Oakland,32442,4634,10391.33812155,216.566975181241
avg_cost_per_claim,1164856266,MADELINE WOOD,Physician Assistant,CT,Hartford,2236,1057,2700.50373134,216.488149329726
avg_cost_per_claim,1588131254,LISA IWASAKI,Physician Assistant,CA,Torrance,13480,6439,4501.40333333,216.319859163260
avg_cost_per_claim,1962758862,SANDRA STEWART,Physician Assistant,NY,New York,14666,6059,5139.61430982,216.020907515330
avg_cost_per_claim,1336368315,EMILY PEARSE,Pharmacist,CA,Napa,32442,4634,10349.24136364,215.667252706206
avg_cost_per_claim,1205368289,AFSHAN HUSAIN,Student in an Organized Health Care Education/Training Program,IL,Chicago,10607,1520,4141.60000000,215.639480234519
avg_cost_per_claim,1649463050,TINA GREGG,Family Nurse Practitioner,MS,Flowood,3485,1952,9878.48178571,215.602493679719
avg_cost_per_claim,1992860399,LAKSHMI SAVITALA-DAMERLA,Physician Assistant,CA,Los Angeles,13480,6439,4485.31484810,215.543112000427
avg_cost_per_claim,1588656367,PAUL FELDMAN,Plastic Surgery Physician,GA,Fayetteville,165,70,716.73444444,215.498946694697
avg_cost_per_claim,1235543380,PAIGE GOFORTH,Physician Assistant,TN,Kingsport,2794,1393,4043.57206349,215.330409777609
avg_cost_per_claim,1215484944,SAMANTHA OSBORNE,Physician Assistant,TN,Nashville,2794,1393,4042.34868687,215.264968013453
avg_cost_per_claim,1144746967,RACHEL PATEL,Surgical Physician Assistant,NY,New York,2074,912,1565.48653846,215.186721459346
avg_cost_per_claim,1932548658,HEATHER MCDANIEL MILLER,Medical Physician Assistant,ME,Augusta,241,125,10301.33054054,215.148511706721
avg_cost_per_claim,1124010228,WILLIAM BARRETT,Radiation Oncology Physician,OH,Cincinnati,263,134,1675.62807143,215.106385002111
avg_cost_per_claim,1437669397,HUAJUN HE,Physician Assistant,CA,Alhambra,13480,6439,4474.25575419,215.009182317471
avg_cost_per_claim,1760596241,KATHERINE MORGAN,Surgery Physician,SC,Charleston,690,337,1457.92583333,214.985661224888
avg_cost_per_claim,1184792368,EUREKA RIGBY,Physician Assistant,NC,Gastonia,8094,4399,6314.47640000,214.981899929017
avg_cost_per_claim,1033152079,ANDREW LANE,Otolaryngology Physician,MD,Baltimore,248,142,2573.01178082,214.335232273771
total_medicare_payment,1255987475,IRA DENNY,Family Nurse Practitioner,AZ,Surprise,5277,2124,135258779.60400000,8061.149708422611
total_medicare_payment,1174182760,JORGE KINDS,Family Nurse Practitioner,AZ,Phoenix,5277,2124,123873262.06520000,7382.526091263711
total_medicare_payment,1417543117,CARLOS CHING,Family Nurse Practitioner,AZ,Phoenix,5277,2124,62941988.09100000,3750.771855976694
total_medicare_payment,1225551484,BETHANY JAMESON,Family Nurse Practitioner,AZ,Gilbert,5277,2124,49920483.88070000,2974.636712542978
total_medicare_payment,1477988475,SHEEBA MATHAI,Registered Nurse,TX,Frisco,10745,731,16207660.41780000,2015.305829363315
total_medicare_payment,1700860715,KEITH GOSS,Foot & Ankle Surgery Podiatrist,AZ,Chandler,233,179,91262643.57380000,1827.941271135101
total_medicare_payment,1376521773,DAVID CHESS,Geriatric Medicine (Internal Medicine) Physician,CT,Stratford,84,47,41743310.86850000,1726.593967590827
total_medicare_payment,1275217952,GINA PALACIOS,Nurse Practitioner,AZ,Phoenix,1260,491,27019433.87640000,1440.291146187997
total_medicare_payment,1982847851,JOHNSON LEE,Plastic Surgery Physician,CA,Beverly Hills,794,154,22462190.70230000,1437.863365271944
total_medicare_payment,1174092035,CARLOS REYES CHOUZA,Nurse Practitioner,FL,West Palm Beach,8352,2648,23195359.93660000,1264.238368678081
total_medicare_payment,1992489728,ELISABETH BALKEN,Nurse Practitioner,AZ,Mesa,1260,491,23280166.77040000,1240.843661681987
total_medicare_payment,1023311040,STEPHEN DUBIN,Family Medicine Physician,NV,Las Vegas,1189,564,33219044.25370000,1097.511023224081
total_medicare_payment,1811149685,KIRK MITCHELL,Family Medicine Physician,CO,Longmont,3366,1389,27133944.66630000,1049.409835137128
total_medicare_payment,1285292334,ARLENE BAUTISTA,Family Nurse Practitioner,AZ,Tucson,5277,2124,16845817.51070000,1003.250725753758
total_medicare_payment,1255832002,NYRIE AUSTIN,Family Nurse Practitioner,NJ,Fair Lawn,3541,1279,15872581.31190000,881.570746956779
total_medicare_payment,1184886178,MERRY TAHERI,Family Nurse Practitioner,CA,Torrance,15168,3050,12149038.24920000,876.949241488178
total_medicare_payment,1659869881,BRENT BYERS,Registered Nurse,OK,Edmond,1796,198,9823451.93070000,869.954158049099
total_medicare_payment,1003053851,AARON JENG,Internal Medicine Physician,CA,San Gabriel,20021,10098,43170234.32490000,765.137183593464
total_medicare_payment,1174718134,RICHARD PARK,General Practice Physician,CA,Granada Hills,1845,410,31709035.27510000,735.885886624134
total_medicare_payment,1962465047,JEFFREY WEBER,Gastroenterology Physician,WI,Milwaukee,267,175,20824469.10350000,708.538797316041
total_medicare_payment,1962069203,SAMUEL JURCA,Family Medicine Physician,TX,Kerrville,10393,5503,23978409.51440000,689.880386470426
total_medicare_payment,1275679250,BARRY JACOBSON,Obstetrics & Gynecology Physician,PA,Glen Mills,1949,757,2957279.73410000,674.710177081107
total_medicare_payment,1831709740,MARIZEL YUKEE,Primary Care Nurse Practitioner,NV,Las Vegas,118,53,19674216.63490000,621.440158210280
total_medicare_payment,1699894378,BRENT EATON,Acute Care Nurse Practitioner,TX,Sugar Land,2853,1026,5893775.44720000,573.097381860839
total_medicare_payment,1952575342,SOM KOHANZADEH,Surgery Physician,CA,Beverly Hills,3327,1526,14722227.87020000,530.784404632265
total_medicare_payment,1346680790,JOSEPH SIDAOUI,Student in an Organized Health Care Education/Training Program,NY,Brooklyn,43482,3391,16311990.94710000,517.865092205924
total_medicare_payment,1497957476,AMIR BALUCH,Anesthesiology Physician,FL,Miami,3233,1650,6353048.93940000,517.830013517832
total_medicare_payment,1023631884,SIYA OLOSO,Registered Nurse,TX,Houston,10745,731,4131805.76670000,513.062051263078
total_medicare_payment,1689292401,LOBABA HABACH,Family Nurse Practitioner,FL,Orlando,20706,5705,8478289.21900000,500.347864854000
total_medicare_payment,1861093601,PHILANA CUNNINGHAM,Family Nurse Practitioner,CA,Atascadero,15168,3050,6877248.00000000,496.056001071147
total_medicare_payment,1598398703,BLANDON SORRELL,Family Nurse Practitioner,LA,Hammond,4099,1768,6185351.90880000,493.629183359307
total_medicare_payment,1881023422,APRIL LOPEZ,Family Nurse Practitioner,TX,Mcallen,18908,6434,6685241.21160000,493.425970053120
total_medicare_payment,1750343422,RAYMOND WAWROWSKI,Physician Assistant,OH,Hudson,4893,2470,4681589.76980000,488.394949991097
total_medicare_payment,1225633753,JAMI GORTON,Gerontology Nurse Practitioner,CO,Windsor,188,90,10310110.85500000,459.617605740648
total_medicare_payment,1164023339,FLOR FIMBRES,Nurse Practitioner,AZ,Scottsdale,1260,491,8521043.91860000,453.611874580368
total_medicare_payment,1548808439,ROBERT JOHNSON,Nurse Practitioner,FL,Melbourne,8352,2648,8330245.95720000,453.494892261303
total_medicare_payment,1588676407,GAUTAM BHAKTA,Hospitalist Physician,CA,Arroyo Grande,1831,1105,19040867.94460000,452.744994583877
total_medicare_payment,1902008170,WILFREDO BLASINI,Hematology (Pathology) Physician,FL,Fort Myers,45,30,16915356.01620000,433.377414983184
total_medicare_payment,1003077322,SIMON FENSTERSZAUB,Family Medicine Physician,NY,Brooklyn,5887,3141,14764331.52450000,432.842100925816
total_medicare_payment,1861748154,NICHOLAS BAI,Physician Assistant,CA,San Diego,13480,4124,5966113.88980000,432.020687423121
total_medicare_payment,1740662147,BABAK BAHARLOO,Foot & Ankle Surgery Podiatrist,TX,Houston,588,426,18279551.84060000,431.445607949302
total_medicare_payment,1063056687,RACHEL TEDESCO,Nurse Practitioner,NC,Whiteville,3931,1868,5736746.97830000,419.254739331690
total_medicare_payment,1417952847,IVORY CHRISTEN,Family Nurse Practitioner,FL,Hallandale Beach,20706,5705,7079616.81810000,417.665775372212
total_medicare_payment,1558978643,MAYRA FLORES,Nurse Practitioner,CA,Santa Cruz,6949,1562,5950089.60000000,413.700330476423
total_medicare_payment,1316420631,ERIC OGARI,Family Nurse Practitioner,AZ,Goodyear,5277,2124,6928621.71460000,412.145116343600
total_medicare_payment,1235351610,PRADEEP MOHAN,Plastic and Reconstructive Surgery Physician,TX,Cibolo,269,69,1929234.92680000,407.500848587268
total_medicare_payment,1295719441,RYAN WOLF,Physician Assistant,CO,Loveland,3792,1522,4638037.90060000,400.386372974603
total_medicare_payment,1841489440,JACK AZAD,General Practice Physician,CA,Los Angeles,1845,410,17207531.56600000,398.989290886110
total_medicare_payment,1609840438,STEPHEN PRICE,Physician Assistant,LA,Alexandria,1431,716,3363455.98600000,397.771224794194
total_medicare_payment,1316554264,KELLIE KING,Family Nurse Practitioner,TX,Fort Worth,18908,6434,5272447.53670000,388.970004815657
total_medicare_payment,1518538115,SYDNEY PEEK,Family Nurse Practitioner,TX,Paris,18908,6434,5088302.98080000,375.355138277469
total_medicare_payment,1326439159,PATRICK BLACK,Physical Therapist,CA,Beaumont,21999,5615,13987167.54750000,372.740469146653
total_medicare_payment,1194740571,AMANDA MCKEE,Family Nurse Practitioner,IL,Mount Vernon,7070,2987,5451784.04670000,370.487329423561
total_medicare_payment,1578500336,MING-WEI WU,Surgery Physician,CA,Pomona,3327,1526,9785735.86380000,352.486618725732
total_medicare_payment,1518927763,JOHN CROKER,Family Nurse Practitioner,FL,Orange City,20706,5705,5961163.84370000,351.548771239574
total_medicare_payment,1124586573,COURTNEY WILLIAMS,Family Nurse Practitioner,CO,Westminster,3088,1085,4081037.55050000,350.238999643498
total_medicare_payment,1306418819,LISA CASAZZA,Nurse Practitioner,AZ,Phoenix,1260,491,6436228.55070000,342.410623372633
total_medicare_payment,1962015941,JAMIE KATE ADOC,Family Nurse Practitioner,CA,Santa Monica,15168,3050,4748158.68660000,342.226715499465
total_medicare_payment,1043478878,JOSEPH PALUMBO,Emergency Medicine Physician,WV,Glen Dale,444,255,7888084.68570000,340.133244823445
total_medicare_payment,1861902322,MONIQUE JONES,Registered Nurse,MI,Southfield,6200,417,1591889.49810000,334.828358418215
total_medicare_payment,1033383351,RYAN OLSON,Hematology (Pathology) Physician,FL,Fort Myers,45,30,12763529.19400000,326.671211913875
total_medicare_payment,1578846598,SHANDA JACKSON,Family Nurse Practitioner,LA,Ferriday,4099,1768,3997335.48520000,318.703888122274
total_medicare_payment,1316577471,THUY VO,Family Nurse Practitioner,CA,Fremont,15168,3050,4392403.28820000,316.522956418194
total_medicare_payment,1144978271,SARAH FINCH,Nurse Practitioner,KS,Hutchinson,1214,607,6168205.82000000,315.271395988056
total_medicare_payment,1821556770,SHANICE FIGUEROA,Registered Nurse,GA,Atlanta,4050,325,2828901.28400000,312.647166723128
total_medicare_payment,1578196457,DANIELLE YOUNG,Family Nurse Practitioner,PA,Malvern,6522,2668,3703987.12630000,308.380893143599
total_medicare_payment,1659355170,ROBERT BRENNAN,Infectious Disease Physician,VA,Lynchburg,193,109,15926140.95190000,307.985296352633
total_medicare_payment,1871658567,SHAHID JAVERY,Internal Medicine Physician,CO,Parker,2678,1359,11367188.48720000,298.387668087718
total_medicare_payment,1235703364,COLEEN YAHL,Primary Care Nurse Practitioner,AZ,Queen Creek,260,91,4014291.88840000,295.232560567005
total_medicare_payment,1972908499,TIFFANY LOPEZ,Primary Care Nurse Practitioner,TX,Houston,733,189,5249667.99180000,294.950075860022
total_medicare_payment,1760413652,WILLIAM SHARFMAN,Medical Oncology Physician,MD,Lutherville,186,79,9137960.18680000,286.043081612533
total_medicare_payment,1548385594,LESLIE DENTON,Emergency Medicine Physician,NV,Las Vegas,488,300,6960534.33160000,285.530498709680
total_medicare_payment,1548904360,SHERRI BARTON,Family Nurse Practitioner,FL,Fort Walton Beach,20706,5705,4834236.66980000,284.930817405708
total_medicare_payment,1023319746,THAI PHOU,Surgical Physician Assistant,CA,La Puente,979,332,4717945.29670000,282.004778422359
total_medicare_payment,1558752865,AMER HOMSI,Surgery Physician,UT,Ogden,286,143,3880845.04480000,281.904844246763
total_medicare_payment,1003133984,BLANCA CARDENAS,Family Nurse Practitioner,CA,San Diego,15168,3050,3898792.60030000,280.858985446048
total_medicare_payment,1134633266,WENDY PREWETT,Acute Care Nurse Practitioner,TX,Tyler,2853,1026,2882937.68740000,279.873895084253
total_medicare_payment,1114456225,JUSTIN CURTIS,Podiatrist,CO,Durango,107,68,7691221.48190000,277.765668086085
total_medicare_payment,1992260996,CHIH-TAO HOU,Family Nurse Practitioner,CA,Fountain Valley,15168,3050,3824151.17730000,275.466052090985
total_medicare_payment,1871593731,CHARLES ATKINSON,Surgery Physician,AZ,Tucson,803,387,5688964.98840000,270.762258113772
total_medicare_payment,1487244422,ALLISON DUNNE,Surgical Physician Assistant,WI,Platteville,288,144,1357779.54570000,268.359763497236
total_medicare_payment,1053996785,COLLIN PERRI,Physician Assistant,WA,Spokane,3453,1568,3763960.58460000,266.773346414112
total_medicare_payment,1902994551,HUMBERTO VILLALVAZO,Family Medicine Physician,OR,Roseburg,2650,1117,4281160.81260000,262.271583619219
total_medicare_payment,1659709574,TY SHETTRON,Family Nurse Practitioner,CO,Castle Rock,3088,1085,3044107.77180000,261.015065671160
total_medicare_payment,1003468745,LORI CRAIG,Nurse Practitioner,OK,Oklahoma City,639,289,4490838.84250000,258.631228411978
total_medicare_payment,1831355460,JOEZER LUGO RANAL,Physical Medicine & Rehabilitation Physician,PR,San Juan,189,81,1036161.53690000,257.807313922452
total_medicare_payment,1629046669,DAVID JENSON,Podiatrist,TX,Shenandoah,580,366,13095274.21660000,256.932407124775
total_medicare_payment,1679959845,VIOLETTA MAILYAN,Family Medicine Physician,CA,Glendale,15915,6443,8751064.77180000,255.146334683299
total_medicare_payment,1467642611,ROBYN OLNEY,Anatomic Pathology & Clinical Pathology Physician,TX,Dallas,1143,592,7683642.25820000,254.190560059511
total_medicare_payment,1497416184,SURANY THOMPSON,Family Nurse Practitioner,FL,Boca Raton,20706,5705,4249459.08840000,250.361870251860
total_medicare_payment,1508529561,BROOKE HEYING,Physician Assistant,CA,Rancho Cucamonga,13480,4124,3455122.36790000,249.820731026229
total_medicare_payment,1881105013,JODY HUSS,Acute Care Nurse Practitioner,OH,Blue Ash,1549,705,1877140.32830000,246.006484352136
total_medicare_payment,1730686692,NOSHEEN KHAN,Student in an Organized Health Care Education/Training Program,NY,Far Rockaway,43482,3391,7736196.72260000,245.145858362060
total_medicare_payment,1629472873,ADAKU IWU,Family Nurse Practitioner,TX,Bellaire,18908,6434,3315266.27230000,244.264332820025
total_medicare_payment,1851316434,DANIEL GUTSTEIN,Family Medicine Physician,IL,Skokie,5806,2912,9338060.80760000,243.762658687541
total_medicare_payment,1316531676,RACHEL ROBINSON,Registered Nurse,TN,Jackson,4763,768,2101901.26350000,242.793238010964
total_medicare_payment,1427335348,SCOTT COOPER,Medical Physician Assistant,OK,Ardmore,529,262,4371448.80720000,240.370990582331
total_medicare_payment,1447968177,BERONICA SIMPSON,Family Nurse Practitioner,CA,Thousand Oaks,15168,3050,3255110.11420000,234.352145010292
total_medicare_payment,1891791703,RAVINDRA GAUTAM,Internal Medicine Physician,CA,Barstow,20021,10098,13017091.10180000,230.076289401850
total_medicare_payment,1396345948,MYLENE LILIAN GONZALES,Gerontology Nurse Practitioner,GA,Johns Creek,285,113,4126301.12100000,228.633620177751
total_medicare_payment,1710427133,LAXMI DESHABATHINI,Family Nurse Practitioner,IL,Schaumburg,7070,2987,3307053.07790000,224.386910786646
total_medicare_payment,1730384876,SARJU PATEL,Student in an Organized Health Care Education/Training Program,CA,Sacramento,48939,3304,7480158.62600000,218.837490504209
total_medicare_payment,1760879217,JAMES MICHAIL,Geriatric Medicine (Family Medicine) Physician,CA,Granada Hills,250,84,20381510.43380000,217.959592964852
total_medicare_payment,1457495483,MEI TANG,Medical Oncology Physician,MD,Baltimore,186,79,6937993.68900000,216.887760302571
total_medicare_payment,1780279448,NIKOLAUS KING,Acute Care Nurse Practitioner,TN,Germantown,925,416,2354146.34580000,215.329614116474
total_medicare_payment,1568119667,KRISTINA BIKOULOVA,Registered Nurse,CT,Wilton,1260,185,1909645.57610000,213.861761572900
total_medicare_payment,1386318780,ULRIKE PASTERNAK,Family Nurse Practitioner,NV,Las Vegas,1911,680,4002723.75240000,211.974793385359
total_medicare_payment,1861692287,ALLA SHABTAI,Physician Assistant,NY,Bronx,14666,4574,2283354.64690000,211.823729386158
total_medicare_payment,1811659758,ALEXANDER STEPHENS,Registered Nurse,FL,Palmetto,6322,641,1950240.20650000,210.518070053660
total_medicare_payment,1154492247,ANN ANDERSON,Clinical Pathology/Laboratory Medicine Physician,NY,Garden City,93,46,5154443.55590000,208.325648918201
total_medicare_payment,1104130574,RYAN ELLSWORTH,Podiatrist,GA,Atlanta,224,150,9116201.49760000,207.659121632623
total_medicare_payment,1598378986,NICOLE KIRK,Family Nurse Practitioner,KS,Wichita,2114,890,3044952.69570000,207.581128538351
total_medicare_payment,1780691238,ROLANDO JIMENEZ,Hematology & Oncology Physician,PR,Ponce,101,51,784157.95690000,206.020813376463
total_medicare_payment,1871927343,SHANNON WEATHERS,Family Nurse Practitioner,MS,Laurel,3485,1624,4567224.28320000,205.301660026358
total_medicare_payment,1104497700,JARED SMITH,Family Nurse Practitioner,LA,Metairie,4099,1768,2573797.33040000,204.896318250443
total_medicare_payment,1790812477,HELI HUNTER,Acute Care Nurse Practitioner,MN,Golden Valley,145,73,1181271.24770000,204.854791577045
total_medicare_payment,1073090346,BRADLEY HAMAR,Optometrist,CA,Yuba City,8047,2079,2349408.44970000,203.973828105813
total_medicare_payment,1699744367,JOHN STORHEIM,Anesthesiology Physician,CO,Grand Junction,1133,508,1334730.61180000,201.560611263627
total_medicare_payment,1831686633,JUANITA GOLDEN-ALLEN,Acute Care Nurse Practitioner,MO,Springfield,413,206,2928761.22790000,201.396009715578
total_medicare_payment,1619344579,SARAH HARVILLE,Women's Health Nurse Practitioner,TX,Greenville,893,69,513534.92790000,201.219744478540
total_medicare_payment,1588392336,JOY POLLARD-STOIBER,Registered Nurse,AZ,Litchfield Park,3855,300,2204485.96190000,200.282125751614
total_medicare_payment,1134470636,BALJIT SOHAL,Optometrist,CA,Marysville,8047,2079,2304061.42840000,200.020179190781
total_medicare_payment,1861462129,MARTIN BELKIN,Neurology Physician,MI,Farmington Hills,655,411,4686945.10100000,199.732805166088
total_medicare_payment,1164920716,EBOT MANGA,Family Nurse Practitioner,GA,Dacula,7938,2726,2746428.01240000,197.286848341477
total_medicare_payment,1205147592,KETURA WISNER,Obstetrics & Gynecology Physician,NM,Albuquerque,224,66,410943.82880000,196.997373511240
total_medicare_payment,1003878000,MICHAEL HAFRAN,Family Medicine Physician,MI,East Lansing,5648,2794,3676440.35520000,196.855772645031
total_medicare_payment,1477518686,NOELLE CLOVEN,Obstetrics & Gynecology Physician,TX,Fort Worth,3386,998,806974.69760000,196.776739057886
total_medicare_payment,1386386043,ALBERT-MARY LONGCHAMP,Registered Nurse,FL,Tampa,6322,641,1818708.02290000,196.260271846924
total_medicare_payment,1548256266,EUGENE WADE,Family Medicine Physician,NC,Kernersville,4659,2561,7176942.87800000,195.096372398473
total_medicare_payment,1104382597,AMY SHUPTRINE,Emergency Medical Services (Emergency Medicine) Physician,TX,Athens,296,149,3676634.27870000,194.586451372383
total_medicare_payment,1184994956,TARA ADAMS,Nurse Practitioner,GA,Macon,2735,1067,2876073.80500000,194.388472589072
total_medicare_payment,1366093312,SARAH HULL,Nurse Practitioner,MO,Farmington,1588,740,2566734.81550000,194.054876702470
total_medicare_payment,1942684956,YOSEF SEEWALD,Physician Assistant,NY,Brooklyn,14666,4574,2082699.18720000,193.131878699312
total_medicare_payment,1720621071,JEFFREY LERTDILOK,Family Nurse Practitioner,TX,Carrollton,18908,6434,2618244.52720000,192.729504720603
total_medicare_payment,1588170625,FARA STRICKER,Family Nurse Practitioner,NY,Glen Oaks,12607,3576,2361074.55850000,189.868258586902
total_medicare_payment,1982676110,TAREK ELSHAARAWY,Plastic Surgery Physician,MI,Battle Creek,161,49,1596669.39690000,189.124858336057
total_medicare_payment,1871882357,DAVID WHITE,Neurology Physician,AL,Huntsville,227,154,7027396.59740000,188.478833680489
total_medicare_payment,1568113983,LORI CASE,Family Nurse Practitioner,MS,Hazlehurst,3485,1624,4175710.91220000,187.630913003900
total_medicare_payment,1609039015,RACQUEL VOLKOWITZ,Physician Assistant,NY,Brooklyn,14666,4574,2008688.30560000,186.237471987741
total_medicare_payment,1174710982,CAROL BOWEN-WELLS,Surgery Physician,FL,Jacksonville,2075,1180,5146310.59290000,186.210224280278
total_medicare_payment,1265638746,DAVID PARKE,Internal Medicine Physician,MN,Minneapolis,3395,2058,4781580.80620000,185.747841361477
total_medicare_payment,1881301190,MARIA CONRICA DAWIS,Acute Care Nurse Practitioner,CA,Los Angeles,1655,451,2363621.47250000,185.191563464576
total_medicare_payment,1790064384,COURTNEY PENDERGRAFT,Family Nurse Practitioner,TN,Kingsport,7875,3588,2837764.03570000,183.142896362571
total_medicare_payment,1356953905,MAYELIN MATOS,Nurse Practitioner,FL,Tampa,8352,2648,3366014.27970000,182.745643144742
total_medicare_payment,1508101486,NASIRA KHAN,Medical Physician Assistant,TX,Fort Worth,2340,884,2523749.69390000,182.592808385401
total_medicare_payment,1639518806,KELLEEN GRAVER,Nurse Practitioner,OH,Columbus,3759,1612,2085183.29900000,182.427701176003
total_medicare_payment,1801884713,SARA ROSADO,Physician Assistant,TX,Mckinney,10016,3739,2248301.47920000,181.544843610640
total_medicare_payment,1326280371,MILLICENT ROVELO,Student in an Organized Health Care Education/Training Program,CA,Beverly Hills,48939,3304,6143453.86040000,179.587114393699
total_medicare_payment,1356411474,KRISTI HUNTER,General Practice Physician,GA,Evans,318,80,6449609.69750000,179.265267393595
total_medicare_payment,1831721257,STEPHANIE MELTON,Family Nurse Practitioner,OH,Beachwood,8623,4379,1846709.89940000,174.333501271142
total_medicare_payment,1205179496,HIMANSHU BANDA,Student in an Organized Health Care Education/Training Program,WA,Tacoma,7225,775,5057798.53360000,173.836108587459
total_medicare_payment,1871966622,JASMINE AGHAJANI,Dentist,CA,Beverly Hills,14647,44,2007793.03350000,170.912221333533
total_medicare_payment,1528726429,DEMIJON DICEN,Physician Assistant,CA,Beverly Hills,13480,4124,2346683.90370000,169.391371514468
total_medicare_payment,1326401787,HOOMAN SABERINIA,Internal Medicine Physician,CA,Concord,20021,10098,9572216.64000000,168.947749790879
total_medicare_payment,1154096956,ANGELA SUTHERLAND,Nurse Practitioner,TX,Tyler,4831,1839,2274370.81990000,168.620890003169
total_medicare_payment,1821075060,GUY BURROWS,Clinical Neurophysiology Physician,TX,Shenandoah,65,36,11270622.57810000,167.601288469516
total_medicare_payment,1760107940,JENNIE RABENOLD,Family Nurse Practitioner,FL,Middleburg,20706,5705,2847812.12960000,167.503940693226
total_medicare_payment,1538645510,ROSELINE JONES,Family Nurse Practitioner,TX,Rowlett,18908,6434,2275871.55070000,167.415900641747
total_medicare_payment,1316331481,RAHUL KHAPEKAR,Student in an Organized Health Care Education/Training Program,IL,Park Ridge,10607,979,5204717.55550000,164.409053687257
total_medicare_payment,1023044906,JENNIFER DOUGLAS,Physician Assistant,SC,Charleston,2219,1049,2921486.93860000,163.194643658818
total_medicare_payment,1659963320,LIZBET RUBIO,Family Nurse Practitioner,CO,Aurora,3088,1085,1902690.78570000,162.800397817401
total_medicare_payment,1740790179,LINDSAY GAMBLE,Family Nurse Practitioner,SC,Okatie,3851,1792,3680473.77460000,162.175419393519
total_medicare_payment,1154447175,ROBERT SINGH,Vascular Surgery Physician,PA,Philadelphia,196,121,5682304.10390000,162.040304994857
total_medicare_payment,1902040033,MELISSA BROWN,Adult Health Nurse Practitioner,LA,Mandeville,247,126,3039842.40000000,161.874695272331
total_medicare_payment,1831808922,CARLY ANN MILLAN,Family Nurse Practitioner,CA,Los Angeles,15168,3050,2250386.61010000,161.759653065478
total_medicare_payment,1639718661,ROSALIO GALLEGOS,Family Nurse Practitioner,TX,San Antonio,18908,6434,2182135.74230000,160.485472994958
total_medicare_payment,1043682065,NIKIA WILLIAMS,Nurse Practitioner,FL,Ocala,8352,2648,2947618.22240000,159.926317676767
total_medicare_payment,1497273841,JOEL LURIE,Primary Care Nurse Practitioner,TX,Plano,733,189,2836455.01100000,158.955404623193
total_medicare_payment,1053372649,BASSAM MATTAR,Hematology & Oncology Physician,KS,Wichita,93,67,7230781.81370000,158.916201546843
total_medicare_payment,1801107313,KATHY O'KELLEY,Family Nurse Practitioner,CA,Ladera Ranch,15168,3050,2196932.57230000,157.897533992340
total_medicare_payment,1811900426,ALAN BIENSTOCK,Plastic Surgery Physician,NY,New York,417,131,3866377.35780000,157.686205446812
total_medicare_payment,1194338145,KRISTIN ELATKIN,Psychiatric/Mental Health Nurse Practitioner,IL,Rolling Mdws,1152,244,1578745.58870000,156.652697565922
total_medicare_payment,1396067682,AMIT SHAH,Surgery Physician,NY,Massapequa Park,2171,1089,3599791.96950000,156.408795182034
total_medicare_payment,1851052484,CHRISTINE ESPENILLA,Nurse Practitioner,NV,Las Vegas,817,378,2881015.25570000,155.899239197035
total_medicare_payment,1659840262,LAKISHER MORGAN,Family Nurse Practitioner,LA,Bastrop,4099,1768,1954283.63030000,155.368071695932
total_medicare_payment,1013905520,ROBERT DORSEY,Surgery Physician,FL,Lady Lake,2075,1180,4291070.04950000,155.106225460722
total_medicare_payment,1477297489,MIGAELA REEDY,Acute Care Nurse Practitioner,AZ,Mesa,564,277,1977282.67140000,154.513448360578
total_medicare_payment,1881915940,ERIC THOMAS,Obstetrics & Gynecology Physician,OK,Oklahoma City,437,169,536285.00320000,154.215753162451
total_medicare_payment,1992051437,ZHIMING YANG,Anatomic Pathology Physician,PA,Allentown,120,64,4451926.55200000,154.152076912929
total_medicare_payment,1952799850,ANDREA GILLON,Family Nurse Practitioner,MI,Grand Rapids,4883,1854,1357896.80060000,153.651539580859
total_medicare_payment,1316681802,NADEZHDA PROTASOVITSKAYA,Nurse Practitioner,CA,Marina Del Rey,6949,1562,2187116.95180000,151.534969547469
total_medicare_payment,1427578947,KIMBERLY DODD,Family Nurse Practitioner,TX,Houston,18908,6434,2059155.68590000,151.392849829633
total_medicare_payment,1508381302,MARY REDDEN,Family Nurse Practitioner,CA,Costa Mesa,15168,3050,2090556.50420000,150.211734033288
total_medicare_payment,1013174929,HOWARD MANGO,Audiologist,CA,Newport Beach,1477,282,1010016.20370000,150.097933675319
total_medicare_payment,1245990605,STACEY ROBERSON,Registered Nurse,PA,Plymouth Meeting,6684,651,1336510.45460000,149.938732142142
total_medicare_payment,1306125455,MARGARET DENHAM,Registered Nurse,IN,Indianapolis,2505,606,1708185.43370000,149.729270224187
total_medicare_payment,1558686352,ANTHONY KAHR,Student in an Organized Health Care Education/Training Program,OR,Bend,4366,596,2805442.71670000,149.411252115623
total_medicare_payment,1124765656,ANNA GORDON,Nurse Practitioner,MS,Southaven,1085,538,2921809.43030000,148.928136969651
total_medicare_payment,1043272305,DENNIS MOORE,Hematology & Oncology Physician,KS,Wichita,93,67,6748776.30570000,148.200668724958
total_medicare_payment,1750734265,SAMANTHA WILD,Family Nurse Practitioner,TX,San Antonio,18908,6434,2013715.90500000,148.033225378862
total_medicare_payment,1194768150,GLENDA RODRIGUEZ,General Practice Physician,PR,Juana Diaz,3920,298,316184.76980000,147.904486276920
total_medicare_payment,1275099954,LISA SAULS,Family Nurse Practitioner,SC,Prosperity,3851,1792,3358229.15280000,147.900685114331
total_medicare_payment,1134611403,CHRISTOPHER TIANGCO,Nurse Practitioner,TX,Houston,4831,1839,1992533.85530000,147.614271987234
total_medicare_payment,1689271090,TYRONE BRININGER,Physician Assistant,OH,Cleveland,4893,2470,1419955.42150000,147.455914929129
total_medicare_payment,1932161155,PAVAN REDDY,Hematology & Oncology Physician,KS,Wichita,93,67,6704139.01620000,147.208330810187
total_medicare_payment,1891446217,ANA CEREAN,Family Nurse Practitioner,TX,Boerne,18908,6434,1962383.44880000,144.237921538222
total_medicare_payment,1336305002,VIPUL MANGAL,Anesthesiology Physician,MD,Oxon Hill,1173,637,2192153.32800000,144.147115089339
total_medicare_payment,1871967869,NATALIA SUROWANIEC,Family Nurse Practitioner,IL,Chicago,7070,2987,2124410.14110000,143.824532251522
total_medicare_payment,1558648550,SHANE MANALANG,Physician Assistant,CA,Lynwood,13480,4124,1981835.57890000,142.917626664967
total_medicare_payment,1962485680,SHARI GERMSCHEID,Family Nurse Practitioner,MN,Maple Grove,3086,1180,1392366.54000000,142.670390655222
total_medicare_payment,1588215057,MICHELLE WILLIAMS,Registered Nurse,UT,Bluffdale,1181,101,1146816.40600000,142.278802183180
total_medicare_payment,1811476211,LISA CAMPBELL,Family Nurse Practitioner,TX,Spring,18908,6434,1929499.39990000,141.806614596669
total_medicare_payment,1336438522,JENNIFER BYER,Medical Oncology Physician,MA,Weymouth,278,152,3539544.39660000,141.789255764032
total_medicare_payment,1376064253,CAITLIN TRAINOR,Registered Nurse,PA,Malvern,6684,651,1261520.53950000,141.478269442349
total_medicare_payment,1437388055,SCOTT MARTIN,Family Medicine Physician,MS,Clinton,1112,628,8965736.83630000,141.476211797421
total_medicare_payment,1699023085,VICKI MENDELSON,Physician Assistant,MI,Southfield,6430,2888,1115757.05180000,140.224439105653
total_medicare_payment,1801350152,ASHLEY AMAIREH,Family Nurse Practitioner,OK,Oklahoma City,2387,1198,2238882.88720000,138.871400705000
total_medicare_payment,1306333414,CHRISTOPHER FISHER,Internal Medicine Physician,OK,Warr Acres,1308,793,7600365.19980000,138.466233118166
total_medicare_payment,1730159674,ROBERT HOSTOFFER,Allergy & Immunology Physician,OH,Mayfield Heights,119,68,3503119.47590000,137.781301824691
total_medicare_payment,1942295522,IGOR CHERCHES,Neurology Physician,TX,Houston,1260,787,6723961.87860000,137.114692841133
total_medicare_payment,1992253751,NICOLE PAGE,Registered Nurse,TN,Nashville,4763,768,1190335.44380000,137.105314797536
total_medicare_payment,1891443958,MARTHA PAWLUKOWSKY,Family Nurse Practitioner,IL,Libertyville,7070,2987,2023312.02670000,136.937665296126
total_medicare_payment,1972839983,ROBERT REINAUER,Internal Medicine Physician,FL,Vero Beach,11073,6736,8118831.15730000,136.845956892187
total_medicare_payment,1851300230,ANGELA AHUJA,Pediatrics Physician,MA,Chelmsford,3032,115,2268513.85750000,136.414781418824
total_medicare_payment,1831657527,PATRICK JENSEN,Family Nurse Practitioner,MO,Blue Springs,4793,2085,1827523.48340000,135.860388198668
total_medicare_payment,1891274296,ERIKA MARTIN,Family Nurse Practitioner,TX,San Antonio,18908,6434,1839446.82640000,135.148509698425
total_medicare_payment,1073580908,ARMISTEAD WILLIAMS,Neurology Physician,NY,New York,1606,988,6726142.38680000,134.711535302196
total_medicare_payment,1639310980,KRISTEN FLEURY,Family Nurse Practitioner,AZ,Phoenix,5277,2124,2266159.64940000,134.243223806034
total_medicare_payment,1285639336,CARMEN SALVATERRA,Internal Medicine Physician,MD,Columbia,4192,2331,8942881.46810000,134.133637343072
total_medicare_payment,1821239393,ALEJANDRO RIVERA-RODRIGUEZ,Rheumatology Physician,PR,Bayamon,65,42,910787.46810000,133.083330782582
total_medicare_payment,1760897045,VALERIE ALLEN,Family Medicine Physician,TX,Dallas,10393,5503,4641779.26450000,132.842264269787
total_medicare_payment,1174715809,CHRISTOPHER MICHAELIS,Emergency Medicine Physician,SC,Mount Pleasant,1197,821,3310463.74110000,132.527087719370
total_medicare_payment,1457540189,CRYSTAL BIRDSONG,Nurse Practitioner,WA,Kirkland,2078,789,2001005.16150000,132.238766233207
total_medicare_payment,1124383658,SHARON VITALE,Adult Health Nurse Practitioner,FL,Tequesta,2832,896,2672812.52710000,131.674661988549
total_medicare_payment,1619475530,KRISTIN BOURG,Physician Assistant,GA,Atlanta,4310,1813,1758049.56100000,131.054507327842
total_medicare_payment,1083085260,ABBEY ROSS,Nurse Practitioner,MS,Florence,1085,538,2559704.48390000,130.363193506197
total_medicare_payment,1124187927,JAMES UYEKI,Internal Medicine Physician,TX,Austin,10894,6886,6672092.25830000,130.137416980183
total_medicare_payment,1710217393,JOHN SMOCK,Physician Assistant,AZ,Yuma,3272,1411,1957528.03840000,130.049834725893
total_medicare_payment,1801218102,DEBRA HEXOM,Family Nurse Practitioner,CA,Escondido,15168,3050,1809282.10140000,129.889317232825
total_medicare_payment,1245835263,CASEY BAINE,Acute Care Nurse Practitioner,MS,Jackson,247,133,1872286.95100000,129.576076646862
total_medicare_payment,1336555234,ROSALEE UNWIN,Family Nurse Practitioner,SC,Charleston,3851,1792,2931293.09860000,128.988348598464
total_medicare_payment,1588638894,PATRICK FALL,Anesthesiology Physician,PA,Abington,2332,1355,1389929.54090000,128.374287921688
total_medicare_payment,1922071232,JOSHUA HOLLAND,Family Medicine Physician,AZ,Peoria,3012,1488,5107122.16260000,128.325348500076
total_medicare_payment,1295021616,STANISLAV SPIRIDONOV,Student in an Organized Health Care Education/Training Program,TX,Austin,22576,2357,4055976.17550000,127.944959424099
total_medicare_payment,1861152654,JANNET EVERSON,Family Nurse Practitioner,AZ,Yuma,5277,2124,2160053.39920000,127.918855408330
total_medicare_payment,1922152842,HADI SHALHOUB,General Practice Physician,FL,Sebastian,2192,726,1680895.92080000,127.884209352715
total_medicare_payment,1396703310,OWEN ELLINGTON,Hematology & Oncology Physician,TX,Humble,615,413,11515083.37140000,127.769956480143
total_medicare_payment,1508029141,KACIAN BROWN,Geriatric Medicine (Family Medicine) Physician,FL,Maitland,152,70,9423827.92740000,127.323592656955
total_medicare_payment,1194324640,BUSOLA AMURAWAIYE,Family Nurse Practitioner,TX,Rockwall,18908,6434,1731257.49530000,127.149449956566
total_medicare_payment,1225053622,MICHAEL CARLEY,Obstetrics & Gynecology Physician,TX,Dallas,3386,998,521729.37430000,126.889814111078
total_medicare_payment,1811654700,ELENA DOBSON,Psychiatric/Mental Health Nurse Practitioner,AZ,Yuma,1419,328,896829.49350000,125.475834447233
total_medicare_payment,1740284579,DAVID HUNT,Surgery Physician,WV,Charleston,197,112,2053567.94290000,125.119911750881
total_medicare_payment,1235190356,NICHOLAS MARUNIAK,Anatomic Pathology & Clinical Pathology Physician,FL,Oxford,834,433,5530557.49350000,124.921538409533
total_medicare_payment,1063031219,WEI CHEN-WU,Physician Assistant,CA,Ontario,13480,4124,1732855.73080000,124.851409765438
total_medicare_payment,1245427012,SHANNON PATTESON,Family Nurse Practitioner,TX,Helotes,18908,6434,1698145.00380000,124.701252939196
total_medicare_payment,1487090213,MARK LE,Diagnostic Radiology Physician,FL,Tampa,2423,1592,10670096.70560000,124.390726721595
total_medicare_payment,1912911389,JULIA SCHAEFER-CUTILLO,Hematology & Oncology Physician,NC,Elizabeth City,345,220,4027344.30110000,124.256279896843
total_medicare_payment,1982855789,CLAYTON LABAUME,Physician Assistant,CO,Durango,3792,1522,1436215.04450000,123.386126076374
total_medicare_payment,1346580503,AMITA SAGGI,Medical Physician Assistant,CA,Pleasanton,3430,1008,2082468.65800000,123.269998389113
total_medicare_payment,1952908519,DEMIA LOUIS,Family Nurse Practitioner,TX,Richardson,18908,6434,1673098.41920000,122.849414828100
total_medicare_payment,1811532278,TANESHA WASHINGTON,Family Nurse Practitioner,SC,Gadsden,3851,1792,2785886.10720000,122.547135854627
total_medicare_payment,1154406494,ELIZABETH FLEMING,Adult Health Nurse Practitioner,NJ,Florham Park,1569,585,2923366.51940000,122.538104978205
total_medicare_payment,1891486502,CINDY HONG,Family Nurse Practitioner,CA,Garden Grove,15168,3050,1705752.51500000,122.409179029505
total_medicare_payment,1275201360,CRISTEN BANKS,Nurse Practitioner,IL,Peoria,3908,1834,1994503.13790000,121.584779580926
total_medicare_payment,1700881422,JOSEPH YE,Medical Oncology Physician,WA,Olympia,134,75,2501776.61110000,120.797058515039
total_medicare_payment,1326681453,FELICIA AJAYI,Registered Nurse,CA,Apple Valley,15770,749,1489299.63000000,120.715503006432
total_medicare_payment,1306145859,ALEXANDER HU,Student in an Organized Health Care Education/Training Program,AZ,Flagstaff,4509,612,3772062.08880000,120.671639380481
total_medicare_payment,1467770826,SETH CAMHI,Family Medicine Physician,CA,San Diego,15915,6443,4132505.78230000,120.047081567348
total_medicare_payment,1588996847,MICHAEL NAGAR,Anatomic Pathology & Clinical Pathology Physician,PA,King Of Prussia,617,323,3795320.12260000,120.027496503857
total_medicare_payment,1699867986,LI-MIN HU,Pediatrics Physician,CA,Fremont,9941,227,2089782.49520000,120.017880277639
total_medicare_payment,1164450573,ALEXANDER FRANK,Emergency Medicine Physician,OK,Oklahoma City,688,479,3995277.16900000,119.975492252075
total_medicare_payment,1073073532,WHITLEY WEATHERFORD,Family Nurse Practitioner,SC,Scranton,3851,1792,2722798.17250000,119.752477873882
total_medicare_payment,1811931546,CHRISTOPHER LAGANKE,Neurology Physician,AL,Cullman,227,154,4448779.18690000,118.981467924445
total_medicare_payment,1881629079,THOMAS DENMARK,Family Medicine Physician,OK,Tulsa,2173,1190,5335617.32320000,118.578612102210
total_medicare_payment,1780888586,AARON PARNES,Internal Medicine Physician,ME,Portland,748,459,2437983.34050000,118.535984269254
total_medicare_payment,1205361078,ADAM LEON,Family Nurse Practitioner,AZ,Glendale,5277,2124,2000722.84910000,118.422100090505
total_medicare_payment,1871227116,MYRNA-LETICIA RIVAS,Family Nurse Practitioner,AZ,Scottsdale,5277,2124,1992527.61340000,117.933630376656
total_medicare_payment,1336246842,DUC PHAM,Plastic Surgery Physician,AZ,Scottsdale,112,37,1177773.68920000,117.352141321310
total_medicare_payment,1134600919,JACQUELYN HOPKINS,Family Nurse Practitioner,TX,Longview,18908,6434,1598387.13850000,117.325579976420
total_medicare_payment,1780834630,NAVEEN AHUJA,Plastic Surgery Physician,NJ,East Brunswick,187,57,970657.19970000,117.186846462982
total_medicare_payment,1639767445,JASMINE DANIELS,Registered Nurse,NJ,Wyckoff,2188,314,1017507.63270000,117.144768801220
total_medicare_payment,1811095854,JASON RAASCH,Pediatrics Physician,MN,Plymouth,1430,99,2093944.63170000,117.094575170681
total_medicare_payment,1417937012,JOHN NOLES,Anesthesiology Physician,LA,Bossier City,565,285,754996.94760000,116.968831596475
total_medicare_payment,1669426961,KARA FOSTER-WEISS,Family Nurse Practitioner,VA,North Chesterfield,5752,2372,2197904.26460000,116.297194681790
total_medicare_payment,1215382460,CONRAD CORDOVA,Family Nurse Practitioner,AZ,Tucson,5277,2124,1958661.37120000,115.915063218596
total_medicare_payment,1831376243,YOUSEF TADROS,Anatomic Pathology & Clinical Pathology Physician,IL,Buffalo Grove,698,343,4417127.62300000,115.386260626640
total_medicare_payment,1225791221,TIFFANY VO,Physician Assistant,CA,Newport Beach,13480,4124,1600811.61590000,115.270161972518
total_medicare_payment,1467803403,NICOLE SIDDONS,Family Nurse Practitioner,MN,Saint Paul,3086,1180,1124315.03770000,115.017639742522
total_medicare_payment,1972853695,MAJDA HADZIAHMETOVIC,Surgery Physician,NC,Durham,1153,665,2276521.91950000,114.805142275190
total_medicare_payment,1699853531,TANYA CLIFFORD,Nurse Practitioner,MD,Salisbury,1236,471,2942194.36790000,114.282286759266
total_medicare_payment,1235225558,JON KELLER,Anatomic Pathology & Clinical Pathology Physician,CA,Palo Alto,1158,572,6415810.62540000,113.799090550600
total_medicare_payment,1144830803,ROBERT SCRIBNER,Gerontology Nurse Practitioner,MI,Southfield,411,194,1477811.67280000,113.733950300458
total_medicare_payment,1649642497,SHELETHA BRATTON,Family Nurse Practitioner,TX,Ennis,18908,6434,1546673.01350000,113.502057165371
total_medicare_payment,1609137595,SCOTT BARB,Student in an Organized Health Care Education/Training Program,MA,Boston,14128,1096,2765292.23800000,113.293187360613
total_medicare_payment,1427449305,MISTY WITTEN,Family Nurse Practitioner,TX,Austin,18908,6434,1543085.36620000,113.236801758080
total_medicare_payment,1699315937,JACQUELINE AVERETTE,Family Nurse Practitioner,AL,Tuscaloosa,3943,1663,1726955.07360000,113.127334884124
total_medicare_payment,1992724843,HAIG TCHEUREKDJIAN,Allergy & Immunology Physician,OH,Mayfield Heights,119,68,2877269.58920000,112.987455472229
total_medicare_payment,1710207360,NAUMIT BHANDARI,Anesthesiology Physician,TX,Shavano Park,4329,2344,1079178.73690000,112.829256291226
total_medicare_payment,1275789299,BAHRAM KHAZAI,Student in an Organized Health Care Education/Training Program,FL,Miami,19042,2018,4443212.45430000,112.581112278737
total_medicare_payment,1649795287,EOIN O'NEILL,Critical Care Medicine Registered Nurse,NY,Bethpage,439,77,396883.43410000,112.558162701991
total_medicare_payment,1972558203,MALWINDER SINGHA,Vascular & Interventional Radiology Physician,CA,Rancho Cucamonga,395,269,6025154.78470000,111.989884635273
total_medicare_payment,1457322869,CONSTANTINE SAADEH,Allergy & Immunology (Internal Medicine) Physician,TX,Amarillo,45,30,3579037.17330000,111.805054858925
total_medicare_payment,1396207882,ASHLEY HATCHETT,Family Nurse Practitioner,TN,Memphis,7875,3588,1736687.06770000,111.745561598490
total_medicare_payment,1851513071,BRENDA ELLINGSON,Family Nurse Practitioner,AZ,Yuma,5277,2124,1885605.82610000,111.560652617556
total_medicare_payment,1770185522,ASPARA WYATT,Family Nurse Practitioner,TX,Richardson,18908,6434,1515146.28220000,111.171104523644
total_medicare_payment,1912991241,JOHN INMAN,Obstetrics & Gynecology Physician,GA,Albany,1359,404,560552.71430000,110.937490559479
total_medicare_payment,1912243056,KIMBERLY AGIM,Nurse Practitioner,MI,Grand Rapids,3167,1241,1099448.04620000,110.892229354279
total_medicare_payment,1518353432,RAHUL KAR,Surgery Physician,OH,Chillicothe,1317,708,2017647.22320000,110.574484881899
total_medicare_payment,1629599832,USA GOODMAN,Family Nurse Practitioner,TX,Round Rock,18908,6434,1499471.10460000,110.012148452728
total_medicare_payment,1578288189,JACLYN GUTIERREZ,Family Nurse Practitioner,TX,Austin,18908,6434,1489333.83530000,109.262641806134
total_medicare_payment,1144622333,KRISTEN SOSA,Family Nurse Practitioner,TX,Alice,18908,6434,1488740.26800000,109.218755960411
total_medicare_payment,1245846187,ADAM BAKER,Physician Assistant,NV,Henderson,1032,498,1796597.93560000,109.071895550039
total_medicare_payment,1740570696,VLADIMIR URBIN,Family Medicine Physician,IL,Skokie,5806,2912,4196776.09900000,109.057077816089
total_medicare_payment,1780065508,VASIMAHMED LALA,Internal Medicine Physician,MI,Pontiac,6483,3935,3709167.08130000,109.026820473985
total_medicare_payment,1275502593,MICHAEL ROTHSTEIN,Family Nurse Practitioner,NY,New York,12607,3576,1357837.29250000,108.813612697297
total_medicare_payment,1184695504,MATTHEW MCKNIGHT,Foot & Ankle Surgery Podiatrist,IA,Grinnell,106,70,4700637.99950000,108.340322764740
total_medicare_payment,1023021409,CLEMENCIA RASQUINHA,Geriatric Medicine (Internal Medicine) Physician,MN,Golden Valley,78,40,2487754.07640000,107.981417340346
total_medicare_payment,1699807156,PRIYA THIRUMLAI,Obstetrics & Gynecology Physician,MD,Severn,998,317,871405.82470000,107.901058748075
total_medicare_payment,1093058463,LAURA PURDY,Family Medicine Physician,CA,Calabasas,15915,6443,3716553.28210000,107.879894304721
total_medicare_payment,1093191504,BRIAN MONTGOMERY,Physician Assistant,CA,Riverside,13480,4124,1492354.81710000,107.400432489180
total_medicare_payment,1518212802,TRANG HUYNH,Family Nurse Practitioner,TX,Sugarland,18908,6434,1456741.93630000,106.852935187644
total_medicare_payment,1598731770,PATRICK ANASTASIO,Infectious Disease Physician,FL,Fort Walton Beach,610,431,10307266.77260000,106.818245888493
total_medicare_payment,1396261525,LAUREN PETASNE,Family Nurse Practitioner,CO,Wheat Ridge,3088,1085,1250793.60000000,106.707080170982
total_medicare_payment,1376025221,ELIZA SHINALL,Family Nurse Practitioner,GA,Savannah,7938,2726,1490447.59730000,106.654679449955
total_medicare_payment,1386685055,ERNESTO GOMEZ,Obstetrics & Gynecology Physician,AZ,Mesa,789,227,532599.63400000,106.614052689814
total_medicare_payment,1558340034,MEHRAN KHORSANDI,Internal Medicine Physician,CA,Los Angeles,20021,10098,6058904.55900000,106.604799680326
total_medicare_payment,1669906228,ODETTE AMANDA BUTLER,Psychiatric/Mental Health Nurse Practitioner,AZ,Phoenix,1419,328,762533.98320000,106.537304980426
total_medicare_payment,1174664783,LEO POLOSAJIAN,Internal Medicine Physician,CA,Reseda,20021,10098,6044103.53440000,106.342158754343
total_medicare_payment,1407896129,SONA KAMAT,Rheumatology Physician,MO,Saint Louis,109,66,4124243.27230000,106.265702399767
total_medicare_payment,1871236901,OLYMPIA JEFFRIES,Nurse Practitioner,TX,Houston,4831,1839,1436203.98290000,106.148422619508
total_medicare_payment,1538244314,JOSEPH PASCUZZO,Hospice and Palliative Medicine (Internal Medicine) Physician,CA,Fresno,187,94,3232380.90220000,105.390316975025
total_medicare_payment,1831621952,KELLEY FUNDERBURG,Family Nurse Practitioner,TN,Germantown,7875,3588,1630594.93620000,104.866210155603
total_medicare_payment,1285603639,VINH-LINH NGUYEN,Hematology & Oncology Physician,CA,Bakersfield,1285,708,11475668.21450000,104.799758551125
total_medicare_payment,1740247931,WALTER HENRICKS,Anatomic Pathology Physician,OH,Cleveland,88,52,1851158.51320000,104.792276802383
total_medicare_payment,1346286663,HAROLD TABAIE,Thoracic Surgery (Cardiothoracic Vascular Surgery) Physician,CA,Los Angeles,514,231,4230882.96290000,104.485620701178
total_medicare_payment,1235192139,CONSTANCE GORE,Acute Care Nurse Practitioner,NJ,Morristown,829,286,1088665.15380000,104.474904478098
total_medicare_payment,1164566253,JANICE MCALISTER,Nurse Practitioner,GA,Atlanta,2735,1067,1550674.69520000,104.385130058252
total_medicare_payment,1194333054,SARA DAJANI,Family Nurse Practitioner,TN,Knoxville,7875,3588,1617255.70930000,104.001252231542
total_medicare_payment,1689000697,JUSTIN KUCINSKI,Internal Medicine Physician,MD,Salisbury,4192,2331,6923880.32590000,103.628433057596
total_medicare_payment,1477860971,ANGELA HIGHTOWER,Family Nurse Practitioner,TN,Strawberry Plains,7875,3588,1605790.41910000,103.257806326880
total_medicare_payment,1316017676,JASON TAKSEY,Medical Oncology Physician,MD,Annapolis,186,79,3321098.86220000,103.191699866275
total_medicare_payment,1194307421,SHANNA RUCKER,Family Nurse Practitioner,CA,Los Angeles,15168,3050,1436850.07640000,102.980651650227
total_medicare_payment,1093753303,DEREK WELCH,Anatomic Pathology & Clinical Pathology Physician,TN,Nashville,376,196,4138668.58300000,102.709314005122
total_medicare_payment,1831730357,RACHEL BEGGS,Nurse Practitioner,MO,Lees Summit,1588,740,1364408.59700000,102.689875071638
total_medicare_payment,1598338444,TANYA MCKENLEY-DENNIS,Nurse Practitioner,TX,Arlington,4831,1839,1386657.03900000,102.455458760628
total_medicare_payment,1629046735,AQEEL KHAN,Psychiatry Physician,IL,Bloomingdale,1952,579,2126614.93380000,102.289034430396
total_medicare_payment,1447677489,PATRICK EULITT,Student in an Organized Health Care Education/Training Program,CO,Lone Tree,5362,579,2430232.01220000,102.232537539437
total_medicare_payment,1043288673,CRAIG CARSON,Rheumatology Physician,OK,Edmond,51,37,9667398.63770000,102.109118627304
total_medicare_payment,1114456258,COURTNEY BURLAND,Physician Assistant,IL,Bloomingdale,4437,1980,1394732.82930000,101.779404023845
total_medicare_payment,1194728998,JEFFREY FLEY,Podiatrist,OH,Cincinnati,550,354,3392983.34730000,101.765727829525
total_medicare_payment,1619583143,LINDSEY BURNEY,Family Nurse Practitioner,MS,Water Valley,3485,1624,2271272.55740000,101.675104389802
total_medicare_payment,1609165794,SUMEET THAREJA,Student in an Organized Health Care Education/Training Program,FL,Melbourne,19042,2018,4010448.03190000,101.528182896931
total_medicare_payment,1760442966,THERESA SOTO,Obstetrics & Gynecology Physician,VA,Herndon,1129,405,703134.62730000,101.492188607837
total_medicare_payment,1770511453,JEFFREY BAHR,Internal Medicine Physician,WI,Milwaukee,2824,1663,3102535.72260000,101.018679312272
total_medicare_payment,1568835890,TERESA GAITHER,Family Nurse Practitioner,AZ,Phoenix,5277,2124,1703167.22050000,100.686562263755
total_medicare_payment,1518111426,PHILLIP MYERS,Physician Assistant,CA,Visalia,13480,4124,1396554.78830000,100.449090392663
total_medicare_payment,1215994009,SUSAN YONCE,Family Nurse Practitioner,SC,Charleston,3851,1792,2285874.51940000,100.397712498882
total_medicare_payment,1336313170,ANTON DIAS PERERA,Surgery Physician,TN,Germantown,705,433,2154499.66460000,100.379985850985
total_medicare_payment,1275265944,KIEV HUYNH,Nurse Practitioner,IL,Chicago,3908,1834,1644988.05460000,100.115440040741
total_medicare_payment,1558994947,NICOLE LEE,Gerontology Nurse Practitioner,TX,Richardson,876,325,2455380.49220000,99.653193784961
total_medicare_payment,1356011936,BRANDON MORRIS,Family Nurse Practitioner,CA,Laguna Hills,15168,3050,1388710.40590000,99.502502061074
total_medicare_payment,1447834056,DAWN QUADA,Family Nurse Practitioner,UT,Spanish Fork,1920,633,1074968.00570000,99.485742196340
total_medicare_payment,1013489079,MANUEL GALAN,Family Nurse Practitioner,TX,San Marcos,18908,6434,1355153.52820000,99.341919663191
total_medicare_payment,1124764121,JENNIFER CHOUINARD,Family Nurse Practitioner,FL,Sarasota,20706,5705,1694065.32150000,99.300552419268
total_medicare_payment,1104396209,GLENDA COLLINS,Family Nurse Practitioner,SC,Aiken,3851,1792,2260950.05770000,99.293613178832
total_medicare_payment,1508131954,ROBERT PRINZI,Internal Medicine Physician,SC,Little River,2228,1399,5672955.98900000,99.212586334402
total_medicare_payment,1245768852,TRAVICIA GARRETT,Family Nurse Practitioner,TX,Duncanville,18908,6434,1343546.78650000,98.483766467098
total_medicare_payment,1053908194,OKWUDIRI ECHEGI,Medical Physician Assistant,CA,Patterson,3430,1008,1666301.96650000,98.464056338691
total_medicare_payment,1780008078,DOROTHY LACOMBE,Adult Health Nurse Practitioner,NY,Clifton Park,5448,1543,1413982.78710000,97.792664956042
total_medicare_payment,1184238735,AMANDA CANTU,Family Nurse Practitioner,TX,Round Rock,18908,6434,1333576.91640000,97.746636606532
total_medicare_payment,1922563063,BROOKE RANEY,Family Nurse Practitioner,IA,Des Moines,1862,849,1598996.66230000,97.607062359967
total_medicare_payment,1336674365,NHEAN CHEA,Surgery Physician,FL,Boca Raton,2075,1180,2699539.73600000,97.224314489110
total_medicare_payment,1942305677,TRAVIS KOENEKE,Hematology & Oncology Physician,KS,Manhattan,93,67,4439432.14200000,96.861311036217
total_medicare_payment,1497888226,ELIZABETH VAN DERMARK,Women's Health Nurse Practitioner,MD,Frederick,159,32,298933.47070000,96.844759769888
total_medicare_payment,1649259227,KEVIN BENSON,Obstetrics & Gynecology Physician,SD,Sioux Falls,98,39,250477.82120000,96.387143584237
total_medicare_payment,1417918079,SHAKER DAKHIL,Hematology & Oncology Physician,KS,Wichita,93,67,4399821.07140000,95.980711706791
total_medicare_payment,1760925333,NNAEMEKA NNAJI,Physical Therapist,CA,Orange,21999,5615,3630191.13410000,95.955850076424
total_medicare_payment,1437357472,JASON REDWINE,Family Nurse Practitioner,TX,Schertz,18908,6434,1308823.76420000,95.916493641103
total_medicare_payment,1528263043,JEREMY DEUTSCH,Internal Medicine Physician,KS,Wichita,1116,630,5670843.67860000,95.848614782388
total_medicare_payment,1023610078,RONGNA SUN,Family Nurse Practitioner,TX,Richardson,18908,6434,1303368.46460000,95.513151953282
total_medicare_payment,1437198074,RONALD DEAN,Emergency Medicine Physician,MT,Ronan,243,136,2304345.77500000,95.085791357865
total_medicare_payment,1649495276,ALI SABERI,Internal Medicine Physician,FL,St Petersburg,11073,6736,5656978.74770000,95.049956647420
total_medicare_payment,1154685204,ANDREW COZADD,Physician Assistant,MN,Fridley,3595,2004,874606.73860000,94.438411187338
total_medicare_payment,1003548660,STEFANIE CORLEY,Family Nurse Practitioner,LA,Alexandria,4099,1768,1192098.84460000,94.433703367753
total_medicare_payment,1558334888,KEN ARAKAWA,Specialist,HI,Honolulu,373,79,3843410.34880000,94.298494391707
total_medicare_payment,1659351484,RICHARD CHERNY,Hematology & Oncology Physician,NY,East Syracuse,966,612,6266163.68130000,94.157224489983
total_medicare_payment,1306041900,PETROS NIKOLINAKOS,Internal Medicine Physician,GA,Athens,4544,2799,4612266.17700000,93.974300652139
total_medicare_payment,1790780716,GUANGZHI QU,Hematology & Oncology Physician,MS,Jackson,53,41,9077386.56580000,93.885048106901
total_medicare_payment,1841294261,DAVID AMRAN,Allergy & Immunology Physician,TX,Sugar Land,272,159,2790217.94120000,93.819045615452
total_medicare_payment,1225138498,GUSTAVO TORRES-CIFUENTES,Surgery Physician,CA,Montebello,3327,1526,2621332.00500000,93.720405044405
total_medicare_payment,1023041118,MANUEL DE PINA,Emergency Medicine Physician,SC,Greenville,1197,821,2352400.64860000,93.704042936465
total_medicare_payment,1821442237,MANSOOR AHMED,Student in an Organized Health Care Education/Training Program,NY,Brooklyn,43482,3391,2973879.39870000,93.699182066479
total_medicare_payment,1619919842,CYNTHIA AHEARN,Nurse Practitioner,TX,Richardson,4831,1839,1267653.06930000,93.585540162775
total_medicare_payment,1568785814,ANDREW WEISSMAN,Physician Assistant,NY,New York,14666,4574,1013802.83560000,93.559950610772
total_medicare_payment,1528500360,JUDY PAULETICH,Adult Health Nurse Practitioner,MN,Maplewood,556,233,1038960.54370000,93.497090149479
total_medicare_payment,1063831642,ORAN SCHACHTER,Foot & Ankle Surgery Podiatrist,CA,Sherman Oaks,1083,668,8012800.20950000,93.464113917365
total_medicare_payment,1730322116,MARCO GONZALEZ,Student in an Organized Health Care Education/Training Program,FL,Miami,19042,2018,3685381.63670000,93.225892494641
total_medicare_payment,1063490464,DALE KIKER,Anesthesiology Physician,CA,Camarillo,7150,3154,1250280.21740000,92.873751030546
total_medicare_payment,1699163840,CHARLOTTE JONES,Critical Care Medicine Registered Nurse,CA,Monterey,524,51,741908.13620000,92.869408845094
total_medicare_payment,1427294271,GURPREET LAMBA,Student in an Organized Health Care Education/Training Program,VT,Burlington,900,135,2219591.23620000,92.797954574304
total_medicare_payment,1164531745,DAVID SINGER,Plastic Surgery Physician,PA,Paoli,200,86,902302.74400000,92.709866818763
total_medicare_payment,1528690930,MARCIA DAVIS,Acute Care Nurse Practitioner,UT,Saint George,185,98,823410.35490000,92.706752659781
total_medicare_payment,1275928699,ALESSANDRO BRAGETTI,General Practice Physician,PR,Ponce,3920,298,198978.96840000,92.673388805510
total_medicare_payment,1518582972,RAMRATTIE RAMBARRAN,Registered Nurse,NY,East Islip,27680,926,775369.52830000,92.657800539080
total_medicare_payment,1144874371,LAUREN AMORELLO,Nurse Practitioner,FL,Venice,8352,2648,1711481.69730000,92.507418294350
total_medicare_payment,1790796753,RICHARD BARDOWELL,Obstetrics & Gynecology Physician,CA,Los Angeles,4940,1136,680633.29960000,92.410281240021
total_medicare_payment,1417136508,LYNDA MCHUTCHISON,Obstetrics & Gynecology Physician,NC,Durham,1468,524,477823.35690000,92.302826978026
total_medicare_payment,1285664151,GILBERT VEGA,Medical Physician Assistant,AZ,San Luis,1047,461,2235746.88840000,91.881464583968
total_medicare_payment,1568955490,ALICIA HESS,Registered Nurse,FL,Belleair,6322,641,855752.52490000,91.878022599823
total_medicare_payment,1578626529,ANGEL ROSAS-ACEVEDO,Obstetrics & Gynecology Physician,WV,Beckley,187,67,336332.72770000,91.737401156884
total_medicare_payment,1558993733,LINSEY ITTYIPE,Family Nurse Practitioner,TX,Bellaire,18908,6434,1248468.68630000,91.454095464333
total_medicare_payment,1528029147,NASSIM NABBOUT,Hematology & Oncology Physician,KS,Wichita,93,67,4195065.91480000,91.428770775449
total_medicare_payment,1710617436,MATTHEW DILWORTH,Nurse Practitioner,TX,Richardson,4831,1839,1235355.15000000,91.178226223642
total_medicare_payment,1952181596,ILZE MUNGOVAN,Family Nurse Practitioner,CA,Thousand Oaks,15168,3050,1272868.59360000,91.132790601210
total_medicare_payment,1609859677,VINCENT ARLORO,Podiatrist,NJ,Bayonne,520,342,5667149.46610000,91.034829813607
total_medicare_payment,1417629452,ABBEY FORD,Family Nurse Practitioner,WI,Milwaukee,2574,1088,805943.94200000,91.018227886269
total_medicare_payment,1922597699,ABIGAIL OWUNNA,Family Nurse Practitioner,TX,Austin,18908,6434,1242224.35440000,90.992416078683
total_medicare_payment,1508143066,JESSICA RONDON,Nurse Practitioner,FL,Tampa,8352,2648,1679221.26010000,90.747933702271
total_medicare_payment,1427641513,SOURIHNA KHOUNPHICHANE,Family Nurse Practitioner,CA,Sherman Oaks,15168,3050,1267375.65990000,90.735919478216
total_medicare_payment,1922070457,IFTIKHAR AHMAD,Vascular & Interventional Radiology Physician,NY,Bethpage,210,147,3844537.07840000,90.458020574860
total_medicare_payment,1679535843,DANNY BARTEL,Neurology Physician,TX,Wichita Falls,1260,787,4446893.47550000,90.368812131695
total_medicare_payment,1134389364,NEIL SANDHU,Dermatology Physician,FL,Orange City,1143,784,18316966.90300000,90.296088766937
total_medicare_payment,1538177316,SUSAN MELLER,Family Medicine Physician,NV,Las Vegas,1189,564,2744470.08920000,89.904401226682
total_medicare_payment,1083241129,JENA LALLEY,Family Nurse Practitioner,TX,San Antonio,18908,6434,1227331.63210000,89.891311430143
total_medicare_payment,1831109792,LUKE DREISBACH,Hematology & Oncology Physician,CA,Rancho Mirage,1285,708,9842695.58460000,89.771536392786
total_medicare_payment,1043283351,MARTIN SCHNELL,Emergency Medicine Physician,FL,Howey In The Hills,3563,2320,2938748.08380000,89.456848507207
total_medicare_payment,1720050040,ROBERT SOLOMON,Diagnostic Radiology Physician,NY,Brooklyn,2850,1827,6999020.07480000,88.996438152551
total_medicare_payment,1891345971,ALLISON ANN LYAVDANSKY,Psychiatric/Mental Health Nurse Practitioner,PA,Harrisburg,1228,303,743829.51410000,88.973834569988
total_medicare_payment,1447591714,SAMUEL GANZ,Internal Medicine Physician,FL,Delray Beach,11073,6736,5295046.73840000,88.905270519891
total_medicare_payment,1508898206,ANDREW GORDON,Neurology Physician,IL,Lake Barrington,851,500,3554718.30100000,88.833867516698
total_medicare_payment,1073590337,JIM LU,Anatomic Pathology Physician,IL,Buffalo Grove,80,44,2655069.59030000,88.823334003087
total_medicare_payment,1770625410,CAN ILYAS,Hematology & Oncology Physician,ME,Kennebunk,60,36,3220542.44520000,88.565872176467
total_medicare_payment,1821126079,LAZARO CORDOVES,Psychiatry Physician,FL,Hialeah,2417,813,2177334.76840000,88.564484054261
total_medicare_payment,1558323758,PHU TRUONG,Hematology & Oncology Physician,KS,Wichita,93,67,4064499.48930000,88.526130049026
total_medicare_payment,1285190553,VIVIA FRANKSON,Family Nurse Practitioner,FL,Maitland,20706,5705,1504540.18440000,88.096832138045
total_medicare_payment,1003858127,JOHN DAVIS,Surgery Physician,TX,Houston,2473,1323,1770179.44690000,88.093478333879
total_medicare_payment,1952970105,MARCEL MARCOS,Family Nurse Practitioner,CO,Aurora,3088,1085,1033540.30640000,88.013245813422
total_medicare_payment,1851554927,JOHN PAUL MALAYIL,Anesthesiology Physician,AZ,Sun City West,1369,771,1143865.85370000,87.971690405747
total_medicare_payment,1295909919,NEHAL GANDHI,Rheumatology Physician,PA,Glen Mills,329,203,8024048.23200000,87.722190773397
total_medicare_payment,1972571636,LAWRENCE GOLDSTEIN,Surgery Physician,CA,Napa,3327,1526,2452584.86380000,87.625542211646
total_medicare_payment,1063679447,RAMI SARTAWI,Vascular & Interventional Radiology Physician,NY,New York,210,147,3723427.59160000,87.584775543163
total_medicare_payment,1841425477,BLAKE CHRISTENSEN,Anesthesiology Physician,OK,Oklahoma City,585,317,1407159.61860000,87.584287654091
total_medicare_payment,1689902595,STACEY GODMAN,Nurse Practitioner,MA,Woburn,3184,1316,1671815.13720000,87.501714369261
total_medicare_payment,1114936390,JOSIF BOROVIC,Anesthesiology Physician,CA,Los Angeles,7150,3154,1178140.09010000,87.460681801509
total_medicare_payment,1558479352,KENNETH BRADLEY,Anesthesiology Physician,CA,Torrance,7150,3154,1177791.58400000,87.434531478289
total_medicare_payment,1417547746,MALAINA SPAIN,Family Nurse Practitioner,WI,Milwaukee,2574,1088,774405.16860000,87.415310178858
total_medicare_payment,1255320974,HAKAN KAYA,Medical Oncology Physician,WA,Spokane,134,75,1813980.35270000,87.223198409360
total_medicare_payment,1093757239,PARRIN BARTON,Obstetrics & Gynecology Physician,GA,Sandersville,1359,404,440903.59050000,87.062253193555
total_medicare_payment,1821728395,JENNIFER WALLER,Family Nurse Practitioner,FL,Tampa,20706,5705,1483247.14710000,86.838100776616
total_medicare_payment,1093905911,ANNA WOJTASZEK,Acute Care Nurse Practitioner,NY,New Hyde Park,1508,346,621986.19310000,86.811791037603
total_medicare_payment,1962494641,MARIA ORTIZ,Family Medicine Physician,CA,San Fernando,15915,6443,2993077.93620000,86.717237488796
total_medicare_payment,1679541122,DANIEL KENDALL,Pain Medicine (Anesthesiology) Physician,VA,Mc Lean,138,85,2168032.41260000,86.441730467334
total_medicare_payment,1578037750,REENA VARGHESE,Family Nurse Practitioner,FL,Kissimmee,20706,5705,1476030.76310000,86.411506452428
total_medicare_payment,1306481155,THOMAS PUSKAR,Physician Assistant,FL,Sebastian,9503,3801,1489857.73420000,86.222918274958
total_medicare_payment,1265983316,MOLLY SULLIVAN,Family Nurse Practitioner,MS,Jackson,3485,1624,1926069.64410000,86.094555156556
total_medicare_payment,1598889248,TATIANA SHARAHY,Internal Medicine Physician,NJ,Ridgewood,5051,3342,5663224.03920000,85.974941217680
total_medicare_payment,1114519436,SHEILA HERNANDEZ,Family Nurse Practitioner,CA,Marina Del Rey,15168,3050,1200700.01190000,85.918523029737
total_medicare_payment,1558035634,LOGAN HELGE,Family Nurse Practitioner,NE,Lincoln,1002,431,996495.86360000,85.738857881902
total_medicare_payment,1134217839,THOMAS ROJY,Plastic Surgery Physician,NC,Jacksonville,120,51,1043193.87240000,85.321099073794
total_medicare_payment,1558951236,TAYLOR WISNER,Family Nurse Practitioner,NM,Albuquerque,1489,627,1221304.96880000,85.227183386460
total_medicare_payment,1235301714,MATTHEW ALLEN,Student in an Organized Health Care Education/Training Program,CA,Redding,48939,3304,2922017.71520000,84.994363945672
total_medicare_payment,1841580776,DAVID HIRSCH,Anesthesiology Physician,LA,Bossier City,565,285,549778.86620000,84.931123760601
total_medicare_payment,1285391821,SHANNON JOHNSTAD,Medical Physician Assistant,CO,Thornton,1110,437,1242538.16410000,84.892037626222
total_medicare_payment,1487729752,IRIS ZINK,Family Nurse Practitioner,MI,Lansing,4883,1854,753807.79010000,84.831574070180
total_medicare_payment,1225166242,MELISSA OTT,Family Nurse Practitioner,NC,Williamston,5879,2488,1272927.31660000,84.679234448133
total_medicare_payment,1225185465,HARVEY PALEY,Specialist,CA,Encino,6624,1438,8889386.81050000,84.645665438436
total_medicare_payment,1518922814,QUOC TRUONG,Hematology & Oncology Physician,KS,Wichita,93,67,3889359.54900000,84.632569192232
total_medicare_payment,1538193156,STEPHANIE MOLDEN,Obstetrics & Gynecology Physician,PA,Newtown,1949,757,373895.07640000,84.478734415947
total_medicare_payment,1215186879,DAWNELE TAYLOR,Family Nurse Practitioner,KS,Wichita,2114,890,1244949.53650000,84.346794678805
total_medicare_payment,1144343005,SACHIN GUPTA,Medical Oncology Physician,CA,Fresno,276,159,5286457.77770000,84.221511646353
total_medicare_payment,1093178766,JAIME SANCHEZ,Family Nurse Practitioner,NM,Las Cruces,1489,627,1204389.24240000,84.035377589075
total_medicare_payment,1770558413,SANJAY SHAH,Anesthesiology Physician,PA,Spring House,2332,1355,912999.99460000,83.972295113601
total_medicare_payment,1992821797,CATHERINE LEE,Dermatology Physician,CA,Corona Del Mar,1963,1067,12574209.31720000,83.923597188972
total_medicare_payment,1467071746,WENDELL SEYMOUR,Family Nurse Practitioner,TX,Manvel,18908,6434,1145213.42160000,83.819839640777
total_medicare_payment,1487931416,STEPHANIE DUPREE,Psychiatric/Mental Health Nurse Practitioner,UT,Sandy,424,58,397040.27080000,83.712302815491
total_medicare_payment,1770780603,AYMEN KENAWY,Internal Medicine Physician,FL,Lynn Haven,11073,6736,4971535.07220000,83.412864221710
total_medicare_payment,1982332227,MARIA JILL ALFONSO,Family Nurse Practitioner,NV,Las Vegas,1911,680,1583095.57200000,83.305582631592
total_medicare_payment,1588715882,SALVATORE NAPOLI,Neurology Physician,MA,Foxboro,878,472,2336488.27120000,83.267465713552
total_medicare_payment,1730185935,FREDERICK SMITH,Medical Oncology Physician,MD,Chevy Chase,186,79,2685299.15690000,83.205516916321
total_medicare_payment,1558989046,AMIE WILSON,Family Nurse Practitioner,LA,Hammond,4099,1768,1051616.92760000,83.202599002340
total_medicare_payment,1770214090,CHINWE ORABUCHI,Acute Care Nurse Practitioner,TX,Richardson,2853,1026,862773.32000000,83.131431049860
total_medicare_payment,1336222504,ROBERT MORTON,Psychiatry Physician,OK,Ada,429,139,1342769.86670000,82.981835776612
total_medicare_payment,1376215517,BRIANA ALLEN,Family Nurse Practitioner,FL,Tampa,20706,5705,1410781.87560000,82.554338504172
total_medicare_payment,1225079247,TAO HO,Internal Medicine Physician,TX,Dallas,10894,6886,4250055.57500000,82.530809795116
total_medicare_payment,1609076066,ANH NGO,Anesthesiology Physician,NH,Newington,278,178,815457.73950000,82.491065648144
total_medicare_payment,1760089544,MYLES ANGELO FERRER,Family Nurse Practitioner,NV,Henderson,1911,680,1567460.56650000,82.474155789190
total_medicare_payment,1174525604,MOHAMMAD QURESHI,Specialist,NJ,Edison,1984,675,6769936.99080000,82.370253641354
total_medicare_payment,1194024695,ANNIE CASTA,Family Medicine Physician,FL,Miami,8921,4421,4068580.68190000,82.283552792701
total_medicare_payment,1659574127,RICHARD KINSEY,Anatomic Pathology & Clinical Pathology Physician,TN,Memphis,376,196,3309955.60880000,81.890033507425
total_medicare_payment,1164464566,BARRY EIBSCHUTZ,Rheumatology Physician,CA,San Luis Obispo,707,381,6641194.89070000,81.847810189892
total_medicare_payment,1316155500,BELA AJTAI,Neurology Physician,NY,Amherst,1606,988,4101101.14820000,81.779236882301
total_medicare_payment,1851976484,ELIZABETH CHEN,Student in an Organized Health Care Education/Training Program,CO,Fort Collins,5362,579,1941378.53850000,81.497331589717
total_medicare_payment,1801474887,COURTNEY FULLER,Nurse Practitioner,TX,Bellaire,4831,1839,1101064.41360000,81.168913901402
total_medicare_payment,1568807212,BYUNGHEE KIM,Podiatrist,KY,Louisville,90,61,3907184.15550000,81.135779924770
total_medicare_payment,1225271646,JESSICA STULC,Neurology Physician,MN,Golden Valley,494,280,1883163.56410000,80.857414605906
total_medicare_payment,1811392871,JON PATRICK DAVID,Nurse Practitioner,CA,Los Angeles,6949,1562,1171992.02520000,80.811470428396
total_medicare_payment,1962539759,PARTHIV MEHTA,Radiation Oncology Physician,IL,Glenview,239,158,5919542.89300000,80.759688379542
total_medicare_payment,1962429886,LEE ERLENDSON,Anesthesiology Physician,CA,Rancho Mirage,7150,3154,1087081.00540000,80.628019483572
total_medicare_payment,1518314616,ARLIZBETH ARIZANGA LUNA,Nurse Practitioner,CA,Los Angeles,6949,1562,1161536.68980000,80.083049832492
total_medicare_payment,1053572503,MANUEL YBARRA,Anesthesiology Physician,TX,Schertz,4329,2344,766775.34230000,79.884967902514
total_medicare_payment,1699710665,JOHN HOVORKA,Surgery Physician,TX,Mcallen,2473,1323,1602827.20130000,79.677779913460
total_medicare_payment,1144539644,AMIEL MOSHFEGH,Diagnostic Radiology Physician,CA,Commerce,4044,2523,7611654.85650000,79.598687469303
total_medicare_payment,1861169252,JERVONNE JOHNSON,Family Nurse Practitioner,CA,Los Angeles,15168,3050,1111712.60990000,79.489075289623
total_medicare_payment,1649225558,FELICIANO SERRANO,Internal Medicine Physician,CA,Huntington Park,20021,10098,4528931.47640000,79.455763853179
total_medicare_payment,1245981208,LEZZLIE ANNE CHIU,Family Nurse Practitioner,CA,Covina,15168,3050,1106411.40400000,79.106056732753
total_medicare_payment,1770177446,PATRICK BENGSTON,Family Nurse Practitioner,FL,Seminole,20706,5705,1352037.97610000,79.081710924016
total_medicare_payment,1841268133,KEVIN ROSENBACH,Allergy & Immunology Physician,FL,Naples,199,121,4187717.53460000,79.025095105133
total_medicare_payment,1881663284,RALPH BOCCIA,Medical Oncology Physician,MD,Bethesda,186,79,2546518.35070000,78.842981734983
total_medicare_payment,1013200328,JORDAN HENDERSON,Student in an Organized Health Care Education/Training Program,SC,Myrtle Beach,2824,495,3123886.25320000,78.713973120160
total_medicare_payment,1508519000,CEIARA BURCHETT,Family Nurse Practitioner,OK,Tulsa,2387,1198,1274314.02700000,78.661904947764
total_medicare_payment,1316948565,PARAMJIT CHOPRA,Diagnostic Radiology Physician,IL,Hinsdale,1634,1041,4689270.14980000,78.573708644116
total_medicare_payment,1851554786,AARON BROADWELL,Rheumatology Physician,LA,Shreveport,67,49,6404327.42560000,78.458017492134
total_medicare_payment,1053401745,ELIZABETH GUNDERSON,Medical Oncology Physician,WA,Spokane Valley,134,75,1631263.77040000,78.304131319058
total_medicare_payment,1154034247,ERICA HUSTON,Family Nurse Practitioner,LA,Metairie,4099,1768,990043.98430000,78.280028417772
total_medicare_payment,1588629570,MATTHEW BARKER,Obstetrics & Gynecology Physician,SD,Sioux Falls,98,39,203209.07710000,77.980152366375
total_medicare_payment,1013270875,NICHOLAS JUAN,Anesthesiology Physician,WA,Kennewick,1583,706,570158.44420000,77.878759723764
total_medicare_payment,1174847941,NICHOLAS CHINSKEY,Student in an Organized Health Care Education/Training Program,MO,St Louis,4278,422,2491265.10670000,77.643863830648
total_medicare_payment,1114465218,EMANUELA BERARI,General Acute Care Hospital,TX,Red Oak,83,36,2830425.70740000,77.531566393942
total_medicare_payment,1679108104,MICHAEL BRANDON,Emergency Registered Nurse,TX,Mt Pleasant,274,41,833073.72580000,77.493069289949
total_medicare_payment,1083808265,JENNIFER KLAUSCHIE,Obstetrics & Gynecology Physician,AZ,Litchfield Park,789,227,387862.94850000,77.395663371467
total_medicare_payment,1659083392,SHEILA VILLACRUCIS,Family Nurse Practitioner,NV,Las Vegas,1911,680,1469503.34660000,77.265058674904
total_medicare_payment,1467781625,MEIR VACHSS,Registered Nurse,NY,Brooklyn,27680,926,647694.43990000,77.250488378987
total_medicare_payment,1447783139,KENNY RODRIGUEZ,Otolaryngology Physician,IA,Waterloo,140,66,3243935.71700000,77.122332530200
total_medicare_payment,1982990149,MARIE RODRIGUEZ,Adult Health Nurse Practitioner,IL,Chicago,764,351,1676313.22150000,77.041317342880
total_medicare_payment,1689977720,JEDEDIAH MCCLINTIC,Internal Medicine Physician,PA,Sayre,8493,4870,3213230.88070000,76.565948984675
total_medicare_payment,1619624541,COLLEEN PIECHOCKI,Family Nurse Practitioner,TX,Fort Worth,18908,6434,1045796.94740000,76.469407686301
total_medicare_payment,1942228515,BESS CHANG,Neurology Physician,NV,Las Vegas,133,80,5241587.34640000,76.441667947569
total_medicare_payment,1700089521,RAZA HASHMI,Internal Medicine Physician,TN,Memphis,2877,1862,3917615.68470000,76.277841094650
total_medicare_payment,1295966489,THU TRAN,Family Nurse Practitioner,CA,Irvine,15168,3050,1066456.07110000,76.219235463160
total_medicare_payment,1194164517,KYLE LINSEY,General Practice Physician,FL,Clearwater,2192,726,1003037.23800000,75.980131910333
total_medicare_payment,1669425989,JOHN BUDD,Rheumatology Physician,MO,Saint Louis,109,66,2957467.70820000,75.936356561507
total_medicare_payment,1659333276,MICHAEL GILPATRICK,Anesthesiology Physician,IN,Indianapolis,1319,822,616926.20210000,75.593973121651
total_medicare_payment,1144839531,MEGHAN BAKER,Family Nurse Practitioner,CA,Fremont,15168,3050,1056698.52800000,75.514241137858
total_medicare_payment,1801024047,BRIAN LANDRUM,Optometrist,OH,Middletown,2332,1196,886106.86400000,75.418277444855
total_medicare_payment,1033668637,SARAH ESTES,Family Nurse Practitioner,KY,Owensboro,5015,2394,981628.40700000,75.386188436720
total_medicare_payment,1902544240,CHIBUIKEM OKORO,Physician Assistant,CA,Temecula,13480,4124,1049398.01950000,75.259061837575
total_medicare_payment,1346273034,MURIEL BOREHAM,Obstetrics & Gynecology Physician,TX,Dallas,3386,998,310690.38590000,75.183914878335
total_medicare_payment,1174543060,DIANA BANKS,Neurology Physician,UT,Salt Lake City,183,92,1555194.89830000,75.116789164555
total_medicare_payment,1407842917,GREGORY SLAGLE,Anesthesiology Physician,AR,Hot Springs,392,196,516262.85400000,75.062082572820
total_medicare_payment,1174563431,EDWARD RUBIN,Anesthesiology Physician,NY,New Hyde Park,4570,2507,1055319.99880000,74.995851413846
total_medicare_payment,1881697944,EMILY KEAN PUCCIONI,Obstetrics & Gynecology Physician,NE,Omaha,281,111,298717.31510000,74.969767965631
total_medicare_payment,1710385414,CARLOS HENRIQUEZ FELIPE,General Practice Physician,PR,San Juan,3920,298,161178.80180000,74.860749320242
total_medicare_payment,1972721348,CHRISTOPHER DAKHIL,Internal Medicine Physician,KS,Wichita,1116,630,4431816.11400000,74.689010752904
total_medicare_payment,1508144593,SHOBHANA TALUKDAR,Obstetrics & Gynecology Physician,AZ,Peoria,789,227,373398.78020000,74.475742281002
total_medicare_payment,1659475309,OMAR GONZALEZ,Emergency Medicine Physician,TX,Mcallen,4378,2775,2029543.50300000,74.347974022419
total_medicare_payment,1295201036,SU JUNG LEE,Family Nurse Practitioner,NY,New York,12607,3576,931192.48210000,74.343657085013
total_medicare_payment,1801515606,PRITI PATEL,Family Nurse Practitioner,PA,King Of Prussia,6522,2668,900284.54440000,74.234830683042
total_medicare_payment,1053779322,SHYLEE TIAMSON,Family Nurse Practitioner,CA,West Covina,15168,3050,1035740.80360000,74.000020127321
total_medicare_payment,1639410244,KRISTEN NELSON,Family Nurse Practitioner,CA,Santa Maria,15168,3050,1035312.04860000,73.969042058473
total_medicare_payment,1417923095,JULIE BELL,Anatomic Pathology & Clinical Pathology Physician,FL,Vero Beach,834,433,3286601.69810000,73.786918119290
total_medicare_payment,1881211803,SHELITA JONES,Hematology & Oncology Physician,TX,Houston,615,413,6664461.03780000,73.590395298558
total_medicare_payment,1598810244,MIKHAIL IVANOVSKY,Anesthesiology Physician,AR,Little Rock,392,196,505936.05370000,73.543306162289
total_medicare_payment,1801841358,MICHAEL MCGINNIS,Anatomic Pathology & Clinical Pathology Physician,CA,Hollister,1158,572,4160951.77970000,73.483590937922
total_medicare_payment,1477584399,CHACKO ALAPPATT,Rheumatology Physician,OH,Miamisburg,235,153,3305890.22210000,73.429735915234
total_medicare_payment,1245842475,SARAH JANE ZANONE,Nurse Practitioner,CO,Aurora,1201,438,1177662.59200000,73.413999143657
total_medicare_payment,1023429941,THOMAS WILLIAMSON,Hematology & Oncology Physician,NC,Winston Salem,345,220,2389754.13720000,73.277814804358
total_medicare_payment,1013150481,ADAM SAVAGE,Anesthesiology Physician,OK,Ardmore,585,317,1175691.35700000,73.039416884488
total_medicare_payment,1497718613,FAISAL SAYEED,Anesthesiology Physician,CO,Colorado Springs,1133,508,486193.71580000,72.804675094420
total_medicare_payment,1053337295,BRUCE SAIDMAN,Hematology & Oncology Physician,PA,Kingston,636,417,3441393.83250000,72.753792474744
total_medicare_payment,1932138575,HUIPING XU,Psychiatry Physician,TX,Houston,2985,772,998163.25510000,72.742800899335
total_medicare_payment,1144982935,QINGZHI WU,Acute Care Nurse Practitioner,CA,San Jose,1655,451,932532.88090000,72.523871115254
total_medicare_payment,1508009077,DOLORIS HAWK,Family Nurse Practitioner,TN,Chattanooga,7875,3588,1126572.15750000,72.183769140666
total_medicare_payment,1124246855,JEFFREY GEITZ,Hematology & Oncology Physician,KS,Salina,93,67,3328658.04280000,72.167534471164
total_medicare_payment,1043246499,MANJIT RANDHAWA,Anesthesiology Physician,TX,Angleton,4329,2344,693467.86070000,72.154377081077
total_medicare_payment,1811530801,KIMBERLY BALSHI,Nurse Practitioner,FL,Delray Beach,8352,2648,1331120.31220000,71.762504257497
total_medicare_payment,1245394295,SAURIN MEHTA,Specialist,PA,Wyomissing,2457,779,2583201.91670000,71.547091083401
total_medicare_payment,1942924006,JESSICA MIKELL,Nurse Practitioner,MS,Flowood,1085,538,1410877.26200000,71.463383835302
total_medicare_payment,1336346501,DAVID BENTON,Hematology & Oncology Physician,ME,Topsham,60,36,2602787.41250000,71.393125965065
total_medicare_payment,1629057914,PAUL RODRIGUEZ,Anesthesiology Physician,FL,Lighthouse Point,3233,1650,884535.12290000,71.379433412837
total_medicare_payment,1710413513,ISAAC ZOCH,Anesthesiology Physician,TX,San Antonio,4329,2344,685044.49860000,71.266097135911
total_medicare_payment,1700500600,DOMINADOR MANSAT,Family Nurse Practitioner,CA,Ontario,15168,3050,997257.06320000,71.219523200960
total_medicare_payment,1609252287,GEORGIET AFRIYIE,Primary Care Nurse Practitioner,NJ,Edison,394,152,1969178.90280000,71.203423489225
total_medicare_payment,1194005934,ANGEL JOHNSON,Obstetrics & Gynecology Physician,MA,New York,1112,441,381536.68730000,71.186654662653
total_medicare_payment,1033437587,TARA SYKES,Family Nurse Practitioner,MS,Biloxi,3485,1624,1594574.02160000,71.132677177043
total_medicare_payment,1609103464,RYAN WORKMAN,Anesthesiology Physician,UT,Saint George,633,299,443641.64190000,71.080098161679
total_medicare_payment,1952591067,BAMDAD FARHAD,Surgery Physician,FL,Miramar,2075,1180,1980287.85760000,71.066048549355
total_medicare_payment,1558889907,KRISTIN HOLBROOK,Nurse Practitioner,NC,Fayetteville,3931,1868,982440.27320000,70.992640332273
total_medicare_payment,1447451539,AMITABH GOSWAMI,Anesthesiology Physician,CA,Fresno,7150,3154,956601.07950000,70.837395342320
total_medicare_payment,1750575890,ROCHELLE ROBICHEAUX METOYER,Internal Medicine Physician,LA,Ruston,1824,1203,2906882.99060000,70.830204159898
total_medicare_payment,1356659957,VENISE CAMERON,Registered Nurse,NY,Bronx,27680,926,593284.54460000,70.684522754912
total_medicare_payment,1689818015,THERESA TIMONY,Registered Nurse,CA,San Diego,15770,749,875447.83120000,70.607939871977
total_medicare_payment,1780644880,LYNNE LYONS,Psychiatry Physician,MI,West Bloomfield,1560,537,992675.25900000,70.572053104718
total_medicare_payment,1366963795,JENNIFER DESMOND,Gerontology Nurse Practitioner,TX,Houston,876,325,1741930.32900000,70.452974599314
total_medicare_payment,1205398617,KHENI BRASSO,Family Nurse Practitioner,OK,Tulsa,2387,1198,1138092.33970000,70.158790818792
total_medicare_payment,1407374408,CARLY SWINT,Physician Assistant,CO,Centennial,3792,1522,820417.14370000,70.111420314300
total_medicare_payment,1518566132,MILEYDIS CURBELO,Family Nurse Practitioner,FL,Miami,20706,5705,1198258.80080000,69.991102197906
total_medicare_payment,1154884351,QAIS AYOUBY,Internal Medicine Physician,CA,Corona,20021,10098,3994315.81200000,69.969126479216
total_medicare_payment,1265829527,DANIEL NOVICK,Vascular & Interventional Radiology Physician,NY,Brooklyn,210,147,2973319.61070000,69.788943967086
total_medicare_payment,1194175083,DEENA CANTRILL,Registered Nurse,TN,Knoxville,4763,768,609725.95210000,69.788824808945
total_medicare_payment,1114188109,AYESHA SIDDIQUI,Family Medicine Physician,NY,New York,5887,3141,2394230.00060000,69.490260895088
total_medicare_payment,1245441252,JOSHUA CANTOR,Anatomic Pathology & Clinical Pathology Physician,PA,Abington,617,323,2211070.81950000,69.394056905326
total_medicare_payment,1245609072,DAMARIS PORTER,Family Nurse Practitioner,TX,Denton,18908,6434,950028.91540000,69.388726055871
total_medicare_payment,1396744249,MICHAEL MANNING,Allergy & Immunology Physician,AZ,Scottsdale,70,42,4618385.00210000,69.204214299512
total_medicare_payment,1508312653,KRISTA HARMON,Family Nurse Practitioner,TN,Cleveland,7875,3588,1079080.39550000,69.104252150851
total_medicare_payment,1710979869,ROBERT DICKASON,Surgery Physician,MI,Trenton,1509,713,1226914.77720000,69.093708579362
total_medicare_payment,1982845863,MINDY EWERT,Physician Assistant,OK,Tulsa,1760,810,1120409.30830000,69.078711114742
total_medicare_payment,1760825624,BRIAN BODNARCHUK,Student in an Organized Health Care Education/Training Program,KY,Paducah,4670,492,2330570.41130000,69.053925131405
total_medicare_payment,1083657985,ANGELA CRAWFORD,Surgery Physician,FL,Miramar,2075,1180,1919809.65430000,68.866534063555
total_medicare_payment,1497747703,ANANDA WALALIYADDA,Specialist,ID,Pocatello,207,36,3874653.14020000,68.735805642523
total_medicare_payment,1083154918,TIFFANI LOWELL,Family Nurse Practitioner,OK,Harrah,2387,1198,1114705.76370000,68.698973892755
total_medicare_payment,1275843914,ABRAHAM FURA,Anesthesiology Physician,FL,Riverview,3233,1650,850695.75960000,68.616780911149
total_medicare_payment,1770938532,CHERYL KETELSEN,Medical Physician Assistant,CA,San Luis Obispo,3430,1008,1165370.79110000,68.605660743805
total_medicare_payment,1194261321,MARUSKA SANCHEZ,Nurse Practitioner,CA,Livermore,6949,1562,996579.10100000,68.590495979779
total_medicare_payment,1700017712,AJMAL MOHAMMAD,Registered Nurse,CA,Lawndale,15770,749,850453.67920000,68.567714443330
total_medicare_payment,1285775437,MARIA LOURDES DE LEON,Pediatrics Physician,CA,South Gate,9941,227,1199744.77380000,68.554200919836
total_medicare_payment,1710508270,LISA PARADISO,Registered Dietitian,CA,Fullerton,6818,152,214340.41650000,68.468011673518
total_medicare_payment,1235662545,ARTUR ARKELAKYAN,Dentist,CA,Burbank,14647,44,811061.97910000,68.450834806407
total_medicare_payment,1922496090,EMILY LANGLOIS,Registered Nurse,KY,Bowling Green,1408,272,451530.35890000,68.449097886466
total_medicare_payment,1154387140,STEPHEN PARKS,Family Medicine Physician,SC,Simpsonville,2613,1407,3864715.64660000,68.441305707687
total_medicare_payment,1104526656,TERA SABATINO,Family Nurse Practitioner,CO,Lakewood,3088,1085,805799.55510000,68.417004897015
total_medicare_payment,1770533051,STEVEN HEANEY,Plastic Surgery Physician,PA,Meadville,200,86,667391.28570000,68.364733785864
total_medicare_payment,1407324700,CHEREZ POUNCEY,Family Nurse Practitioner,FL,Orlando,20706,5705,1170367.90210000,68.342340285855
total_medicare_payment,1760618250,JOHNATHAN WARMINSKI,Internal Medicine Physician,TX,Southlake,10894,6886,3521993.53740000,68.220306709275
total_medicare_payment,1821009580,JAMES LIN,Anesthesiology Physician,CA,Thousand Oaks,7150,3154,920312.39940000,68.114456737086
total_medicare_payment,1376700591,JAMES RUSSO,Diagnostic Radiology Physician,LA,Lafayette,452,297,3482132.33190000,68.012099411488
total_medicare_payment,1679579700,WILLIAM ENGLISH,Surgery Physician,TX,San Antonio,2473,1323,1370044.93350000,67.971780054287
total_medicare_payment,1063454916,JOSEPH SILVERSTEIN,Physician Assistant,CA,Inglewood,13480,4124,948964.63860000,67.971519262789
total_medicare_payment,1598064743,MARINA SHERMAN,Family Nurse Practitioner,NY,Brooklyn,12607,3576,851710.21140000,67.922038267186
total_medicare_payment,1427593193,ASHLEY SIMMONS,Nurse Practitioner,OH,Warrensville Heights,3759,1612,783221.41030000,67.916747394477
total_medicare_payment,1730157058,ANDREA PEZZELLA,Obstetrics & Gynecology Physician,SC,West Columbia,730,300,372080.02600000,67.770414531493
total_medicare_payment,1073154209,ANGELICA DIAZ,Family Nurse Practitioner,TX,Bellaire,18908,6434,926520.91780000,67.650644534319
total_medicare_payment,1710693502,BECKY ASARE,Family Nurse Practitioner,FL,Tampa,20706,5705,1154197.96590000,67.386459472776
total_medicare_payment,1366731838,BRANDON MANCINI,Radiation Oncology Physician,MI,Grand Rapids,204,129,4584744.52820000,67.350735278217
total_medicare_payment,1770727497,LAUREN BANNON,Surgical Physician Assistant,AL,Hoover,211,112,561177.65200000,67.286709712851
total_medicare_payment,1902514680,GAVIN MAYO,Family Nurse Practitioner,MS,Carriere,3485,1624,1506414.20100000,67.153630731225
total_medicare_payment,1871587220,RAJA DEVANATHAN,Pulmonary Disease Physician,IN,Hobart,150,99,3046965.53050000,67.125299728125
total_medicare_payment,1255472999,RICARDO MARTINEZ,Family Medicine Physician,TX,Farmers Branch,10393,5503,2358421.76010000,67.064661857894
total_medicare_payment,1053340802,KURT TAUER,Medical Oncology Physician,TN,Germantown,80,47,3889168.70820000,66.916245725441
total_medicare_payment,1598383689,MY VAN NGUYEN,Family Nurse Practitioner,CA,San Diego,15168,3050,936704.22600000,66.844507260018
total_medicare_payment,1467455386,WILLIAM SCHMIDT,Medical Oncology Physician,OR,Bend,56,35,1376267.19040000,66.763379052382
total_medicare_payment,1356640650,RYAN WHITNEY,General Practice Physician,NY,Brooklyn,696,127,3305892.28660000,66.716427028667
total_medicare_payment,1588605653,MARIE GOH,Surgical Physician Assistant,CA,San Ramon,979,332,1122881.94170000,66.462403501692
total_medicare_payment,1366192569,YUDA DAVYDOV,Nurse Practitioner,AZ,Phoenix,1260,491,1262352.85050000,66.443043550412
total_medicare_payment,1831121532,GRANT FANKHAUSER,Surgery Physician,AZ,Peoria,803,387,1410336.70710000,66.440539760093
total_medicare_payment,1992740856,ALEXANDER ZUHOSKI,Hematology & Oncology Physician,NY,Riverhead,966,612,4439053.49780000,66.421750962960
total_medicare_payment,1669762191,SAMEER SOLIMAN,Anesthesiology Physician,TX,San Antonio,4329,2344,638173.25850000,66.323322256759
total_medicare_payment,1891769709,MARK MAZZARE,Internal Medicine Physician,TX,Tyler,10894,6886,3420192.42480000,66.219343795721
total_medicare_payment,1134169816,BRETT WHATCOTT,Anesthesiology Physician,AR,Fort Smith,392,196,455583.12620000,66.137833385969
total_medicare_payment,1801090626,CHARLES PALMER,Obstetrics & Gynecology Physician,KY,Louisville,504,177,289328.69690000,66.118549645904
total_medicare_payment,1689398992,LAURA HAYES,Family Nurse Practitioner,UT,Murray,1920,633,717343.46950000,66.066679341869
total_medicare_payment,1750043642,BETTY PETRILLO,Family Nurse Practitioner,TX,Richardson,18908,6434,904986.47110000,66.058478986111
total_medicare_payment,1902811219,ASHRAF HASSANEIN,Anatomic Pathology & Clinical Pathology Physician,FL,The Villages,834,433,2945648.92180000,66.017384161115
total_medicare_payment,1891891537,CATHERINE NOEL-UYLOAN,Pediatrics Physician,CA,West Covina,9941,227,1155788.42000000,66.012560668743
total_medicare_payment,1013119262,RAVI SINGH,Internal Medicine Physician,KS,Lenexa,1116,630,3923159.58310000,66.002383361907
total_medicare_payment,1821207044,JILL RUIZ,Student in an Organized Health Care Education/Training Program,TX,Denison,22576,2357,2102000.08910000,65.905439282408
total_medicare_payment,1518511229,CHRISTINA SMITH,Family Nurse Practitioner,SC,Walhalla,3851,1792,1506026.77520000,65.852157434233
total_medicare_payment,1356859169,HILLARY DROZD,Family Nurse Practitioner,TX,Austin,18908,6434,900533.81540000,65.729268530772
total_medicare_payment,1164614004,DAVID CASPER,Dermatology Physician,FL,The Villages,1143,784,13371582.04890000,65.675556614347
total_medicare_payment,1013194299,CARMEN HOLMES,Physician Assistant,TX,Paris,10016,3739,820394.74230000,65.660857695730
total_medicare_payment,1508815663,THOMAS BASCO,Obstetrics & Gynecology Physician,VA,Harrisonburg,1129,405,456544.03720000,65.590660570719
total_medicare_payment,1194390633,TAMEKA SIMMONS,Family Nurse Practitioner,TX,Addison,18908,6434,897953.71710000,65.538507018229
total_medicare_payment,1710522024,KELSEY RESLER,Adult Health Nurse Practitioner,AZ,Gilbert,483,157,1354711.08690000,65.476255648466
total_medicare_payment,1023113792,MICHAEL GLASSINGER,Emergency Medicine Physician,LA,Mandeville,952,641,1518973.61090000,65.420690367399
total_medicare_payment,1831578970,CRYSTAL WILES,Family Nurse Practitioner,IN,Indianapolis,4925,2377,991690.75720000,65.368689221366
total_medicare_payment,1194332742,ASHLEY KILLINGS,Nurse Practitioner,AZ,Yuma,1260,491,1241167.24110000,65.313031603478
total_medicare_payment,1881725364,CHARLES BUTLER,Internal Medicine Physician,SC,Columbia,2228,1399,3750875.53920000,65.240223182397
total_medicare_payment,1982674586,ARI ISAACSON,Vascular & Interventional Radiology Physician,NC,Chapel Hill,97,74,2824050.19020000,65.151927489536
total_medicare_payment,1518508928,TRAVIS FROGLEY,Family Nurse Practitioner,ID,Boise,1111,474,884214.40130000,65.074382017119
total_medicare_payment,1447686050,SANDRA GIBSON,Physician Assistant,NY,North Syracuse,14666,4574,707105.33350000,64.989863737218
total_medicare_payment,1932113735,BAKER MITCHELL,Anesthesiology Physician,FL,Panama City Beach,3233,1650,805687.54090000,64.942300783207
total_medicare_payment,1316538994,MORGAN CLICK,Student in an Organized Health Care Education/Training Program,TX,Dallas,22576,2357,2071601.30530000,64.940265771346
total_medicare_payment,1700107208,EDAN SARID,Pediatrics Physician,CO,Centennial,1429,31,644696.44580000,64.917674191242
total_medicare_payment,1861826968,LADONNA WILLIAMS,Family Nurse Practitioner,MO,Portageville,4793,2085,879536.90440000,64.906321479301
total_medicare_payment,1295207298,MONIQUE MANSFIELD,Family Nurse Practitioner,IN,Merrillville,4925,2377,984084.54080000,64.860222636370
total_medicare_payment,1104841253,ROBERT SALAZAR,Anesthesiology Physician,CA,Fresno,7150,3154,876791.10950000,64.848815768835
total_medicare_payment,1366769911,ADAM LIPMAN,Internal Medicine Physician,VA,Virginia Beach,3896,2296,3681486.56740000,64.772664498658
total_medicare_payment,1124439054,JENNIFER MCINTOSH,Family Nurse Practitioner,TX,Southlake,18908,6434,886750.68200000,64.710202173899
total_medicare_payment,1306380472,DANIELLE STOUT,Family Nurse Practitioner,ME,Auburn,1146,483,522100.68970000,64.695098791475
total_medicare_payment,1295778330,JASON CHANDLER,Medical Oncology Physician,TN,Germantown,80,47,3761045.88330000,64.682372273348
total_medicare_payment,1336379783,MARK JENNINGS,Student in an Organized Health Care Education/Training Program,TX,Allen,22576,2357,2062597.79320000,64.654400670866
total_medicare_payment,1184610800,TERRY STEVENSON,Family Medicine Physician,AZ,Yuma,3012,1488,2588757.71220000,64.650352571713
total_medicare_payment,1588262570,HOLLY CARLSTRAND,Gerontology Nurse Practitioner,TX,Manvel,876,325,1599021.83690000,64.603989613322
total_medicare_payment,1992177422,MICHELLE LAKNER,Nurse Practitioner,WI,Madison,3398,1600,660881.96400000,64.572581752198
total_medicare_payment,1104877125,BRIAN MURPHY,Hematology & Oncology Physician,OH,Sandusky,406,278,2759826.75780000,64.494037670415
total_medicare_payment,1083221717,CLARE ROEWE,Family Nurse Practitioner,KS,Overland Park,2114,890,952923.26520000,64.353683650524
total_medicare_payment,1134818370,KATHERINE PIEHL,Nurse Practitioner,MN,Mendota Heights,2243,1051,668279.04780000,64.286714868241
total_medicare_payment,1528279965,KIRTAN KOTICHA,Hematology & Oncology Physician,LA,Shreveport,134,90,3149893.27370000,64.142121055276
total_medicare_payment,1669638144,CHRIS MALINKY,Anesthesiology Physician,CO,Colorado Springs,1133,508,428941.70210000,64.117325544548
total_medicare_payment,1861441735,EDWARD LEWIECKI,Internal Medicine Physician,NM,Albuquerque,805,403,1824402.41260000,64.083293813909
total_medicare_payment,1356523443,KEVIN MUNSON,Optometrist,TX,Allen,4751,2013,780678.94100000,63.995342762426
total_medicare_payment,1366428914,STEPHEN SIDES,Internal Medicine Physician,MO,Jefferson City,3400,1832,2915834.93970000,63.931509672743
total_medicare_payment,1326487513,AMIR SALEM,Diagnostic Radiology Physician,NY,New York,2850,1827,5049287.13190000,63.900258400525
total_medicare_payment,1912987983,CHRISTIAN GONZALEZ,Anesthesiology Physician,FL,Aventura,3233,1650,792847.35670000,63.894025533824
total_medicare_payment,1700063187,SARAH HAMMIL,Obstetrics & Gynecology Physician,WA,Spokane,1006,175,181986.82310000,63.889445878954
total_medicare_payment,1790973956,TIMOTHY ANDERSON,Optometrist,MI,Rockford,1890,863,634183.18890000,63.875372438866
total_medicare_payment,1710076567,PHILIP DY,Medical Oncology Physician,IL,Effingham,124,83,4407852.46720000,63.855639517383
total_medicare_payment,1194489104,IRENE ALFORD,Family Nurse Practitioner,TX,Sherman,18908,6434,873794.76710000,63.752296840333
total_medicare_payment,1659367522,JOSHUA KATZ,Neurology Physician,MA,Wellesley,878,472,1793512.78840000,63.636653726468
total_medicare_payment,1912332289,ANDREW HENNING,Family Nurse Practitioner,OR,Portland,2022,755,675312.42100000,63.626116414487
total_medicare_payment,1790002830,JOSE RAMIREZ,Certified Registered Nurse Anesthetist,NM,Las Cruces,288,136,403120.37450000,63.575041284013
total_medicare_payment,1407855612,ROBERT GELFAND,Hematology & Oncology Physician,NY,New York,966,612,4246707.23850000,63.501940964081
total_medicare_payment,1134107022,IMRAN HAQUE,Internal Medicine Physician,NC,High Point,4861,3244,2696411.11740000,63.462121273044
total_medicare_payment,1063637320,FERNANDO MENDOZA,Pediatrics Physician,CA,Los Alamitos,9941,227,1110739.67770000,63.407756430163
total_medicare_payment,1588776264,TAREK SOUSOU,Hematology & Oncology Physician,NY,East Syracuse,966,612,4239898.85310000,63.398589893780
total_medicare_payment,1306131982,GARRETT WRIGHT,Anesthesiology Physician,OK,Oklahoma City,585,317,1020780.89010000,63.305241208114
total_medicare_payment,1881783181,H THOMAS SNYDER,Obstetrics & Gynecology Physician,OK,Enid,437,169,221879.11650000,63.217140463306
total_medicare_payment,1881231959,TIFFANY PACOCHA,Family Nurse Practitioner,IL,Niles,7070,2987,941070.26230000,63.214677590278
total_medicare_payment,1275776049,DAVID WARROW,Ophthalmology Physician,MD,Hagerstown,583,349,15061233.65930000,63.212005831395
total_medicare_payment,1427268259,IYAD HAMARNEH,Internal Medicine Physician,AZ,Prescott,3347,1956,3519237.47990000,63.201379707824
total_medicare_payment,1972995314,DANA MANN,Family Nurse Practitioner,KY,Louisville,5015,2394,824692.74960000,63.198509398290
total_medicare_payment,1083082283,LESLEE ADAMS,Registered Nurse,UT,Provo,1181,101,513440.37030000,63.146284788200
total_medicare_payment,1841758059,JENNIFER MCKEE,Family Nurse Practitioner,TN,Germantown,7875,3588,986305.18270000,63.088412097342
total_medicare_payment,1295941425,SUCHARITHA SHANMUGAM,Student in an Organized Health Care Education/Training Program,PA,Phoenixville,14928,1682,1838922.57970000,63.034133464961
total_medicare_payment,1700421211,MELISSA HILL,Family Nurse Practitioner,MN,Waconia,3086,1180,618973.94270000,62.885600540793
total_medicare_payment,1437158383,DEBORAH HERTERICH,Family Nurse Practitioner,TX,Bedford,18908,6434,861860.15580000,62.869902358235
total_medicare_payment,1437194610,DANIEL FRANK,Internal Medicine Physician,IL,Lisle,8316,4402,3511823.15340000,62.842669266646
total_medicare_payment,1316553886,JUSTIN TREAT,Optometrist,CA,Yuba City,8047,2079,730184.02380000,62.799287615017
total_medicare_payment,1104390087,ARIEL STEINHERZ,Nurse Practitioner,NY,Brooklyn,2931,884,767448.17770000,62.794496325635
total_medicare_payment,1588687503,STEVE TRAN,Family Medicine Physician,FL,Miramar,8921,4421,3109623.89300000,62.685305726342
total_medicare_payment,1598372088,KENNETH ARES,Nurse Practitioner,NV,Las Vegas,817,378,1165459.67880000,62.594752735098
total_medicare_payment,1962504613,JANET LEON,Internal Medicine Physician,KY,Louisville,1784,1157,3012907.18830000,62.544019846099
total_medicare_payment,1982634085,MISTY WHITE,Family Nurse Practitioner,VA,Williamsburg,5752,2372,1187711.26100000,62.441285004286
total_medicare_payment,1033134317,MOHAMAD TAWILA,Allergy & Immunology Physician,MI,Royal Oak,102,58,1034673.83310000,62.418467348985
total_medicare_payment,1407108715,GARRETT ROY,Family Nurse Practitioner,TX,Beaumont,18908,6434,855105.71920000,62.370507997103
total_medicare_payment,1922554138,TINA SPRUELL,Family Nurse Practitioner,TX,Huntsville,18908,6434,854445.49570000,62.321693874991
total_medicare_payment,1982882239,TAMER GHALY,Anesthesiology Physician,CT,Farmington,680,402,585792.52730000,62.283342110361
total_medicare_payment,1841756152,TINA BOWLES,Family Nurse Practitioner,TN,Morristown,7875,3588,973736.24900000,62.273402435813
total_medicare_payment,1013159029,JESSICA THOMES PEPIN,Obstetrics & Gynecology Physician,MN,Woodbury,850,193,105793.07330000,62.134167133035
total_medicare_payment,1528343811,REBECCA GUIO,Adult Health Nurse Practitioner,IL,Barrington,764,351,1355385.73000000,62.122936886016
total_medicare_payment,1205860954,AMY MCMULLEN,Internal Medicine Physician,CA,Santa Cruz,20021,10098,3546256.02370000,62.018404088343
total_medicare_payment,1922205939,JEMIN GAJIPARA,Anesthesiology Physician,TX,Dallas,4329,2344,597237.32620000,62.006451241709
total_medicare_payment,1881666477,HABTE YIMER,Hematology (Internal Medicine) Physician,TX,Tyler,64,35,1672469.79030000,61.831949540095
total_medicare_payment,1508805805,ERIC BERKOWITZ,Vascular & Interventional Radiology Physician,NY,Bethpage,210,147,2637508.22840000,61.822033931587
total_medicare_payment,1265654875,ADAM GERSTENBLITH,Internal Medicine Physician,MD,Hagerstown,4192,2331,4154938.29920000,61.792328850600
total_medicare_payment,1578531364,DALE REYNOLDS,Ophthalmology Physician,MN,Sartell,401,231,5588408.75600000,61.772656941041
total_medicare_payment,1346375003,HELEN BOERMAN,Optometrist,TN,Franklin,1259,708,1091592.93890000,61.756034377477
total_medicare_payment,1164423844,DOUGLAS HEMPEL,Rheumatology Physician,WI,Waukesha,115,67,1907189.29620000,61.724472287127
total_medicare_payment,1366786394,MARGARET KELNER,Family Nurse Practitioner,TX,San Marcos,18908,6434,846227.47150000,61.714088061484
total_medicare_payment,1104068840,SHARON JOHNSON,Critical Care Medicine Registered Nurse,SC,Columbia,152,49,319696.45140000,61.646468958053
total_medicare_payment,1811938541,KAMEL KAMEL,Psychiatry Physician,CA,Irvine,7716,1585,1184862.12570000,61.628209298445
total_medicare_payment,1679180699,WHITNEY SIMMONS,Registered Nurse,OK,Oklahoma City,1796,198,705701.69020000,61.624958455943
total_medicare_payment,1184884876,ALVIN MAY,Surgery Physician,CA,Culver City,3327,1526,1731797.90790000,61.591930047246
total_medicare_payment,1912526278,SHARI CARDWELL,Critical Care Medicine Registered Nurse,IL,Crystal Lake,227,37,339202.22510000,61.555812765002
total_medicare_payment,1851501704,RAUL STOREY-ROJAS,Hematology & Oncology Physician,FL,Vero Beach,673,448,3603495.48760000,61.503079399974
total_medicare_payment,1992932214,TONY MAKHLOUF,Hospitalist Physician,CA,Simi Valley,1831,1105,2622189.34340000,61.493358837687
total_medicare_payment,1700047180,AMARDEEP AULAKH,Internal Medicine Physician,CA,Fresno,20021,10098,3515449.43410000,61.471747931922
total_medicare_payment,1619945532,JAMES WANG,Neurology Physician,TN,Memphis,362,266,1755851.63640000,61.453996108030
total_medicare_payment,1093700528,JAMES DUNN,Obstetrics & Gynecology Physician,CA,Auburn,4940,1136,454603.35470000,61.426731501695
total_medicare_payment,1730622598,VALERIE STARNES,Nurse Practitioner,FL,Fort Myers,8352,2648,1141528.85210000,61.422183983235
total_medicare_payment,1053376764,MITESH PAREKH,Obstetrics & Gynecology Physician,OH,Columbus,1496,623,207193.85060000,61.281639228164
total_medicare_payment,1871946525,JONATHAN MENNUCCI,Optometrist,CA,Chico,8047,2079,712670.25360000,61.272322964103
total_medicare_payment,1619997772,KELLY O'DONNELL,Anesthesiology Physician,MD,Annapolis,1173,637,938880.70430000,61.155525891957
total_medicare_payment,1306492368,ROVIN SANTOS,Registered Nurse,CA,Los Angeles,15770,749,759323.02660000,61.128891363288
total_medicare_payment,1033250428,RANDELL SKAU,Surgery Physician,CA,Oroville,3327,1526,1717441.24700000,61.073391609796
total_medicare_payment,1669470720,HEIDI CRAYTON,Neurology Physician,VA,Vienna,480,292,2412998.99860000,60.937906243758
total_medicare_payment,1063684934,CHRISTINA BRIGHT,Internal Medicine Physician,OR,Bend,2490,1308,1442873.59090000,60.914800375479
total_medicare_payment,1851443832,TERRY FLETCHER,Anesthesiology Physician,AR,Little Rock,392,196,419514.43840000,60.833162955824
total_medicare_payment,1326194036,LARRY BROADWELL,Rheumatology Physician,LA,Shreveport,67,49,4976810.55500000,60.802680264572
total_medicare_payment,1437252301,VLADIMIR SKOROKHOD,Emergency Medicine Physician,CA,San Jose,6975,4073,2145525.87290000,60.751555249416
total_medicare_payment,1598936726,KRIKOR TATOYAN,Surgery Physician,CA,Van Nuys,3327,1526,1705130.77420000,60.628758043925
total_medicare_payment,1760458970,KIMON VIOLARIS,Pediatrics Physician,NY,New York,5937,150,853151.65870000,60.612521748410
total_medicare_payment,1114119872,JOSEPH WOLCOTT,Internal Medicine Physician,TX,Lubbock,10894,6886,3125790.39500000,60.432692468839
total_medicare_payment,1730588823,TIFFANY RADKE,Nurse Practitioner,MN,Saint Paul,2243,1051,628773.69210000,60.424428336767
total_medicare_payment,1598724692,MICHELLE SIMMONS,Obstetrics & Gynecology Physician,NC,Asheville,1468,524,314343.18030000,60.419123658528
total_medicare_payment,1760855639,MATTHEW REYNOLDS,Medical Physician Assistant,AR,Little Rock,174,93,1088543.97980000,60.363596510203
total_medicare_payment,1124042346,TERRY DUNN,Obstetrics & Gynecology Physician,CO,Denver,866,195,178782.40100000,60.292531355060
total_medicare_payment,1710182605,AARON FLANDERS,Hematology & Oncology Physician,FL,Tallahassee,673,448,3531917.16180000,60.262523223848
total_medicare_payment,1013171420,SAMEER GUPTA,Hematology & Oncology Physician,PA,Bryn Mawr,636,417,2856122.35230000,60.186546211302
total_medicare_payment,1316028376,JACQUELINE RUSSO,Anatomic Pathology & Clinical Pathology Physician,FL,Gainesville,834,433,2677459.86660000,59.905968984504
total_medicare_payment,1144299959,LOURDES APONTE,Internal Medicine Physician,DE,Lewes,577,346,3571595.61140000,59.869858000988
total_medicare_payment,1033186713,VIJAYA KORRAPATI,Internal Medicine Physician,SC,West Columbia,2228,1399,3443375.19130000,59.805219934061
total_medicare_payment,1417927054,RAVI RAO,Hematology & Oncology Physician,CA,Fresno,1285,708,6582464.23660000,59.767677119084
total_medicare_payment,1750777959,JOSEPH MOORE,Internal Medicine Physician,KS,Wichita,1116,630,3558052.28020000,59.767230748389
total_medicare_payment,1265494827,TOMAS ANTONINI,Obstetrics & Gynecology Physician,TX,Austin,3386,998,247589.30710000,59.723747794298
total_medicare_payment,1164419073,ASHOK PARMAR,Anesthesiology Physician,CA,Bakersfield,7150,3154,807564.35800000,59.654353097422
total_medicare_payment,1063743722,DHAVAL SHAH,Student in an Organized Health Care Education/Training Program,DE,Newark,919,72,2499771.06400000,59.631487108369
total_medicare_payment,1265657894,RONALD GEORGE,Internal Medicine Physician,NC,Wilmington,4861,3244,2529096.77020000,59.454941690282
total_medicare_payment,1700029832,IDEN COWAN,Anesthesiology Physician,TX,Austin,4329,2344,572827.86300000,59.432367832327
total_medicare_payment,1043285190,EDWARD LEE,Medical Oncology Physician,MD,Columbia,186,79,1927827.99590000,59.394626353047
total_medicare_payment,1659678837,YI CAI ISAAC TONG,Anesthesiology Physician,CA,Riverside,7150,3154,803534.27650000,59.351953989260
total_medicare_payment,1326778176,HUSSAYN BOUMELHEM,Family Nurse Practitioner,NV,Las Vegas,1911,680,1131287.29900000,59.279654032379
total_medicare_payment,1881694131,ARASH HORIZON,Rheumatology Physician,CA,Los Angeles,707,381,4818059.89400000,59.154083120220
total_medicare_payment,1538319074,DURGA ADHIKARI,Student in an Organized Health Care Education/Training Program,SC,Summerville,2824,495,2356096.79570000,59.140945114046
total_medicare_payment,1407227549,ROBIN MCDONALD,Family Nurse Practitioner,MS,Tupelo,3485,1624,1328610.33390000,59.128548095826
total_medicare_payment,1477268936,JASON DURYEE,Psychiatric/Mental Health Nurse Practitioner,CA,Oceanside,2744,347,822391.17000000,59.053256678064
total_medicare_payment,1780617282,GAUTAM MOORJANI,Hospitalist Physician,TX,San Antonio,1075,699,2311617.30980000,58.987629789720
total_medicare_payment,1356310734,JASON YSASAGA,Ophthalmology Physician,TX,Amarillo,1403,906,9921706.97830000,58.950117774137
total_medicare_payment,1407849755,KATHLEEN MAJORS,Anesthesiology Physician,LA,Shreveport,565,285,383047.95810000,58.901857311579
total_medicare_payment,1992346076,ADRAINE COX,Nurse Practitioner,MS,Flowood,1085,538,1165846.42020000,58.900772443094
total_medicare_payment,1184333080,MASON CHEW,Family Nurse Practitioner,CA,San Diego,15168,3050,826341.37860000,58.870657660403
total_medicare_payment,1992792568,JOEL ANG,Family Medicine Physician,DC,Washington,345,108,575107.47280000,58.775220701054
total_medicare_payment,1073509279,CHARLES BROWN,Obstetrics & Gynecology Physician,GA,Milledgeville,1359,404,299104.47060000,58.767122077085
total_medicare_payment,1477866325,DEBBIE LIM,Internal Medicine Physician,WI,Green Bay,2824,1663,1817720.49460000,58.675939470191
total_medicare_payment,1194942011,HESHAM MALIK,Diagnostic Radiology Physician,MA,Worcester,1413,811,3856233.18470000,58.660945021767
total_medicare_payment,1891848719,KRISTIE JONES,Physician Assistant,MI,Ann Arbor,6430,2888,471266.92100000,58.641286314014
total_medicare_payment,1174279509,DANIELLE SEARS,Family Nurse Practitioner,AZ,Phoenix,5277,2124,995670.78530000,58.516868321756
total_medicare_payment,1942413349,LUKE LIU,Anesthesiology Physician,AK,Anchorage,118,55,927124.19920000,58.473438317925
total_medicare_payment,1922099449,BERT GEER,Obstetrics & Gynecology Physician,TN,Cookeville,768,317,237675.15190000,58.465869489525
total_medicare_payment,1073557641,ASIM KHAN,Rheumatology Physician,MN,Maple Grove,120,69,2446615.71980000,58.395685226993
total_medicare_payment,1134395072,J. DUKE,Surgery Physician,AL,Dothan,441,273,1346460.40910000,58.346346523391
total_medicare_payment,1215011184,MARY SOUTH,Obstetrics & Gynecology Physician,OH,Akron,1496,623,197330.42850000,58.317875585513
total_medicare_payment,1881841575,RANJEET BAJWA,Optometrist,CA,Lindsay,8047,2079,678639.83590000,58.305329319082
total_medicare_payment,1104495985,HADON MONAGHAN,Nurse Practitioner,NV,Las Vegas,817,378,1086370.90500000,58.293325533510
total_medicare_payment,1386642742,JAMES ARMSTRONG,Thoracic Surgery (Cardiothoracic Vascular Surgery) Physician,MI,Garden City,157,76,1092056.31790000,58.272453556600
total_medicare_payment,1811376007,JENNA LANE,Anesthesiology Physician,TX,Amarillo,4329,2344,561566.63740000,58.244822913835
total_medicare_payment,1174818355,JILL SULLIVAN,Internal Medicine Physician,SC,Greenville,2228,1399,3350817.87940000,58.169289131806
total_medicare_payment,1841825171,VEENA KANTI,Oral and Maxillofacial Surgery (Dentist),TX,Plano,502,33,114200.79990000,58.076787429346
total_medicare_payment,1427053461,RICHARD ORLOWSKI,Hematology & Oncology Physician,NC,Hickory,345,220,1900969.67780000,58.061870027351
total_medicare_payment,1093742272,TIMOTHY GROTH,Pain Medicine (Anesthesiology) Physician,NY,Smithtown,239,148,2362709.87220000,58.006569542913
total_medicare_payment,1144517293,SONIALY LUGO RUIZ,Rheumatology Physician,PR,Aguadilla,65,42,400629.08030000,58.005049093162
total_medicare_payment,1043521198,MICHAEL ESPOSITO,Anesthesiology Physician,FL,Vero Beach,3233,1650,720495.65520000,57.987217909274
total_medicare_payment,1609800556,WENDY SIMMONS,Physician Assistant,NC,Wilmington,8094,4193,847696.55970000,57.979934095101
total_medicare_payment,1467773036,MICHAEL TALLARICO,Internal Medicine Physician,IN,Dyer,2554,1749,2678751.66370000,57.979098621419
total_medicare_payment,1609849546,LEV PUKIN,Vascular & Interventional Radiology Physician,NY,Brooklyn,210,147,2473768.13140000,57.937404967946
total_medicare_payment,1306856992,DAISY BAUTISTA,Pediatrics Physician,CA,Los Angeles,9941,227,1013328.47550000,57.775254845855
total_medicare_payment,1073530432,PERRIE RYAN,Internal Medicine Physician,SC,West Columbia,2228,1399,3326896.98670000,57.746492440955
total_medicare_payment,1962008433,LISA SIKORSKI,Family Nurse Practitioner,FL,Naples,20706,5705,990490.22160000,57.708926439048
total_medicare_payment,1720260151,RYAN RUSH,Ophthalmology Physician,TX,Amarillo,1403,906,9713163.75190000,57.690813806679
total_medicare_payment,1114997665,ANTONIO PAZ,Anesthesiology Physician,CT,Brookfield,680,402,543002.66530000,57.649972777121
total_medicare_payment,1811352560,SARAH THOMEN,Family Nurse Practitioner,CT,Torrington,2231,859,848238.13380000,57.540294153425
total_medicare_payment,1528023843,JACK SAUX,Hematology & Oncology Physician,LA,Covington,134,90,2829500.14650000,57.499691097906
total_medicare_payment,1801305677,COURTNEY TURNBOUGH,Women's Health Nurse Practitioner,MO,Saint Louis,284,57,113296.99660000,57.464423909952
total_medicare_payment,1609851617,GAD AVSHALOMOV,Allergy & Immunology Physician,NY,Brooklyn,272,156,1578927.79930000,57.448036897085
total_medicare_payment,1609954148,IRIS KENNEDY,Nurse Practitioner,AR,Little Rock,669,291,1189899.67070000,57.426928338125
total_medicare_payment,1801841481,DANIEL GEHRING,Certified Registered Nurse Anesthetist,FL,Sarasota,5376,2776,429310.27970000,57.423194125616
total_medicare_payment,1588115141,SON HUYNH,Surgical Physician Assistant,CA,Fountain Valley,979,332,970291.57980000,57.313833435970
total_medicare_payment,1396382206,OSCAR CASTILLO,Psychiatric/Mental Health Nurse Practitioner,CA,Fresno,2744,347,798460.01500000,57.310287627128
total_medicare_payment,1619966769,JOSEPH GAUTA,Obstetrics & Gynecology Physician,FL,Naples,2508,853,477208.99840000,57.109300661093
total_medicare_payment,1124096193,SHAUNA POE,Nurse Practitioner,IN,Brazil,2382,1225,898789.44600000,57.063225100483
total_medicare_payment,1538562145,KANE JOHN CUA,Family Nurse Practitioner,CA,Torrance,15168,3050,800567.93790000,57.008495305516
total_medicare_payment,1255744579,BRANDON MCCAFFERTY,Student in an Organized Health Care Education/Training Program,MN,Minneapolis,4543,932,1217330.83160000,57.005412338932
total_medicare_payment,1922037910,HELEN PLAVNIK,Obstetrics & Gynecology Physician,IL,Wheeling,1917,642,242397.44080000,56.988250830065
total_medicare_payment,1417016312,RYAN CONLEY,Emergency Medicine Physician,OK,Muskogee,688,479,1917542.78110000,56.954176820316
total_medicare_payment,1841229267,BRENT CALHOON,Medical Physician Assistant,PA,Reading,3790,1795,702823.22140000,56.910574274794
total_medicare_payment,1871577544,JEFFREY MARGOLIS,Hematology & Oncology Physician,MI,Madison Heights,266,166,3041294.55390000,56.881580183791
total_medicare_payment,1417013368,MANJULATHA BADAM,Internal Medicine Physician,TX,San Antonio,10894,6886,2939860.55600000,56.778128163398
total_medicare_payment,1629720644,JONATHAN BECHOR,Surgical Physician Assistant,NY,Elmhurst,2074,631,395980.15610000,56.715787907116
total_medicare_payment,1750608246,SEAN WARSCH,Hematology (Internal Medicine) Physician,NC,Asheville,67,55,1919824.61520000,56.709186921706
total_medicare_payment,1457452195,TIMOTHY FIELD,Obstetrics & Gynecology Physician,TX,Bryan,3386,998,235079.60390000,56.658790660099
total_medicare_payment,1457011819,KELLY MCTAGGART,Family Nurse Practitioner,FL,Ocala,20706,5705,972663.51240000,56.655105998828
total_medicare_payment,1336496272,ARMANDO SALAZAR,Adult Medicine Physician,FL,Miramar,315,106,1971548.11000000,56.577573268953
total_medicare_payment,1710923214,LUIS ROSAS,Family Medicine Physician,FL,Indian Harbour Beach,8921,4421,2808967.29320000,56.540772006767
total_medicare_payment,1568425700,RICHARD HERRSCHER,Allergy & Immunology Physician,TX,Plano,272,159,1694134.43460000,56.534885015771
total_medicare_payment,1790713162,BRIAN DURKIN,Anesthesiology Physician,NY,Port Jefferson,4570,2507,797807.63460000,56.460149978700
total_medicare_payment,1730147596,VASILEIOS ASSIKIS,Hematology & Oncology Physician,GA,Newnan,337,223,2985702.05940000,56.445190171391
total_medicare_payment,1205168556,ROBERT SPANO,Registered Nurse,NY,White Plains,27680,926,475043.91010000,56.415722250609
total_medicare_payment,1972535508,ELLEN DUNCAN,Anesthesiology Physician,TX,San Antonio,4329,2344,544062.20150000,56.398904481644
total_medicare_payment,1003449398,NATHANIEL BUMP,Nurse Practitioner,MS,Southaven,1085,538,1115706.49500000,56.330123006090
total_medicare_payment,1851891006,COLBY GRONEMAN,Occupational Therapist,UT,Provo,981,54,316607.60540000,56.310951256128
total_medicare_payment,1962407221,THOMAS STEFFE,Plastic Surgery Physician,NJ,Woodbury,187,57,469314.65370000,56.201985469303
total_medicare_payment,1548288715,CHRISTOPHER CALAPAI,Family Medicine Physician,NY,East Meadow,5887,3141,1940546.38450000,56.164034236136
total_medicare_payment,1083693915,YOUSEF MEHRABI,Pediatrics Physician,CA,Encino,9941,227,985311.20650000,56.155242891722
total_medicare_payment,1215491717,NINA WILSON,Family Nurse Practitioner,TX,Fort Cavazos,18908,6434,770911.34000000,56.145533110004
total_medicare_payment,1922005370,VICKI DE NOIA,Registered Nurse,NJ,Holmdel,2188,314,491103.91710000,56.083168311873
total_medicare_payment,1174052237,SALAR RAFIEETARY,Student in an Organized Health Care Education/Training Program,TN,Germantown,5929,646,2131439.77380000,55.995300911201
total_medicare_payment,1841486172,SANDEEP RANDHAWA,Ophthalmology Physician,MI,Royal Oak,754,501,6998534.00380000,55.976785685011
total_medicare_payment,1346894714,JODI BOND,Family Nurse Practitioner,AZ,Phoenix,5277,2124,952327.59810000,55.933436310289
total_medicare_payment,1093892267,BROCHA KAGAN,Physician Assistant,NY,Brooklyn,14666,4574,609766.25780000,55.922343363239
total_medicare_payment,1558380295,DAVID GREENWALD,Hematology & Oncology Physician,PA,Kingston,636,417,2656098.07220000,55.891523351439
total_medicare_payment,1003833633,MARK MITCHELL,Emergency Medicine Physician,FL,Deerfield Beach,3563,2320,1850336.82620000,55.873744828997
total_medicare_payment,1962499806,UMASANKAR RAMADOSS,Hematology & Oncology Physician,MO,Columbia,184,116,3287734.70700000,55.855603490076
total_medicare_payment,1932184629,JAMES LI,Surgery Physician,TX,Odessa,2473,1323,1128457.10710000,55.822972120832
total_medicare_payment,1265954788,VICKY BRYAN,Nurse Practitioner,GA,Woodstock,2735,1067,834568.53680000,55.756798119332
total_medicare_payment,1497723472,MARK TUNGESVIK,Hematology & Oncology Physician,MO,Columbia,184,116,3281190.37310000,55.742112353698
total_medicare_payment,1659692630,BRIAN LINDER,Obstetrics & Gynecology Physician,MN,Rochester,850,193,95080.15970000,55.722409108555
total_medicare_payment,1124252531,EARL JOHNSON,Plastic Surgery Physician,VA,Falls Church,121,39,687040.14420000,55.711554823725
total_medicare_payment,1669529608,STEVEN BETTAG,Medical Oncology Physician,WI,Sheboygan,62,40,872660.03120000,55.581087651241
total_medicare_payment,1619300241,DAVID ZHU,Surgery Physician,GA,Macon,1011,550,1178559.63800000,55.557521806659
total_medicare_payment,1568757847,ELISE DONNELLY,Family Medicine Physician,AZ,Phoenix,3012,1488,2228991.87740000,55.553937609845
total_medicare_payment,1790017218,SAMAN FAKHERI,Internal Medicine Physician,CA,Northridge,20021,10098,3179733.08440000,55.514535148625
total_medicare_payment,1295781912,DARYOUSH SABET-PAYMAN,Anesthesiology Physician,FL,Lady Lake,3233,1650,689797.35700000,55.481002601145
total_medicare_payment,1255099503,CAYLA MAYS,Nurse Practitioner,IN,Muncie,2382,1225,874203.98170000,55.476758630471
total_medicare_payment,1356319362,EVAN ABRAMSKY,Physician Assistant,FL,Delray Beach,9503,3801,963643.25430000,55.461056393384
total_medicare_payment,1821487380,CHAD BAILEY,Family Nurse Practitioner,LA,Lafayette,4099,1768,704474.63230000,55.449622452601
total_medicare_payment,1366615866,DANIEL HATMAKER,Chiropractor,TX,Galveston,6930,1371,480478.19360000,55.291698724684
total_medicare_payment,1154311868,ARMELLE OSIAS,Family Nurse Practitioner,FL,Dunnellon,20706,5705,949444.76780000,55.282537041696
total_medicare_payment,1205168895,DANIELLE MOTE,Registered Nurse,TN,Knoxville,4763,768,484473.27930000,55.266894983275
total_medicare_payment,1902276124,GINA MONTANO,Nurse Practitioner,AZ,Tucson,1260,491,1052407.53290000,55.244842327519
total_medicare_payment,1811138787,FAISAL MUSA,Hematology & Oncology Physician,MI,Dearborn,266,166,2953555.61460000,55.210450746779
total_medicare_payment,1760497432,GEORGE NORTHROP,Internal Medicine Physician,CT,Danbury,2783,1659,2112595.71970000,55.196545232907
total_medicare_payment,1609117241,LAURA LEVINSKY,Psychiatric/Mental Health Nurse Practitioner,NY,Nesconset,2895,523,569854.93470000,55.128408816631
total_medicare_payment,1164509873,JAMES WELLS,Internal Medicine Physician,SC,West Columbia,2228,1399,3178489.11690000,55.123414906408
total_medicare_payment,1487971081,MARC UEMURA,Student in an Organized Health Care Education/Training Program,OR,Eugene,4366,596,1045295.87550000,55.065344976842
total_medicare_payment,1235240987,DANIEL GREENWALD,Medical Oncology Physician,CA,Santa Barbara,276,159,3465269.50240000,54.885503155964
total_medicare_payment,1356648968,ERIKA LEPE,Physician Assistant,CA,Los Angeles,13480,4124,767627.83720000,54.813546796505
total_medicare_payment,1235576471,LINDSEY JACKSON,Obstetrics & Gynecology Physician,TX,Boerne,3386,998,227225.29700000,54.734435335078
total_medicare_payment,1982206876,THAI NGUYEN,Nurse Practitioner,CA,Chino Hills,6949,1562,797482.84530000,54.719509763559
total_medicare_payment,1407026172,ALISON POOLE,Physician Assistant,WV,Charleston,1085,438,584922.23500000,54.706399607177
total_medicare_payment,1750336236,ARVIND CHAUDHRY,Specialist,WA,Spokane,2849,157,2905386.72110000,54.682312663585
total_medicare_payment,1255804035,MARIA AILEEN QUE,Family Nurse Practitioner,CA,Northridge,15168,3050,766967.51980000,54.580824339013
total_medicare_payment,1871086249,CHRISTIAN CYR,Acute Care Nurse Practitioner,AZ,Yuma,564,277,705340.65340000,54.574535120752
total_medicare_payment,1225004930,RABINDRA PAUL,Infectious Disease Physician,MD,Berlin,354,151,2075719.43760000,54.559984183384
total_medicare_payment,1225250335,RYAN ALMEIDA,Anesthesiology Physician,AL,Birmingham,585,370,757290.03890000,54.547494325527
total_medicare_payment,1316009525,CHRISTOPHER VIJE,Anesthesiology Physician,TX,Austin,4329,2344,526395.28070000,54.535851314373
total_medicare_payment,1942623525,LARRY WILKES,Family Nurse Practitioner,IL,Chicago,7070,2987,813307.92800000,54.511427253149
total_medicare_payment,1215075908,CHAIM MANDELBAUM,Anesthesiology Physician,NY,New York,4570,2507,770347.55380000,54.483577472463
total_medicare_payment,1598873382,CARL GRAY,Hematology & Oncology Physician,UT,Ogden,73,42,3859829.08350000,54.472959168670
total_medicare_payment,1497176705,LUSINE APIKYAN,Adult Health Nurse Practitioner,CA,Los Angeles,1459,376,838352.42040000,54.460070709776
total_medicare_payment,1164484358,CLAUDE BURDICK,Cytopathology Physician,CA,Fremont,240,115,2666049.92930000,54.451722771197
total_medicare_payment,1053372334,AKGUN INCE,Rheumatology Physician,MO,Saint Louis,109,66,2128105.10280000,54.377775752610
total_medicare_payment,1447233895,AMR MORSY,Anesthesiology Physician,TX,Rockwall,4329,2344,524479.14300000,54.333786311007
total_medicare_payment,1154664001,VISHAL PARIKH,Student in an Organized Health Care Education/Training Program,OH,Dublin,15977,1720,1462687.39930000,54.299180917717
total_medicare_payment,1316970031,THEODORE WORKMAN,Anesthesiology Physician,CA,Redding,7150,3154,735917.68490000,54.278310442164
total_medicare_payment,1285745612,PATRICIA HANSEN,Internal Medicine Physician,KY,Louisville,1784,1157,2615062.36410000,54.145089987264
total_medicare_payment,1164654810,BROOKE VANDERBY,Anesthesiology Physician,IL,Glenview,2317,1238,727231.91750000,54.139629659788
total_medicare_payment,1790759728,ROBERT JACOBSON,Pediatrics Physician,MN,Rochester,1430,99,975589.05860000,54.077940373387
total_medicare_payment,1679529473,DAVID PORTNOY,Hematology & Oncology Physician,TN,Germantown,219,162,6523974.36210000,54.061371592680
total_medicare_payment,1295132231,GINA SCANLON,Medical Physician Assistant,NY,Deer Park,3812,1416,603899.66060000,54.053838874385
total_medicare_payment,1073995999,TRACYE FOWLER,Family Nurse Practitioner,OK,Yukon,2387,1198,880060.01320000,54.052116729801
total_medicare_payment,1437593696,MARK COLLAZO,Family Nurse Practitioner,TX,San Antonio,18908,6434,742534.70100000,54.047484916838
total_medicare_payment,1700273760,KRUTI PATEL,Hematology (Internal Medicine) Physician,OH,Cincinnati,63,48,1058195.59960000,54.012207135986
total_medicare_payment,1174783567,SANJAY GODHWANI,Internal Medicine Physician,NY,Wading River,13573,7725,2676767.90730000,53.957008211771
total_medicare_payment,1104988328,BRIAN WEAVER,Anesthesiology Physician,VA,Norfolk,1338,707,859937.23970000,53.946777352756
total_medicare_payment,1013491141,TYLER WOODS,Family Nurse Practitioner,OK,Tulsa,2387,1198,878359.52620000,53.945970378787
total_medicare_payment,1194765388,JONATHAN CALKWOOD,Neurology Physician,MN,Golden Valley,494,280,1265777.50000000,53.933684287613
total_medicare_payment,1083093769,ANDREW MARPLE,Hematology & Oncology Physician,FL,Sarasota,673,448,3162872.73090000,53.866448114501
total_medicare_payment,1063462349,CARL LORD,Obstetrics & Gynecology Physician,MD,Columbia,998,317,438019.51830000,53.819168441789
total_medicare_payment,1285345785,BRENDA LAPP,Family Nurse Practitioner,CA,Marina Del Rey,15168,3050,756055.92750000,53.792448559099
total_medicare_payment,1225258130,MELISSA CHENG,Family Nurse Practitioner,KY,Whitley City,5015,2394,703431.56960000,53.781322978417
total_medicare_payment,1528797644,BRIANA MASSETTI,Acute Care Nurse Practitioner,PA,Philadelphia,1225,434,565721.77240000,53.770532091313
total_medicare_payment,1043785744,BROOKE CALDWELL,Psychiatric/Mental Health Nurse Practitioner,TX,Dallas,3256,619,420447.26150000,53.733636018301
total_medicare_payment,1285816868,DAVID NIKNIA,Physician Assistant,CA,Los Angeles,13480,4124,752263.09040000,53.698666012324
total_medicare_payment,1720054232,SETH FRITCHER,Surgery Physician,TX,San Antonio,2473,1323,1086012.28880000,53.688535328295
total_medicare_payment,1457345324,MANISH VIRADIA,Neurology Physician,NJ,Annandale,520,347,3744305.88760000,53.590213221407
total_medicare_payment,1326030438,ADEBOWALE PREST,Family Medicine Physician,MD,Cambridge,1858,923,2840225.19100000,53.543308737039
total_medicare_payment,1780296640,LETICIA CARRION,Family Nurse Practitioner,FL,Saint Cloud,20706,5705,919781.02530000,53.528974012804
total_medicare_payment,1851548127,NAZAR GOLEWALE,Vascular & Interventional Radiology Physician,IN,Merrillville,49,40,2639853.91600000,53.484160625556
total_medicare_payment,1114984663,DIONNA DALZELL,Family Nurse Practitioner,TX,Fort Worth,18908,6434,734315.74270000,53.439810039943
total_medicare_payment,1497727465,EDWARD MCCLAY,Medical Oncology Physician,CA,San Marcos,276,159,3375024.64320000,53.431823714024
total_medicare_payment,1851423388,KASHIF ALI,Internal Medicine Physician,MD,Silver Spring,4192,2331,3600944.23490000,53.422000696156
total_medicare_payment,1124036934,GE YE,Anesthesiologist Assistant,GA,Macon,1420,652,120737.11450000,53.374662975820
total_medicare_payment,1407843022,ELANGOVAN BALAKRISHNAN,Hematology & Oncology Physician,MO,Columbia,184,116,3144658.16550000,53.374385457501
total_medicare_payment,1285079988,YANG LIU,Internal Medicine Physician,MN,Maplewood,3395,2058,1393440.76570000,53.310236998806
total_medicare_payment,1659562676,AQEEL HAIDAR,Anatomic Pathology & Clinical Pathology Physician,NC,Greensboro,346,181,1556361.96880000,53.185136420214
total_medicare_payment,1992121834,RACHEL BATES,Physician Assistant,TN,Memphis,2794,1331,874054.24960000,53.184076206158
total_medicare_payment,1558781856,CHRISTOPHER KOMANSKI,Internal Medicine Physician,NC,Asheville,4861,3244,2267109.14250000,53.180336492194
total_medicare_payment,1245273820,EDWIN CHOI,Family Medicine Physician,CA,Los Angeles,15915,6443,1845483.60690000,53.148512455511
total_medicare_payment,1518352129,ADRIAN BALESTRA,Registered Nurse,NY,New York,27680,926,447859.79800000,53.135253788292
total_medicare_payment,1568513257,TRACY MARMER,Physician Assistant,NY,Jamaica,14666,4574,579656.39030000,53.117489967512
total_medicare_payment,1386872265,CHRISTOPHER RICHARDSON,Surgery Physician,NV,Las Vegas,268,142,1078088.13100000,53.111274718642
total_medicare_payment,1033159850,DAVID VOGEL,Surgery Physician,NE,Omaha,247,124,1450737.87690000,53.110810329682
total_medicare_payment,1942457676,KELIE MERCIER,Family Nurse Practitioner,CA,Redding,15168,3050,746436.83900000,53.097457746599
total_medicare_payment,1316212764,WANDA PATTERSON,Family Nurse Practitioner,AL,Alexander City,3943,1663,817405.31500000,53.091891435490
total_medicare_payment,1699773267,WILLIAM KIMMEL,Anatomic Pathology & Clinical Pathology Physician,PA,W. Reading,617,323,1700323.76090000,53.070312724946
total_medicare_payment,1952027948,AIMEE GOSS,Family Nurse Practitioner,SC,Greenville,3851,1792,1217437.69750000,53.068290392379
total_medicare_payment,1861637274,JASON AGUSTIN,Medical Physician Assistant,CA,San Gabriel,3430,1008,904580.91510000,53.061075644802
total_medicare_payment,1871722892,JENNIFER STANISLAUS,Anesthesiology Physician,NC,Winston Salem,1303,767,557087.18620000,53.056973772530
total_medicare_payment,1619643004,DIANE NGUYEN,Registered Nurse,TX,Houston,10745,731,433765.09380000,53.023507198655
total_medicare_payment,1740886654,RYAN HASSER,Physician Assistant,CA,Marina Del Rey,13480,4124,742662.48440000,53.002036820497
total_medicare_payment,1013014752,HARRY LIFSCHUTZ,Surgery Physician,CA,Indio,3327,1526,1493512.79640000,52.985472720898
total_medicare_payment,1184629180,BRIAN LODER,Foot & Ankle Surgery Podiatrist,MI,Clinton Township,376,268,1954755.05610000,52.875045437618
total_medicare_payment,1487362679,STEPHANIE WHITWELL,Acute Care Nurse Practitioner,TX,Arlington,2853,1026,551340.31600000,52.801177939094
total_medicare_payment,1407120066,JESSICA GRAVES,Physician Assistant,OK,Muskogee,1760,810,859229.17370000,52.758605596134
total_medicare_payment,1962728725,ALYSSA HOEHN,Student in an Organized Health Care Education/Training Program,ID,Moscow,738,132,1012725.00410000,52.714995477435
total_medicare_payment,1568894988,JONATHAN ESKENAZI,Neurology Physician,CA,Beverly Hills,2083,1119,2875494.22670000,52.674480374415
total_medicare_payment,1477901585,WEI JIE ZHANG,Anesthesiology Physician,CT,New Haven,680,402,496912.90530000,52.659284081739
total_medicare_payment,1447323092,SAVITHA KRISHNAN,Obstetrics & Gynecology Physician,CA,Mountain View,4940,1136,389718.69470000,52.532524624576
total_medicare_payment,1487855938,DAVID GREENBERG,Student in an Organized Health Care Education/Training Program,OR,Bend,4366,596,997401.79570000,52.498166887184
total_medicare_payment,1508087297,DAVID WENK,Internal Medicine Physician,FL,Trinity,11073,6736,3149027.07840000,52.471308075648
total_medicare_payment,1376900100,KATHERINE HAYNES,Nurse Practitioner,FL,Tampa,8352,2648,977351.77930000,52.467964665827
total_medicare_payment,1225114051,MARK STEWART,Anesthesiology Physician,GA,Augusta,1331,734,599596.58160000,52.335346004191
total_medicare_payment,1528057056,GREGORY BORSTAD,Hospitalist Physician,NC,Wilmington,758,577,1597107.48330000,52.280328477502
total_medicare_payment,1972957538,ROHAN JALALIZADEH,Student in an Organized Health Care Education/Training Program,MO,Saint Louis,4278,422,1685657.24140000,52.258035157971
total_medicare_payment,1063691830,MOHAMAD KASSAR,Hematology & Oncology Physician,IN,Dyer,174,114,4737372.44660000,52.254605756749
total_medicare_payment,1124176151,ALEXANDER SALLOUM,Vascular & Interventional Radiology Physician,CA,Chula Vista,395,269,2832376.64890000,52.250655910199
total_medicare_payment,1184736274,JOSEPH ROJO,Physician Assistant,CA,Los Angeles,13480,4124,732277.62550000,52.248501485047
total_medicare_payment,1952304743,JAMES BARRY,Neurology Physician,TX,Bedford,1260,787,2589431.08910000,52.237012920607
total_medicare_payment,1255732228,KATHERINE BARRINGER,Acute Care Nurse Practitioner,CA,San Diego,1655,451,674303.90820000,52.193849184664
total_medicare_payment,1720480379,CHRISTOPHER DWIGGINS,Medical Physician Assistant,AZ,Scottsdale,1047,461,1278793.00600000,52.193224542452
total_medicare_payment,1881601052,MOHAMMUD ALAM,Infectious Disease Physician,NY,Amityville,774,410,1811892.51200000,52.192835240033
total_medicare_payment,1952588188,JOSE RIVAS,General Practice Physician,FL,Kissimmee,2192,726,692344.36130000,52.190177540461
total_medicare_payment,1922488246,ADAM WEINER,Internal Medicine Physician,MI,Royal Oak,6483,3935,1793695.53540000,52.156080263422
total_medicare_payment,1053765685,VICTORIA CORAGLIO,Surgery Physician,IL,Maywood,1531,677,1337431.52610000,52.101637879927
total_medicare_payment,1801529540,ILANA FORD,Family Nurse Practitioner,TX,Humble,18908,6434,715948.07050000,52.081782351326
total_medicare_payment,1760455372,CHRIS BENDER,Certified Registered Nurse Anesthetist,SD,Sioux Falls,480,259,205411.24120000,52.054723857345
total_medicare_payment,1548402407,EDWARD BAUMGARTNER,Anesthesiology Physician,TX,Houston,4329,2344,502610.08530000,52.027599643027
total_medicare_payment,1306058581,DEEPALI SHARMA,Internal Medicine Physician,NY,Riverhead,13573,7725,2581912.70990000,52.011954363755
total_medicare_payment,1952326266,NISHA WOODS,Obstetrics & Gynecology Physician,OR,Medford,661,147,184957.79280000,51.999172261489
total_medicare_payment,1629742762,ANI SHIRINYAN,Family Nurse Practitioner,CA,Glendale,15168,3050,731026.74160000,51.984059516326
total_medicare_payment,1336128016,JOEL WALDROP,General Practice Physician,SC,Columbia,149,46,2358181.40580000,51.977057096571
total_medicare_payment,1659396000,DAVID RIDLEY,Rheumatology Physician,MN,Eagan,120,69,2180819.26770000,51.958112721005
total_medicare_payment,1497487813,ANN MARIE EQUIO,Family Nurse Practitioner,MN,Eden Prairie,3086,1180,512184.74000000,51.869004114022
total_medicare_payment,1326498361,KEVIN JACKSON,Medical Physician Assistant,CA,Fullerton,3430,1008,884287.60000000,51.851476682023
total_medicare_payment,1750382800,RICHARD HADDAD,Specialist,NJ,Red Bank,1984,675,4285087.72490000,51.826753649867
total_medicare_payment,1285614578,ELLIS TINSLEY,Surgery Physician,NC,Wilmington,1153,665,1038490.49240000,51.792943787147
total_medicare_payment,1003868993,VIPUL JOSHI,Specialist,FL,Brandon,3437,900,5559003.14000000,51.723315820481
total_medicare_payment,1659992915,CHANEL TINSLEY,Family Nurse Practitioner,TX,Granbury,18908,6434,710616.57110000,51.687593924605
total_medicare_payment,1477583342,LYNN THOMPSON - GREGORY,Nurse Practitioner,PA,State College,3577,1537,661238.50220000,51.684646400418
total_medicare_payment,1376554154,KEVIN SANDERS,Radiation Oncology Physician,WA,Puyallup,183,115,4457757.48980000,51.652990405197
total_medicare_payment,1285600403,DAVID GREENE,General Practice Physician,CA,Salinas,1845,410,2254168.51050000,51.595171676844
total_medicare_payment,1184144792,MARIA DIZHGALVIS,Acute Care Nurse Practitioner,NY,Rochester,1508,346,372172.94960000,51.578822939660
total_medicare_payment,1972123008,MELODY GANDHI,Family Nurse Practitioner,TX,Dallas,18908,6434,708622.24340000,51.540141802895
total_medicare_payment,1992823272,JAMES GAY,Psychiatric/Mental Health Nurse Practitioner,LA,Lake Charles,554,154,462723.32700000,51.510526839344
total_medicare_payment,1801856380,THOMAS DAHLBERG,Anesthesiology Physician,IL,Rockford,2317,1238,692132.50760000,51.476928663808
total_medicare_payment,1689773244,ALESSANDRO CASTELLARIN,Specialist,CA,Santa Barbara,6624,1438,5434698.81030000,51.432302287034
total_medicare_payment,1184834194,ALFRED BESHAI,Anesthesiology Physician,CA,Irvine,7150,3154,697960.09140000,51.430144115416
total_medicare_payment,1699088898,RUBY EZRA,Registered Nurse,NY,Port Jefferson Station,27680,926,433422.29540000,51.392994494346
total_medicare_payment,1104956408,ANNA FRICK,Obstetrics & Gynecology Physician,CA,Oakland,4940,1136,381335.40820000,51.383367266871
total_medicare_payment,1356392799,JESSICA BELL,Obstetrics & Gynecology Physician,IN,Indianapolis,833,322,208872.02840000,51.288113755542
total_medicare_payment,1013962539,REZA MOBARAK,Foot & Ankle Surgery Podiatrist,TX,Lewisville,588,426,2218410.14280000,51.267223411055
total_medicare_payment,1427361377,ROBERTO LEON FERRE,Internal Medicine Physician,MN,Rochester,3395,2058,1340455.75040000,51.239127655753
total_medicare_payment,1578862637,TYLER YERKES,Medical Physician Assistant,DE,Newark,136,63,1101232.22040000,51.221103676644
total_medicare_payment,1578110672,ALICIA SCOTT,Family Nurse Practitioner,SC,Charleston,3851,1792,1174662.10120000,51.173424723542
total_medicare_payment,1942208079,ANDREW ROSENSON,Diagnostic Radiology Physician,IL,Northbrook,1634,1041,3080870.29880000,51.147481933227
total_medicare_payment,1164935466,DINA ESPOSITO,Family Nurse Practitioner,NJ,West Orange,3541,1279,935113.43380000,51.106223050460
total_medicare_payment,1699764878,CHRISTOPHER CHAY,Allergy & Immunology Physician,NC,Asheville,136,75,1797127.26940000,51.044496775204
total_medicare_payment,1134174436,JAMES ANTEZANA,Surgery Physician,NC,Charlotte,1153,665,1023464.07020000,51.028142605606
total_medicare_payment,1932274057,CHERISE FRANCIS,Family Nurse Practitioner,CA,Capistrano Beach,15168,3050,717714.16510000,51.022209715463
total_medicare_payment,1821561739,TAHEERA FORBES,Family Nurse Practitioner,LA,Minden,4099,1768,649014.21870000,51.015730129716
total_medicare_payment,1013514553,JORDAN SMITH,Family Nurse Practitioner,MS,Flowood,3485,1624,1148565.89690000,51.002338533936
total_medicare_payment,1609165992,LESLIE KALMAN,General Practice Physician,CA,Glendale,1845,410,2227755.22270000,50.981542433934
total_medicare_payment,1215345913,ZHIHONG ZHANG,Medical Oncology Physician,WA,Seattle,134,75,1070744.39160000,50.943122909197
total_medicare_payment,1396709424,RAMA BALARAMAN,Hematology & Oncology Physician,FL,Ocala,673,448,2992603.88930000,50.915442196328
total_medicare_payment,1679689301,BRADLEY SUMRALL,Specialist,GA,Macon,1159,365,3144351.11800000,50.866135977188
total_medicare_payment,1881639821,LINDA HENDRICKS,Specialist,GA,Macon,1159,365,3143808.89330000,50.857224188822
total_medicare_payment,1811429756,STUART COWLEY,Anesthesiology Physician,KY,Lexington,656,340,501392.01340000,50.830962685438
total_medicare_payment,1275501645,VICTOR AVILES,Hematology & Oncology Physician,MA,North Falmouth,387,222,1751414.19810000,50.692962138563
total_medicare_payment,1184376287,SADIE LINDQUIST,Family Nurse Practitioner,OH,Waterville,8623,4379,543861.88120000,50.634099800644
total_medicare_payment,1609389550,KATIE VASCONEZ,Family Nurse Practitioner,GA,Atlanta,7938,2726,714027.91980000,50.627850929482
total_medicare_payment,1649622291,RACHEL SAENZ,Nurse Practitioner,NV,Pahrump,817,378,944713.29300000,50.588946311376
part_b_total_services,1477988475,SHEEBA MATHAI,Registered Nurse,TX,Frisco,10745,731,1377269.00000000,12222.330500000000
part_b_total_services,1184886178,MERRY TAHERI,Family Nurse Practitioner,CA,Torrance,15168,3050,1032955.00000000,4787.658946735395
part_b_total_services,1811992308,FREDERICK SABIDO,Surgery Physician,NY,Staten Island,2171,1089,964454.00000000,4712.912344202899
part_b_total_services,1497957476,AMIR BALUCH,Anesthesiology Physician,FL,Miami,3233,1650,538807.00000000,4037.167288888889
part_b_total_services,1831355460,JOEZER LUGO RANAL,Physical Medicine & Rehabilitation Physician,PR,San Juan,189,81,263910.00000000,3707.515718750000
part_b_total_services,1376521773,DAVID CHESS,Geriatric Medicine (Internal Medicine) Physician,CT,Stratford,84,47,847398.00000000,3661.765378205128
part_b_total_services,1962465047,JEFFREY WEBER,Gastroenterology Physician,WI,Milwaukee,267,175,1042289.00000000,3549.372295454545
part_b_total_services,1679959845,VIOLETTA MAILYAN,Family Medicine Physician,CA,Glendale,15915,6443,1583465.00000000,3512.436562500000
part_b_total_services,1962436485,ROBERT STREISAND,Thoracic Surgery (Cardiothoracic Vascular Surgery) Physician,NY,Pelham,380,197,582339.00000000,3414.623991304348
part_b_total_services,1215971668,MADHAVI RAYAPUDI,Infectious Disease Physician,GA,Cumming,272,135,2465495.00000000,3305.283326043738
part_b_total_services,1275679250,BARRY JACOBSON,Obstetrics & Gynecology Physician,PA,Glen Mills,1949,757,279286.00000000,3246.891818965517
part_b_total_services,1912332289,ANDREW HENNING,Family Nurse Practitioner,OR,Portland,2022,755,614479.00000000,3211.979457364341
part_b_total_services,1861093601,PHILANA CUNNINGHAM,Family Nurse Practitioner,CA,Atascadero,15168,3050,584800.00000000,2710.129410652921
part_b_total_services,1144978271,SARAH FINCH,Nurse Practitioner,KS,Hutchinson,1214,607,882512.00000000,2469.134593360996
part_b_total_services,1558596916,JASMIN CHAUDHARY,Infectious Disease Physician,OR,Salem,101,48,409067.00000000,2429.647055066079
part_b_total_services,1558978643,MAYRA FLORES,Nurse Practitioner,CA,Santa Cruz,6949,1562,505960.00000000,2369.087569444444
part_b_total_services,1194740571,AMANDA MCKEE,Family Nurse Practitioner,IL,Mount Vernon,7070,2987,546757.00000000,2220.701858433735
part_b_total_services,1396924734,MOHAMED ERRITOUNI,Internal Medicine Physician,FL,Delray Beach,11073,6736,1722256.00000000,2207.539761406844
part_b_total_services,1538244314,JOSEPH PASCUZZO,Hospice and Palliative Medicine (Internal Medicine) Physician,CA,Fresno,187,94,644051.00000000,2144.222176543210
part_b_total_services,1336131481,VATSALA SASTRY,Infectious Disease Physician,FL,Brooksville,610,431,2321839.00000000,1971.449667506297
part_b_total_services,1003077322,SIMON FENSTERSZAUB,Family Medicine Physician,NY,Brooklyn,5887,3141,915986.00000000,1805.672000000000
part_b_total_services,1639622665,JEFFREY LIN,Infectious Disease Physician,FL,Fort Walton Beach,610,431,2121542.00000000,1801.298122795970
part_b_total_services,1124586573,COURTNEY WILLIAMS,Family Nurse Practitioner,CO,Westminster,3088,1085,346826.00000000,1784.814530534351
part_b_total_services,1134633266,WENDY PREWETT,Acute Care Nurse Practitioner,TX,Tyler,2853,1026,242610.00000000,1768.196281081081
part_b_total_services,1699744367,JOHN STORHEIM,Anesthesiology Physician,CO,Grand Junction,1133,508,111238.00000000,1743.849162790698
part_b_total_services,1659355170,ROBERT BRENNAN,Infectious Disease Physician,VA,Lynchburg,193,109,1081020.00000000,1645.065913092551
part_b_total_services,1124130539,RIAD DALI AHMAD,Infectious Disease Physician,MI,Grand Blanc,194,132,732891.00000000,1452.904741176471
part_b_total_services,1548904360,SHERRI BARTON,Family Nurse Practitioner,FL,Fort Walton Beach,20706,5705,388546.00000000,1357.048567357513
part_b_total_services,1457495483,MEI TANG,Medical Oncology Physician,MD,Baltimore,186,79,426923.00000000,1267.346872246696
part_b_total_services,1518960707,WILLIAM HARPER,Specialist,GA,Columbus,1159,365,1189309.00000000,1252.629758593750
part_b_total_services,1326401787,HOOMAN SABERINIA,Internal Medicine Physician,CA,Concord,20021,10098,813964.00000000,1244.027304988662
part_b_total_services,1316331481,RAHUL KHAPEKAR,Student in an Organized Health Care Education/Training Program,IL,Park Ridge,10607,979,456935.00000000,1198.360791828794
part_b_total_services,1639518806,KELLEEN GRAVER,Nurse Practitioner,OH,Columbus,3759,1612,217648.00000000,1078.490783088235
part_b_total_services,1063056687,RACHEL TEDESCO,Nurse Practitioner,NC,Whiteville,3931,1868,254358.00000000,1054.808004615385
part_b_total_services,1881105013,JODY HUSS,Acute Care Nurse Practitioner,OH,Blue Ash,1549,705,113522.00000000,1047.988205479452
part_b_total_services,1912911389,JULIA SCHAEFER-CUTILLO,Hematology & Oncology Physician,NC,Elizabeth City,345,220,382960.00000000,1029.970924151697
part_b_total_services,1376727321,JOEL MORRIS,Thoracic Surgery (Cardiothoracic Vascular Surgery) Physician,FL,Boca Raton,401,241,185508.00000000,1024.537856557377
part_b_total_services,1003468745,LORI CRAIG,Nurse Practitioner,OK,Oklahoma City,639,289,352597.00000000,1019.838210300429
part_b_total_services,1356579569,SHEHZADI NAGRA,Infectious Disease Physician,TX,Wichita Falls,538,346,878098.00000000,1017.748584264832
part_b_total_services,1598731770,PATRICK ANASTASIO,Infectious Disease Physician,FL,Fort Walton Beach,610,431,1183273.00000000,1004.242152392947
part_b_total_services,1780691238,ROLANDO JIMENEZ,Hematology & Oncology Physician,PR,Ponce,101,51,50609.00000000,973.939457142857
part_b_total_services,1548385594,LESLIE DENTON,Emergency Medicine Physician,NV,Las Vegas,488,300,225449.00000000,946.041933021807
part_b_total_services,1336438522,JENNIFER BYER,Medical Oncology Physician,MA,Weymouth,278,152,247310.00000000,930.651737430168
part_b_total_services,1700881422,JOSEPH YE,Medical Oncology Physician,WA,Olympia,134,75,217452.00000000,921.095503144654
part_b_total_services,1861679086,SANDHYA AYYAR,Infectious Disease Physician,CO,Aurora,149,82,347073.00000000,901.328241811175
part_b_total_services,1184994956,TARA ADAMS,Nurse Practitioner,GA,Macon,2735,1067,250423.00000000,892.834579365079
part_b_total_services,1841266996,RABIUL ALAM,Infectious Disease Physician,GA,Roswell,272,135,656362.00000000,879.318696819085
part_b_total_services,1881915940,ERIC THOMAS,Obstetrics & Gynecology Physician,OK,Oklahoma City,437,169,50256.00000000,868.081500000000
part_b_total_services,1821346727,CLAUDIA IHM,Student in an Organized Health Care Education/Training Program,CO,Aurora,5362,579,243353.00000000,840.932010256410
part_b_total_services,1053372649,BASSAM MATTAR,Hematology & Oncology Physician,KS,Wichita,93,67,571851.00000000,838.631272331155
part_b_total_services,1497743744,KARL DAMIANI,Infectious Disease Physician,FL,Port Charlotte,610,431,984728.00000000,835.578925062972
part_b_total_services,1205147592,KETURA WISNER,Obstetrics & Gynecology Physician,NM,Albuquerque,224,66,30708.00000000,827.112370000000
part_b_total_services,1881610715,SAMER ALYASEEN,Infectious Disease Physician,CO,Aurora,149,82,318055.00000000,825.903806358382
part_b_total_services,1154406494,ELIZABETH FLEMING,Adult Health Nurse Practitioner,NJ,Florham Park,1569,585,312566.00000000,819.462385214008
part_b_total_services,1316531676,RACHEL ROBINSON,Registered Nurse,TN,Jackson,4763,768,94340.00000000,799.528544025157
part_b_total_services,1053337295,BRUCE SAIDMAN,Hematology & Oncology Physician,PA,Kingston,636,417,437138.00000000,797.913392953930
part_b_total_services,1487931416,STEPHANIE DUPREE,Psychiatric/Mental Health Nurse Practitioner,UT,Sandy,424,58,59784.00000000,781.529398058252
part_b_total_services,1245990605,STACEY ROBERSON,Registered Nurse,PA,Plymouth Meeting,6684,651,101005.00000000,773.321914772727
part_b_total_services,1306145859,ALEXANDER HU,Student in an Organized Health Care Education/Training Program,AZ,Flagstaff,4509,612,314230.00000000,771.245906193078
part_b_total_services,1649289059,IVAN SOOSAIPILLAI,Internal Medicine Physician,FL,Ocala,11073,6736,594851.00000000,761.846467680608
part_b_total_services,1306812367,JOHN NIEDZWICKI,Medical Oncology Physician,MA,Dartmouth,278,152,202113.00000000,760.342371508380
part_b_total_services,1508101486,NASIRA KHAN,Medical Physician Assistant,TX,Fort Worth,2340,884,218715.00000000,759.535675257732
part_b_total_services,1306333414,CHRISTOPHER FISHER,Internal Medicine Physician,OK,Warr Acres,1308,793,642324.00000000,756.391611013986
part_b_total_services,1841486446,JING KROLL,Infectious Disease Physician,CO,Aurora,149,82,288415.00000000,748.862650289017
part_b_total_services,1437198074,RONALD DEAN,Emergency Medicine Physician,MT,Ronan,243,136,163155.00000000,744.311893220339
part_b_total_services,1235192139,CONSTANCE GORE,Acute Care Nurse Practitioner,NJ,Morristown,829,286,103109.00000000,738.957803191489
part_b_total_services,1649422734,DANIEL MCMANUS,Emergency Medicine Physician,SC,Greenville,1197,821,186421.00000000,737.942676470588
part_b_total_services,1114972254,PAUL LIN,Hematology & Oncology Physician,FL,Wellington,673,448,602784.00000000,736.324682230281
part_b_total_services,1902040033,MELISSA BROWN,Adult Health Nurse Practitioner,LA,Mandeville,247,126,258490.00000000,728.557365062762
part_b_total_services,1588170625,FARA STRICKER,Family Nurse Practitioner,NY,Glen Oaks,12607,3576,156005.00000000,719.834715753425
part_b_total_services,1346580503,AMITA SAGGI,Medical Physician Assistant,CA,Pleasanton,3430,1008,181243.00000000,711.949498542274
part_b_total_services,1285399543,NICOLE EGGLESTON,Nurse Practitioner,TX,Rowlett,4831,1839,175139.00000000,706.512497005988
part_b_total_services,1962467126,JAMES NEID,Infectious Disease Physician,CO,Aurora,149,82,269717.00000000,700.262261078998
part_b_total_services,1144343005,SACHIN GUPTA,Medical Oncology Physician,CA,Fresno,276,159,520716.00000000,695.992996031746
part_b_total_services,1275851255,LYDIA FISHER,Infectious Disease Physician,CO,Aurora,149,82,267321.00000000,694.034507707129
part_b_total_services,1881663284,RALPH BOCCIA,Medical Oncology Physician,MD,Bethesda,186,79,230314.00000000,683.149645374449
part_b_total_services,1558686352,ANTHONY KAHR,Student in an Organized Health Care Education/Training Program,OR,Bend,4366,596,165357.00000000,681.203746177370
part_b_total_services,1578037750,REENA VARGHESE,Family Nurse Practitioner,FL,Kissimmee,20706,5705,195032.00000000,680.752230569948
part_b_total_services,1891443958,MARTHA PAWLUKOWSKY,Family Nurse Practitioner,IL,Libertyville,7070,2987,166804.00000000,676.856686746988
part_b_total_services,1811654700,ELENA DOBSON,Psychiatric/Mental Health Nurse Practitioner,AZ,Yuma,1419,328,72624.00000000,674.630248275862
part_b_total_services,1467642611,ROBYN OLNEY,Anatomic Pathology & Clinical Pathology Physician,TX,Dallas,1143,592,683837.00000000,673.198826388889
part_b_total_services,1811018070,ERIC WESTERLUND,Nurse Practitioner,TX,Rockwall,4831,1839,166303.00000000,670.824580838323
part_b_total_services,1700089521,RAZA HASHMI,Internal Medicine Physician,TN,Memphis,2877,1862,559831.00000000,669.742558614565
part_b_total_services,1760413652,WILLIAM SHARFMAN,Medical Oncology Physician,MD,Lutherville,186,79,223792.00000000,663.770398678414
part_b_total_services,1194338145,KRISTIN ELATKIN,Psychiatric/Mental Health Nurse Practitioner,IL,Rolling Mdws,1152,244,106787.00000000,662.893626728111
part_b_total_services,1558380295,DAVID GREENWALD,Hematology & Oncology Physician,PA,Kingston,636,417,361018.00000000,658.772634146341
part_b_total_services,1295941425,SUCHARITHA SHANMUGAM,Student in an Organized Health Care Education/Training Program,PA,Phoenixville,14928,1682,237603.00000000,657.223381930185
part_b_total_services,1235122961,JOSE RUIZ,Physician Assistant,CA,La Jolla,13480,4124,140350.00000000,649.770651202749
part_b_total_services,1609872860,KENNETH SMITH,Emergency Medicine Physician,OH,Cincinnati,2616,1710,142364.00000000,647.328587837838
part_b_total_services,1467424812,MEENAKSHI PRABHAKAR,Infectious Disease Physician,TX,Bedford,538,346,554724.00000000,642.656988392089
part_b_total_services,1154447175,ROBERT SINGH,Vascular Surgery Physician,PA,Philadelphia,196,121,403457.00000000,639.327602352941
part_b_total_services,1710979869,ROBERT DICKASON,Surgery Physician,MI,Trenton,1509,713,103365.00000000,638.590610091743
part_b_total_services,1245551845,ERIN SALINAS,Obstetrics & Gynecology Physician,OR,Portland,661,147,32205.00000000,637.878617647059
part_b_total_services,1992932214,TONY MAKHLOUF,Hospitalist Physician,CA,Simi Valley,1831,1105,287043.00000000,635.895968750000
part_b_total_services,1952799850,ANDREA GILLON,Family Nurse Practitioner,MI,Grand Rapids,4883,1854,105502.00000000,634.343160714286
part_b_total_services,1114456258,COURTNEY BURLAND,Physician Assistant,IL,Bloomingdale,4437,1980,141471.00000000,628.952328382838
part_b_total_services,1093058463,LAURA PURDY,Family Medicine Physician,CA,Calabasas,15915,6443,283651.00000000,628.474250000000
part_b_total_services,1861462129,MARTIN BELKIN,Neurology Physician,MI,Farmington Hills,655,411,169191.00000000,625.973060439560
part_b_total_services,1588999791,ARVIN KHETERPAL,Student in an Organized Health Care Education/Training Program,MA,Boston,14128,1096,179590.00000000,621.901137532134
part_b_total_services,1316538994,MORGAN CLICK,Student in an Organized Health Care Education/Training Program,TX,Dallas,22576,2357,242293.00000000,620.568211026616
part_b_total_services,1528690930,MARCIA DAVIS,Acute Care Nurse Practitioner,UT,Saint George,185,98,93075.00000000,620.479896039604
part_b_total_services,1245237734,PATRICK HOGAN,Neurology Physician,WA,Tacoma,458,291,144693.00000000,616.446041139241
part_b_total_services,1639718661,ROSALIO GALLEGOS,Family Nurse Practitioner,TX,San Antonio,18908,6434,166539.00000000,616.370700549451
part_b_total_services,1790780658,HAROLD RAINWATER,Urology Physician,CA,Fresno,1389,686,961744.00000000,615.817538260456
part_b_total_services,1770511453,JEFFREY BAHR,Internal Medicine Physician,WI,Milwaukee,2824,1663,269219.00000000,608.215662751678
part_b_total_services,1679763387,MICHAEL VINCENT TABLANG,Infectious Disease Physician,FL,Crestview,610,431,716905.00000000,608.064298488665
part_b_total_services,1982701496,LEONARDO PALAU,Infectious Disease Physician,TX,The Woodlands,538,346,524392.00000000,607.473954858126
part_b_total_services,1861152654,JANNET EVERSON,Family Nurse Practitioner,AZ,Yuma,5277,2124,181911.00000000,605.083124691358
part_b_total_services,1316188758,RENATA PEYREAU,Nurse Practitioner,TX,Whitehouse,4831,1839,150004.00000000,604.994188622754
part_b_total_services,1518328582,AMANDA DIXON,Family Nurse Practitioner,TX,The Woodlands,18908,6434,163345.00000000,604.533596153846
part_b_total_services,1376535831,DANIEL SILVER,Physician Assistant,AZ,Scottsdale,3272,1411,162736.00000000,602.265497252747
part_b_total_services,1598842098,SEKULEO GATHERS,Emergency Medicine Physician,NY,New York,4319,2805,141135.00000000,601.303943037975
part_b_total_services,1578659116,BORIS BOBYR,Adult Health Nurse Practitioner,NY,Brooklyn,5448,1543,135602.00000000,600.837500000000
part_b_total_services,1487244422,ALLISON DUNNE,Surgical Physician Assistant,WI,Platteville,288,144,82347.00000000,599.575810810811
part_b_total_services,1982855789,CLAYTON LABAUME,Physician Assistant,CO,Durango,3792,1522,129085.00000000,597.549053264605
part_b_total_services,1629046735,AQEEL KHAN,Psychiatry Physician,IL,Bloomingdale,1952,579,167077.00000000,595.240896825397
part_b_total_services,1275776049,DAVID WARROW,Ophthalmology Physician,MD,Hagerstown,583,349,1539669.00000000,593.807239404353
part_b_total_services,1700047180,AMARDEEP AULAKH,Internal Medicine Physician,CA,Fresno,20021,10098,388534.00000000,593.341284580499
part_b_total_services,1033343819,KATRINA COULTER,Infectious Disease Physician,CO,Aurora,149,82,228339.00000000,592.711351637765
part_b_total_services,1447968177,BERONICA SIMPSON,Family Nurse Practitioner,CA,Thousand Oaks,15168,3050,127444.00000000,589.946441580756
part_b_total_services,1497176705,LUSINE APIKYAN,Adult Health Nurse Practitioner,CA,Los Angeles,1459,376,123217.00000000,588.506033687943
part_b_total_services,1952520017,FAISAL ALI,Internal Medicine Physician,NY,Brooklyn,13573,7725,361038.00000000,585.885327710843
part_b_total_services,1407324700,CHEREZ POUNCEY,Family Nurse Practitioner,FL,Orlando,20706,5705,167750.00000000,585.406588082902
part_b_total_services,1932161155,PAVAN REDDY,Hematology & Oncology Physician,KS,Wichita,93,67,394869.00000000,578.556416122004
part_b_total_services,1043272305,DENNIS MOORE,Hematology & Oncology Physician,KS,Wichita,93,67,394089.00000000,577.410206971678
part_b_total_services,1124187927,JAMES UYEKI,Internal Medicine Physician,TX,Austin,10894,6886,408789.00000000,576.484202617801
part_b_total_services,1710217393,JOHN SMOCK,Physician Assistant,AZ,Yuma,3272,1411,155392.00000000,575.048310439560
part_b_total_services,1063477073,ANNE GREIST,Internal Medicine Physician,IN,Indianapolis,2554,1749,375323.00000000,574.336750000000
part_b_total_services,1639767445,JASMINE DANIELS,Registered Nurse,NJ,Wyckoff,2188,314,75451.00000000,571.005932584270
part_b_total_services,1023113792,MICHAEL GLASSINGER,Emergency Medicine Physician,LA,Mandeville,952,641,125313.00000000,562.276690000000
part_b_total_services,1164566253,JANICE MCALISTER,Nurse Practitioner,GA,Atlanta,2735,1067,157608.00000000,561.597978835979
part_b_total_services,1225166242,MELISSA OTT,Family Nurse Practitioner,NC,Williamston,5879,2488,156309.00000000,561.398041333333
part_b_total_services,1043254469,ERIC MITCHNICK,Urology Physician,NY,Port Jefferson Station,1013,608,711260.00000000,561.250383128295
part_b_total_services,1538787031,KELLY OLCOTT,Nurse Practitioner,CA,San Mateo,6949,1562,119996.00000000,561.221472222222
part_b_total_services,1063054278,NICHOLAS VON HOLTEN,Surgical Physician Assistant,IL,Bloomington,563,221,75668.00000000,559.998065934066
part_b_total_services,1811552045,WESLEY GILLETTE,Student in an Organized Health Care Education/Training Program,TN,Germantown,5929,646,261079.00000000,558.214058730159
part_b_total_services,1942305677,TRAVIS KOENEKE,Hematology & Oncology Physician,KS,Manhattan,93,67,380597.00000000,557.583727668845
part_b_total_services,1831342096,ERIC RICHARDS,Internal Medicine Physician,CO,Aurora,2678,1359,284510.00000000,555.244489855072
part_b_total_services,1356411474,KRISTI HUNTER,General Practice Physician,GA,Evans,318,80,281870.00000000,549.436376989870
part_b_total_services,1720621071,JEFFREY LERTDILOK,Family Nurse Practitioner,TX,Carrollton,18908,6434,147858.00000000,547.138093406593
part_b_total_services,1396261525,LAUREN PETASNE,Family Nurse Practitioner,CO,Wheat Ridge,3088,1085,106360.00000000,546.689973282443
part_b_total_services,1255517561,SRIKAR MALIREDDY,Internal Medicine Physician,TX,Wichita Falls,10894,6886,386783.00000000,545.399287434555
part_b_total_services,1245394295,SAURIN MEHTA,Specialist,PA,Wyomissing,2457,779,331848.00000000,543.789777372263
part_b_total_services,1558323758,PHU TRUONG,Hematology & Oncology Physician,KS,Wichita,93,67,370398.00000000,542.596308278867
part_b_total_services,1962504613,JANET LEON,Internal Medicine Physician,KY,Louisville,1784,1157,397027.00000000,542.161184584178
part_b_total_services,1013171420,SAMEER GUPTA,Hematology & Oncology Physician,PA,Bryn Mawr,636,417,297171.00000000,542.065855013550
part_b_total_services,1134697162,LINDSAY SCHOEN,Adult Health Nurse Practitioner,NY,Garden City,5448,1543,121856.00000000,539.839625000000
part_b_total_services,1831109792,LUKE DREISBACH,Hematology & Oncology Physician,CA,Rancho Mirage,1285,708,824645.00000000,536.414770642202
part_b_total_services,1831621952,KELLEY FUNDERBURG,Family Nurse Practitioner,TN,Germantown,7875,3588,185092.00000000,533.812587794433
part_b_total_services,1780008078,DOROTHY LACOMBE,Adult Health Nurse Practitioner,NY,Clifton Park,5448,1543,120497.00000000,533.809062500000
part_b_total_services,1245302199,CHANDA RAMSEY,Certified Registered Nurse Anesthetist,IL,Gurnee,1944,1080,26884.00000000,532.180500000000
part_b_total_services,1568955490,ALICIA HESS,Registered Nurse,FL,Belleair,6322,641,55177.00000000,530.812228571429
part_b_total_services,1851423388,KASHIF ALI,Internal Medicine Physician,MD,Silver Spring,4192,2331,462190.00000000,530.165043441227
part_b_total_services,1215914353,LAURIE WELTON,Infectious Disease Physician,FL,Sebastian,610,431,625042.00000000,530.027027078086
part_b_total_services,1194390633,TAMEKA SIMMONS,Family Nurse Practitioner,TX,Addison,18908,6434,143198.00000000,529.867928571429
part_b_total_services,1710960752,SCOT PARIS,Surgery Physician,PA,Pottstown,1988,953,103568.00000000,524.198071428571
part_b_total_services,1225004930,RABINDRA PAUL,Infectious Disease Physician,MD,Berlin,354,151,223259.00000000,523.839731707317
part_b_total_services,1578196457,DANIELLE YOUNG,Family Nurse Practitioner,PA,Malvern,6522,2668,108126.00000000,523.717708633094
part_b_total_services,1851513071,BRENDA ELLINGSON,Family Nurse Practitioner,AZ,Yuma,5277,2124,156243.00000000,519.586502469136
part_b_total_services,1598889248,TATIANA SHARAHY,Internal Medicine Physician,NJ,Ridgewood,5051,3342,471040.00000000,518.559239983647
part_b_total_services,1790780716,GUANGZHI QU,Hematology & Oncology Physician,MS,Jackson,53,41,551678.00000000,517.113222144847
part_b_total_services,1053401745,ELIZABETH GUNDERSON,Medical Oncology Physician,WA,Spokane Valley,134,75,122005.00000000,516.196122641509
part_b_total_services,1578751871,TARAK PATEL,Hospitalist Physician,GA,Augusta,487,368,199663.00000000,515.477238963532
part_b_total_services,1255987475,IRA DENNY,Family Nurse Practitioner,AZ,Surprise,5277,2124,154796.00000000,514.766741975309
part_b_total_services,1659351484,RICHARD CHERNY,Hematology & Oncology Physician,NY,East Syracuse,966,612,449020.00000000,513.751807561597
part_b_total_services,1316017676,JASON TAKSEY,Medical Oncology Physician,MD,Annapolis,186,79,172496.00000000,511.351226872247
part_b_total_services,1013200328,JORDAN HENDERSON,Student in an Organized Health Care Education/Training Program,SC,Myrtle Beach,2824,495,256503.00000000,509.456415929204
part_b_total_services,1912243056,KIMBERLY AGIM,Nurse Practitioner,MI,Grand Rapids,3167,1241,86015.00000000,507.910333333333
part_b_total_services,1558334888,KEN ARAKAWA,Specialist,HI,Honolulu,373,79,310674.00000000,507.787174757282
part_b_total_services,1528029147,NASSIM NABBOUT,Hematology & Oncology Physician,KS,Wichita,93,67,344897.00000000,505.122616557734
part_b_total_services,1194324640,BUSOLA AMURAWAIYE,Family Nurse Practitioner,TX,Rockwall,18908,6434,136351.00000000,504.492645604396
part_b_total_services,1144830803,ROBERT SCRIBNER,Gerontology Nurse Practitioner,MI,Southfield,411,194,106252.00000000,503.739875000000
part_b_total_services,1043288673,CRAIG CARSON,Rheumatology Physician,OK,Edmond,51,37,726113.00000000,502.053064168378
part_b_total_services,1710076567,PHILIP DY,Medical Oncology Physician,IL,Effingham,124,83,471440.00000000,501.431611374408
part_b_total_services,1770625410,CAN ILYAS,Hematology & Oncology Physician,ME,Kennebunk,60,36,216266.00000000,500.233305841924
part_b_total_services,1023044906,JENNIFER DOUGLAS,Physician Assistant,SC,Charleston,2219,1049,168019.00000000,498.390129955947
part_b_total_services,1194362111,JOANN NUPEN LINDEMANN,Family Nurse Practitioner,ND,Dickinson,723,362,138619.00000000,495.011435013263
part_b_total_services,1003833633,MARK MITCHELL,Emergency Medicine Physician,FL,Deerfield Beach,3563,2320,153682.00000000,493.595558472554
part_b_total_services,1508144593,SHOBHANA TALUKDAR,Obstetrics & Gynecology Physician,AZ,Peoria,789,227,36631.00000000,493.207890000000
part_b_total_services,1194333054,SARA DAJANI,Family Nurse Practitioner,TN,Knoxville,7875,3588,170906.00000000,492.834185224839
part_b_total_services,1811587918,ROSE JOSEPH,Physician Assistant,FL,Coconut Creek,9503,3801,142370.00000000,491.617107692308
part_b_total_services,1871967869,NATALIA SUROWANIEC,Family Nurse Practitioner,IL,Chicago,7070,2987,120645.00000000,489.300990963855
part_b_total_services,1245239011,SIVAKUMAR RAMAN,Internal Medicine Physician,FL,Fort Myers,11073,6736,380636.00000000,487.154419201521
part_b_total_services,1669529608,STEVEN BETTAG,Medical Oncology Physician,WI,Sheboygan,62,40,95291.00000000,485.486704545455
part_b_total_services,1023041118,MANUEL DE PINA,Emergency Medicine Physician,SC,Greenville,1197,821,121968.00000000,482.215920588235
part_b_total_services,1477518686,NOELLE CLOVEN,Obstetrics & Gynecology Physician,TX,Fort Worth,3386,998,35722.00000000,480.931990000000
part_b_total_services,1699979518,TRAVIS HECKER,Anesthesiology Physician,WI,Summit,1197,650,29238.00000000,479.898524390244
part_b_total_services,1962485680,SHARI GERMSCHEID,Family Nurse Practitioner,MN,Maple Grove,3086,1180,90771.00000000,479.204476470588
part_b_total_services,1023429941,THOMAS WILLIAMSON,Hematology & Oncology Physician,NC,Winston Salem,345,220,178262.00000000,478.798065868263
part_b_total_services,1912988486,KATHERINE WANG,Neurological Surgery Physician,MA,Cambridge,222,127,102959.00000000,477.987913793103
part_b_total_services,1194024695,ANNIE CASTA,Family Medicine Physician,FL,Miami,8921,4421,345769.00000000,477.052564549180
part_b_total_services,1730538133,CHARITY GARDNER,Family Nurse Practitioner,TX,Amarillo,18908,6434,128681.00000000,476.067288461538
part_b_total_services,1902008170,WILFREDO BLASINI,Hematology (Pathology) Physician,FL,Fort Myers,45,30,828110.00000000,472.669176208651
part_b_total_services,1710182605,AARON FLANDERS,Hematology & Oncology Physician,FL,Tallahassee,673,448,385686.00000000,470.807726654578
part_b_total_services,1518922814,QUOC TRUONG,Hematology & Oncology Physician,KS,Wichita,93,67,320060.00000000,468.624672113290
part_b_total_services,1750734265,SAMANTHA WILD,Family Nurse Practitioner,TX,San Antonio,18908,6434,126449.00000000,467.795398351648
part_b_total_services,1407829526,THERESA SOROKO,Internal Medicine Physician,NJ,Bloomfield,5051,3342,422657.00000000,465.191564595258
part_b_total_services,1497745632,ASIT JHA,Medical Oncology Physician,GA,Waycross,62,32,222022.00000000,463.480844961240
part_b_total_services,1871607226,MOBOLAJI OGUNSAKIN,Internal Medicine Physician,GA,Warner Robins,4544,2799,321646.00000000,461.585230277186
part_b_total_services,1952305799,HOWARD WOODFORD,Obstetrics & Gynecology Physician,AL,Florence,479,242,58164.00000000,460.647791176471
part_b_total_services,1548256266,EUGENE WADE,Family Medicine Physician,NC,Kernersville,4659,2561,275000.00000000,460.497257462687
part_b_total_services,1174534994,DONNA O'NEILL,Infectious Disease Physician,MI,Jackson,194,132,231654.00000000,458.538986764706
part_b_total_services,1548288715,CHRISTOPHER CALAPAI,Family Medicine Physician,NY,East Meadow,5887,3141,231903.00000000,456.508305555556
part_b_total_services,1053367383,BRIAN LIPMAN,Infectious Disease Physician,NV,Henderson,51,33,822768.00000000,456.222577018122
part_b_total_services,1497273841,JOEL LURIE,Primary Care Nurse Practitioner,TX,Plano,733,189,131884.00000000,455.318630769231
part_b_total_services,1275501645,VICTOR AVILES,Hematology & Oncology Physician,MA,North Falmouth,387,222,183802.00000000,454.451814338235
part_b_total_services,1770727497,LAUREN BANNON,Surgical Physician Assistant,AL,Hoover,211,112,59716.00000000,454.167144067797
part_b_total_services,1205949914,ROY BROWNLOW,Anesthesiology Physician,CA,San Diego,7150,3154,48365.00000000,452.111729166667
part_b_total_services,1821239393,ALEJANDRO RIVERA-RODRIGUEZ,Rheumatology Physician,PR,Bayamon,65,42,47944.00000000,451.226349650350
part_b_total_services,1417918079,SHAKER DAKHIL,Hematology & Oncology Physician,KS,Wichita,93,67,307412.00000000,450.038449891068
part_b_total_services,1811931546,CHRISTOPHER LAGANKE,Neurology Physician,AL,Cullman,227,154,214240.00000000,449.284239875389
part_b_total_services,1306058581,DEEPALI SHARMA,Internal Medicine Physician,NY,Riverhead,13573,7725,275561.00000000,446.959456626506
part_b_total_services,1174182760,JORGE KINDS,Family Nurse Practitioner,AZ,Phoenix,5277,2124,133990.00000000,445.464781481481
part_b_total_services,1992740856,ALEXANDER ZUHOSKI,Hematology & Oncology Physician,NY,Riverhead,966,612,386446.00000000,442.033603653356
part_b_total_services,1902856016,WILLIAM TIMM,Infectious Disease Physician,WI,Brookfield,132,85,145640.00000000,441.679006756757
part_b_total_services,1356011936,BRANDON MORRIS,Family Nurse Practitioner,CA,Laguna Hills,15168,3050,95357.00000000,441.199489690722
part_b_total_services,1003875295,VICTOR PRIEGO,Medical Oncology Physician,MD,Bethesda,186,79,147648.00000000,437.518733480176
part_b_total_services,1306112677,NANCY TRAY,Student in an Organized Health Care Education/Training Program,CA,Monterey,48939,3304,165981.00000000,436.504255859375
part_b_total_services,1518132489,GIBRAN MAHMUD,Internal Medicine Physician,IL,Centralia,8316,4402,299411.00000000,435.155204643629
part_b_total_services,1194768150,GLENDA RODRIGUEZ,General Practice Physician,PR,Juana Diaz,3920,298,17054.00000000,432.939915094340
part_b_total_services,1972780146,ANUPAM CHAHAL,Internal Medicine Physician,CA,Manteca,20021,10098,282953.00000000,431.857419501134
part_b_total_services,1154685204,ANDREW COZADD,Physician Assistant,MN,Fridley,3595,2004,77616.00000000,429.845248971193
part_b_total_services,1669425989,JOHN BUDD,Rheumatology Physician,MO,Saint Louis,109,66,266064.00000000,427.443045346062
part_b_total_services,1033383351,RYAN OLSON,Hematology (Pathology) Physician,FL,Fort Myers,45,30,747498.00000000,426.551454410517
part_b_total_services,1609808831,LINLI XUAN,Medical Oncology Physician,WA,Olympia,134,75,100687.00000000,425.762216981132
part_b_total_services,1740790179,LINDSAY GAMBLE,Family Nurse Practitioner,SC,Okatie,3851,1792,188330.00000000,424.711296482412
part_b_total_services,1205398617,KHENI BRASSO,Family Nurse Practitioner,OK,Tulsa,2387,1198,147583.00000000,424.532894230769
part_b_total_services,1730185935,FREDERICK SMITH,Medical Oncology Physician,MD,Chevy Chase,186,79,142652.00000000,422.673790748899
part_b_total_services,1144299959,LOURDES APONTE,Internal Medicine Physician,DE,Lewes,577,346,329956.00000000,418.765233962264
part_b_total_services,1558752865,AMER HOMSI,Surgery Physician,UT,Ogden,286,143,54046.00000000,418.081459770115
part_b_total_services,1134182967,REGINA HENRY,Infectious Disease Physician,MO,Kansas City,144,89,211038.00000000,416.619463343109
part_b_total_services,1831721257,STEPHANIE MELTON,Family Nurse Practitioner,OH,Beachwood,8623,4379,83466.00000000,412.957665441176
part_b_total_services,1578643383,HUGO SALGUERO,Anesthesiology Physician,OK,Tulsa,585,317,53531.00000000,409.367846590909
part_b_total_services,1962499806,UMASANKAR RAMADOSS,Hematology & Oncology Physician,MO,Columbia,184,116,301842.00000000,408.906624874119
part_b_total_services,1528279965,KIRTAN KOTICHA,Hematology & Oncology Physician,LA,Shreveport,134,90,316945.00000000,408.517644157088
part_b_total_services,1750382800,RICHARD HADDAD,Specialist,NJ,Red Bank,1984,675,541676.00000000,407.898216442953
part_b_total_services,1891769709,MARK MAZZARE,Internal Medicine Physician,TX,Tyler,10894,6886,289340.00000000,407.754672774869
part_b_total_services,1447591714,SAMUEL GANZ,Internal Medicine Physician,FL,Delray Beach,11073,6736,315981.00000000,404.246058935361
part_b_total_services,1407855612,ROBERT GELFAND,Hematology & Oncology Physician,NY,New York,966,612,353005.00000000,403.705728547154
part_b_total_services,1669426961,KARA FOSTER-WEISS,Family Nurse Practitioner,VA,North Chesterfield,5752,2372,131615.00000000,403.556883826879
part_b_total_services,1265657894,RONALD GEORGE,Internal Medicine Physician,NC,Wilmington,4861,3244,256628.00000000,403.425068925234
part_b_total_services,1427294271,GURPREET LAMBA,Student in an Organized Health Care Education/Training Program,VT,Burlington,900,135,130614.00000000,403.103477064220
part_b_total_services,1407843022,ELANGOVAN BALAKRISHNAN,Hematology & Oncology Physician,MO,Columbia,184,116,296262.00000000,401.326141490433
part_b_total_services,1043785744,BROOKE CALDWELL,Psychiatric/Mental Health Nurse Practitioner,TX,Dallas,3256,619,56611.00000000,400.979600000000
part_b_total_services,1972627446,SRINI REDDY,Internal Medicine Physician,TX,Amarillo,10894,6886,281359.00000000,396.480987958115
part_b_total_services,1689713679,ANDRES PEISAJOVICH,Internal Medicine Physician,NM,Albuquerque,805,403,145700.00000000,395.270598790323
part_b_total_services,1407812043,NAUMAN MOAZZAM,Hematology & Oncology Physician,CO,Lakewood,169,100,395831.00000000,394.787348148148
part_b_total_services,1114923299,PAUL KIM,Hematology & Oncology Physician,NC,Fletcher,345,220,146665.00000000,393.719516966068
part_b_total_services,1477584399,CHACKO ALAPPATT,Rheumatology Physician,OH,Miamisburg,235,153,324470.00000000,392.850151079137
part_b_total_services,1346276375,JACK SCHIM,Neurology Physician,CA,Carlsbad,2083,1119,213488.00000000,391.470978201635
part_b_total_services,1821075060,GUY BURROWS,Clinical Neurophysiology Physician,TX,Shenandoah,65,36,298965.00000000,390.145585354025
part_b_total_services,1568653509,LUDMILA MARTIN,Internal Medicine Physician,WA,Tacoma,3822,2140,173617.00000000,389.999503338898
part_b_total_services,1437412129,SRIKANTH NARAMALA,Internal Medicine Physician,CA,Visalia,20021,10098,254383.00000000,388.160219954649
part_b_total_services,1851654818,ANDREW ILIFF,Hematology & Oncology Physician,MO,Columbia,184,116,285495.00000000,386.699068982880
part_b_total_services,1962698654,KARL HURST-WICKER,Anesthesiology Physician,AZ,Chandler,1369,771,41959.00000000,386.673294520548
part_b_total_services,1245581438,WILLIAM FAZIO,Surgical Physician Assistant,FL,Naples,1301,541,76208.00000000,385.636500000000
part_b_total_services,1720248081,ROY CHEN,Hematology & Oncology Physician,NY,Riverhead,966,612,335732.00000000,383.908551826678
part_b_total_services,1225455686,TAMARA BININASHVILI,Infectious Disease Physician,OR,Salem,101,48,64809.00000000,383.814270925110
part_b_total_services,1710207360,NAUMIT BHANDARI,Anesthesiology Physician,TX,Shavano Park,4329,2344,39889.00000000,383.376164285714
part_b_total_services,1578569455,MICHAEL BOROFSKY,Specialist,PA,Wyomissing,2457,779,234016.00000000,383.235801703163
part_b_total_services,1003868993,VIPUL JOSHI,Specialist,FL,Brandon,3437,900,629428.00000000,382.845346588342
part_b_total_services,1164464566,BARRY EIBSCHUTZ,Rheumatology Physician,CA,San Luis Obispo,707,381,472342.00000000,382.190994591346
part_b_total_services,1124246855,JEFFREY GEITZ,Hematology & Oncology Physician,KS,Salina,93,67,261074.00000000,381.944809368192
part_b_total_services,1265490312,NAIXI CHEN,Hematology & Oncology Physician,WA,Renton,396,187,216670.00000000,380.712103133159
part_b_total_services,1285664151,GILBERT VEGA,Medical Physician Assistant,AZ,San Luis,1047,461,182961.00000000,380.059932098765
part_b_total_services,1568119667,KRISTINA BIKOULOVA,Registered Nurse,CT,Wilton,1260,185,56341.00000000,379.143195000000
part_b_total_services,1427127588,AMY SHAW,Family Medicine Physician,CA,Santa Rosa,15915,6443,171097.00000000,378.745062500000
part_b_total_services,1861441735,EDWARD LEWIECKI,Internal Medicine Physician,NM,Albuquerque,805,403,139590.00000000,378.652877016129
part_b_total_services,1588776264,TAREK SOUSOU,Hematology & Oncology Physician,NY,East Syracuse,966,612,330526.00000000,377.941776975361
part_b_total_services,1972579449,STEVEN HERZOG,Neurology Physician,TX,Dallas,1260,787,211464.00000000,377.455209549072
part_b_total_services,1992826424,APARNA KOMATINENI,Neurology Physician,CO,Colorado Springs,378,209,124943.00000000,376.951735426009
part_b_total_services,1780617282,GAUTAM MOORJANI,Hospitalist Physician,TX,San Antonio,1075,699,168893.00000000,376.029283112583
part_b_total_services,1548475387,PADMAJA VENUTURUMILLI,Pediatrics Physician,MI,Royal Oak,2506,150,84788.00000000,374.115295081967
part_b_total_services,1215994009,SUSAN YONCE,Family Nurse Practitioner,SC,Charleston,3851,1792,165802.00000000,373.806318257956
part_b_total_services,1073580908,ARMISTEAD WILLIAMS,Neurology Physician,NY,New York,1606,988,178672.00000000,372.184088235294
part_b_total_services,1447402896,PRAVEEN TUMULA,Internal Medicine Physician,TX,Amarillo,10894,6886,264114.00000000,372.121296858639
part_b_total_services,1013489079,MANUEL GALAN,Family Nurse Practitioner,TX,San Marcos,18908,6434,100021.00000000,369.852068681319
part_b_total_services,1619091063,STEVEN CALL,Internal Medicine Physician,UT,Springville,975,555,150010.00000000,369.648236263736
part_b_total_services,1730155029,RAPHAEL KIEVAL,Rheumatology Physician,MA,Brockton,256,139,143339.00000000,369.375323754789
part_b_total_services,1770780603,AYMEN KENAWY,Internal Medicine Physician,FL,Lynn Haven,11073,6736,288117.00000000,368.515511406844
part_b_total_services,1043285190,EDWARD LEE,Medical Oncology Physician,MD,Columbia,186,79,124308.00000000,368.167059471366
part_b_total_services,1114188109,AYESHA SIDDIQUI,Family Medicine Physician,NY,New York,5887,3141,184541.00000000,363.099916666667
part_b_total_services,1902973043,PAMELA HARSTON,Physical Medicine & Rehabilitation Physician,KY,Bowling Green,165,77,393445.00000000,363.005907407407
part_b_total_services,1275099954,LISA SAULS,Family Nurse Practitioner,SC,Prosperity,3851,1792,160955.00000000,362.853884422111
part_b_total_services,1114260163,JAY BERDIA,Student in an Organized Health Care Education/Training Program,MD,Hagerstown,7249,662,215103.00000000,362.776190476190
part_b_total_services,1730174970,JULIAN ESPIRITU,Specialist,WV,South Charleston,295,66,301956.00000000,362.261806595365
part_b_total_services,1881701787,JANE DAVIDSON,Physician Assistant,CA,La Jolla,13480,4124,78169.00000000,361.515774914089
part_b_total_services,1679984363,TIFFANY REDFERN,Obstetrics & Gynecology Physician,TX,Fort Worth,3386,998,26866.00000000,361.464550000000
part_b_total_services,1083154918,TIFFANI LOWELL,Family Nurse Practitioner,OK,Harrah,2387,1198,125324.00000000,360.371802350427
part_b_total_services,1811530801,KIMBERLY BALSHI,Nurse Practitioner,FL,Delray Beach,8352,2648,106676.00000000,359.834761904762
part_b_total_services,1144839531,MEGHAN BAKER,Family Nurse Practitioner,CA,Fremont,15168,3050,77079.00000000,356.467455326460
part_b_total_services,1689271090,TYRONE BRININGER,Physician Assistant,OH,Cleveland,4893,2470,64616.00000000,356.318446721311
part_b_total_services,1205833662,GERALD HO,Internal Medicine Physician,CA,La Palma,20021,10098,233428.00000000,356.109998866213
part_b_total_services,1417927054,RAVI RAO,Hematology & Oncology Physician,CA,Fresno,1285,708,547778.00000000,356.070211009174
part_b_total_services,1639310980,KRISTEN FLEURY,Family Nurse Practitioner,AZ,Phoenix,5277,2124,107001.00000000,355.568087654321
part_b_total_services,1013032713,DEXTER ESTRADA,Hematology & Oncology Physician,CA,Fresno,1285,708,546939.00000000,355.523706422018
part_b_total_services,1376897652,ROMAN AYKELINCHAYEV,Physician Assistant,NY,Rego Park,14666,4574,62849.00000000,355.365142857143
part_b_total_services,1376582015,MARC TACK,Infectious Disease Physician,NY,Kingston,774,410,131223.00000000,355.335285714286
part_b_total_services,1396842704,THUAN LE,Infectious Disease Physician,CA,Murrieta,880,422,257228.00000000,355.048498461538
part_b_total_services,1174783567,SANJAY GODHWANI,Internal Medicine Physician,NY,Wading River,13573,7725,218194.00000000,353.720802409639
part_b_total_services,1336379783,MARK JENNINGS,Student in an Organized Health Care Education/Training Program,TX,Allen,22576,2357,138192.00000000,353.586749049430
part_b_total_services,1184610800,TERRY STEVENSON,Family Medicine Physician,AZ,Yuma,3012,1488,211994.00000000,353.539133209418
part_b_total_services,1497723472,MARK TUNGESVIK,Hematology & Oncology Physician,MO,Columbia,184,116,260889.00000000,353.271582578046
part_b_total_services,1548308448,KATHERINE MOXLEY,Obstetrics & Gynecology Physician,OK,Tulsa,437,169,20440.00000000,352.417602564103
part_b_total_services,1407896129,SONA KAMAT,Rheumatology Physician,MO,Saint Louis,109,66,219369.00000000,352.274125298329
part_b_total_services,1932195138,GURMOHAN SYALI,Medical Oncology Physician,NY,E Setauket,393,230,122785.00000000,352.009900852878
part_b_total_services,1588653877,BOGDAN CHERASCU,Internal Medicine Physician,IA,Cedar Rapids,1313,682,247376.00000000,351.854422304440
part_b_total_services,1790812477,HELI HUNTER,Acute Care Nurse Practitioner,MN,Golden Valley,145,73,29252.00000000,351.330187500000
part_b_total_services,1972766368,TINA SHAH,Hospitalist Physician,MO,Kansas City,476,339,153565.00000000,351.109369047619
part_b_total_services,1669510293,CHRISTOPHER STOEBE,Medical Physician Assistant,NY,East Setauket,3812,1416,66946.00000000,350.522165369650
part_b_total_services,1447677489,PATRICK EULITT,Student in an Organized Health Care Education/Training Program,CO,Lone Tree,5362,579,101542.00000000,350.411397435897
part_b_total_services,1063778355,ROBERT CHOW,Infectious Disease Physician,NY,Bay Shore,774,410,129255.00000000,349.993571428571
part_b_total_services,1316429244,NATALIE MACLEAN,Internal Medicine Physician,CA,Encinitas,20021,10098,229255.00000000,349.727485260771
part_b_total_services,1578288189,JACLYN GUTIERREZ,Family Nurse Practitioner,TX,Austin,18908,6434,93916.00000000,347.226670329670
part_b_total_services,1043440944,KALISTA ENGELMAN,Rheumatology Physician,MO,Kansas City,109,66,216209.00000000,347.187204057279
part_b_total_services,1508946385,ANDREW SULICH,Rheumatology Physician,MI,Saint Clair Shores,150,95,214158.00000000,347.157836144578
part_b_total_services,1881694131,ARASH HORIZON,Rheumatology Physician,CA,Los Angeles,707,381,428872.00000000,346.949990985577
part_b_total_services,1427449305,MISTY WITTEN,Family Nurse Practitioner,TX,Austin,18908,6434,93761.00000000,346.652233516484
part_b_total_services,1972721348,CHRISTOPHER DAKHIL,Internal Medicine Physician,KS,Wichita,1116,630,302556.00000000,346.377850638298
part_b_total_services,1235225558,JON KELLER,Anatomic Pathology & Clinical Pathology Physician,CA,Palo Alto,1158,572,586649.00000000,345.643580814717
part_b_total_services,1164788022,MANUEL CASTRO-BOROBIO,Infectious Disease Physician,GA,Roswell,272,135,258296.00000000,345.530392644135
part_b_total_services,1538319074,DURGA ADHIKARI,Student in an Organized Health Care Education/Training Program,SC,Summerville,2824,495,174110.00000000,345.521081120944
part_b_total_services,1881751097,MARIA PICTON,Hematology & Oncology Physician,NC,Greenville,345,220,128627.00000000,345.150131736527
part_b_total_services,1528263043,JEREMY DEUTSCH,Internal Medicine Physician,KS,Wichita,1116,630,300951.00000000,344.535174042553
part_b_total_services,1215075908,CHAIM MANDELBAUM,Anesthesiology Physician,NY,New York,4570,2507,41976.00000000,344.315798780488
part_b_total_services,1174607899,KRISTINE RINN,Medical Oncology Physician,WA,Spokane Valley,134,75,81452.00000000,344.164685534591
part_b_total_services,1063691830,MOHAMAD KASSAR,Hematology & Oncology Physician,IN,Dyer,174,114,413019.00000000,343.799662128713
part_b_total_services,1083093769,ANDREW MARPLE,Hematology & Oncology Physician,FL,Sarasota,673,448,281384.00000000,343.243449229374
part_b_total_services,1407234453,JAMES OSTEEN,Internal Medicine Physician,TX,Amarillo,10894,6886,242954.00000000,342.231412041885
part_b_total_services,1366648693,JOHN WINTERS,Hematology & Oncology Physician,ME,Westbrook,60,36,147725.00000000,341.364218213058
part_b_total_services,1083241129,JENA LALLEY,Family Nurse Practitioner,TX,San Antonio,18908,6434,91988.00000000,340.081417582418
part_b_total_services,1073728663,JOHN DEVLIN,Hematology & Oncology Physician,PA,Bryn Mawr,636,417,185876.00000000,338.628246612466
part_b_total_services,1891733176,CAMERON MITCHELL,Emergency Medicine Physician,OR,Bend,992,536,58463.00000000,338.535038793103
part_b_total_services,1689000697,JUSTIN KUCINSKI,Internal Medicine Physician,MD,Salisbury,4192,2331,294826.00000000,337.853258091993
part_b_total_services,1891960969,VIPUL DESAI,Infectious Disease Physician,TX,The Woodlands,538,346,291844.00000000,337.734271281169
part_b_total_services,1982634085,MISTY WHITE,Family Nurse Practitioner,VA,Williamsburg,5752,2372,109967.00000000,337.034897494305
part_b_total_services,1750777959,JOSEPH MOORE,Internal Medicine Physician,KS,Wichita,1116,630,294015.00000000,336.572055744681
part_b_total_services,1750999660,MICHAEL ZDUNICH,Medical Physician Assistant,SC,Conway,529,267,164692.00000000,335.739528787879
part_b_total_services,1982847851,JOHNSON LEE,Plastic Surgery Physician,CA,Beverly Hills,794,154,38650.00000000,335.487596774194
part_b_total_services,1043209950,GOPAL KUNTA,Hematology & Oncology Physician,FL,Clermont,673,448,274920.00000000,335.337795557570
part_b_total_services,1134447980,BENJAMIN JONES,Internal Medicine Physician,AL,Birmingham,1814,1146,284314.00000000,333.401762859634
part_b_total_services,1922597699,ABIGAIL OWUNNA,Family Nurse Practitioner,TX,Austin,18908,6434,90093.00000000,333.058464285714
part_b_total_services,1295909919,NEHAL GANDHI,Rheumatology Physician,PA,Glen Mills,329,203,902194.00000000,332.551401971522
part_b_total_services,1588665913,EDWARD ALLEGRA,Specialist,NJ,Red Bank,1984,675,441494.00000000,332.313474832215
part_b_total_services,1003031212,FADI KAYALI,Internal Medicine Physician,FL,Sarasota,11073,6736,259482.00000000,331.796295627376
part_b_total_services,1336555234,ROSALEE UNWIN,Family Nurse Practitioner,SC,Charleston,3851,1792,147134.00000000,331.623517587940
part_b_total_services,1881666477,HABTE YIMER,Hematology (Internal Medicine) Physician,TX,Tyler,64,35,133638.00000000,331.557817343173
part_b_total_services,1285079988,YANG LIU,Internal Medicine Physician,MN,Maplewood,3395,2058,125879.00000000,331.279817025440
part_b_total_services,1194332742,ASHLEY KILLINGS,Nurse Practitioner,AZ,Yuma,1260,491,95783.00000000,330.408148717949
part_b_total_services,1871086249,CHRISTIAN CYR,Acute Care Nurse Practitioner,AZ,Yuma,564,277,59779.00000000,329.631467213115
part_b_total_services,1538451950,SARAH CHOXI,Anesthesiology Physician,NY,New York,4570,2507,40188.00000000,329.608408536585
part_b_total_services,1851501704,RAUL STOREY-ROJAS,Hematology & Oncology Physician,FL,Vero Beach,673,448,269118.00000000,328.241786491387
part_b_total_services,1952398158,ANDREA VEATCH,Hematology & Oncology Physician,WA,Puyallup,396,187,186680.00000000,327.896815926893
part_b_total_services,1912956335,HARIS MIRZA,Infectious Disease Physician,FL,Ocala,610,431,386405.00000000,327.305797229219
part_b_total_services,1013975903,TIMOTHY KASUNIC,Hematology & Oncology Physician,OH,Toledo,406,278,197739.00000000,326.296616564417
part_b_total_services,1942295522,IGOR CHERCHES,Neurology Physician,TX,Houston,1260,787,182726.00000000,326.039344827586
part_b_total_services,1699853531,TANYA CLIFFORD,Nurse Practitioner,MD,Salisbury,1236,471,132213.00000000,325.813148351648
part_b_total_services,1518314616,ARLIZBETH ARIZANGA LUNA,Nurse Practitioner,CA,Los Angeles,6949,1562,69710.00000000,325.680451388889
part_b_total_services,1568757847,ELISE DONNELLY,Family Medicine Physician,AZ,Phoenix,3012,1488,195148.00000000,325.378967162330
part_b_total_services,1184843369,VIDYA SESHADRI,Hematology & Oncology Physician,KY,Bowling Green,123,93,199459.00000000,325.336561893204
part_b_total_services,1518508928,TRAVIS FROGLEY,Family Nurse Practitioner,ID,Boise,1111,474,82321.00000000,324.794497067449
part_b_total_services,1629414768,ROBERT ALI,Student in an Organized Health Care Education/Training Program,NM,Carlsbad,2240,293,72262.00000000,323.912886666667
part_b_total_services,1952583817,GARLON CAMPBELL,Anesthesiology Physician,NC,Morehead City,1303,767,44301.00000000,323.679353260870
part_b_total_services,1659510337,MAHENDER YELLU,Internal Medicine Physician,FL,Sebring,11073,6736,253055.00000000,323.554828897338
part_b_total_services,1295050037,LIJO JOHN,Student in an Organized Health Care Education/Training Program,TX,Longview,22576,2357,126443.00000000,323.454807984791
part_b_total_services,1629047030,THOMAS SUITS,Specialist,FL,Stuart,3437,900,531372.00000000,323.072394035246
part_b_total_services,1619643004,DIANE NGUYEN,Registered Nurse,TX,Houston,10745,731,36479.00000000,322.819250000000
part_b_total_services,1295233575,LISA OSBUN,Family Nurse Practitioner,TX,Dallas,18908,6434,87266.00000000,322.581478021978
part_b_total_services,1780859298,JORI CARTER,Obstetrics & Gynecology Physician,VA,North Chesterfield,1129,405,37394.00000000,322.445589743590
part_b_total_services,1700492618,JESSICA KEARNEY,Primary Care Nurse Practitioner,OK,Edmond,115,53,88185.00000000,322.304692934783
part_b_total_services,1851554786,AARON BROADWELL,Rheumatology Physician,LA,Shreveport,67,49,522121.00000000,322.086423923006
part_b_total_services,1346288511,ALFRED SEEKAMP,Obstetrics & Gynecology Physician,WA,Vancouver,1006,175,14811.00000000,321.236064516129
part_b_total_services,1053357871,JOSE URQUIDEZ,Emergency Medical Services (Emergency Medicine) Physician,TX,Austin,296,149,65935.00000000,321.198855072464
part_b_total_services,1861477721,JENNIFER YANNUCCI,Medical Oncology Physician,GA,Savannah,62,32,153677.00000000,320.539131782946
part_b_total_services,1811476211,LISA CAMPBELL,Family Nurse Practitioner,TX,Spring,18908,6434,86706.00000000,320.506093406593
part_b_total_services,1972768620,LAURA KAISER,Physician Assistant,CO,Boulder,3792,1522,69075.00000000,319.358365979381
part_b_total_services,1821009655,VIVEK KAK,Infectious Disease Physician,MI,Jackson,194,132,161375.00000000,319.117852941176
part_b_total_services,1407897093,ABDUL HASEEB,Hematology & Oncology Physician,CA,Fresno,1285,708,488407.00000000,317.397357798165
part_b_total_services,1619327913,JOHN PANTUOSCO,Student in an Organized Health Care Education/Training Program,CT,North Franklin,6408,765,97198.00000000,317.381718446602
part_b_total_services,1992827315,ALEXANDER TORRES,Internal Medicine Physician,FL,Avon Park,11073,6736,247955.00000000,317.015000000000
part_b_total_services,1174502033,SYDNEY PAGE,Medical Physician Assistant,CT,Danbury,896,461,63150.00000000,316.994865671642
part_b_total_services,1255411039,AMAR MAJJHOO,Rheumatology Physician,MI,Saint Clair Shores,150,95,195271.00000000,316.460772289157
part_b_total_services,1578527131,DOUGLAS MEST,Anesthesiology Physician,CA,Newport Beach,7150,3154,33884.00000000,316.452916666667
part_b_total_services,1508028366,WOODROW COKER,Internal Medicine Physician,SC,Charleston,2228,1399,267706.00000000,316.390287346221
part_b_total_services,1346894714,JODI BOND,Family Nurse Practitioner,AZ,Phoenix,5277,2124,95229.00000000,316.357154320988
part_b_total_services,1801853171,SUMEET CHANDRA,Hematology & Oncology Physician,FL,Melbourne,673,448,259288.00000000,316.219420217588
part_b_total_services,1255667655,CHRISTOPHER BENTON,Internal Medicine Physician,CO,Englewood,2678,1359,162170.00000000,316.060924637681
part_b_total_services,1881725364,CHARLES BUTLER,Internal Medicine Physician,SC,Columbia,2228,1399,267035.00000000,315.594875219684
part_b_total_services,1255704342,ERIN BOSTICK,Physician Assistant,FL,Naples,9503,3801,91319.00000000,315.033007692308
part_b_total_services,1174759419,SAMIR PATEL,Internal Medicine Physician,NY,Newburgh,13573,7725,194033.00000000,314.451900000000
part_b_total_services,1356659957,VENISE CAMERON,Registered Nurse,NY,Bronx,27680,926,41579.00000000,314.226056179775
part_b_total_services,1053396606,BRYANT WILLIAMS,Surgery Physician,AL,Dothan,441,273,71067.00000000,314.210500000000
part_b_total_services,1306125455,MARGARET DENHAM,Registered Nurse,IN,Indianapolis,2505,606,61148.00000000,312.703842205323
part_b_total_services,1336346501,DAVID BENTON,Hematology & Oncology Physician,ME,Topsham,60,36,135261.00000000,312.474293814433
part_b_total_services,1235362120,AYELET NELSON,Social Worker,NJ,Clifton,4378,81,51165.00000000,312.318027272727
part_b_total_services,1225258130,MELISSA CHENG,Family Nurse Practitioner,KY,Whitley City,5015,2394,79789.00000000,312.011151162791
part_b_total_services,1467455386,WILLIAM SCHMIDT,Medical Oncology Physician,OR,Bend,56,35,82499.00000000,311.410587078652
part_b_total_services,1558479352,KENNETH BRADLEY,Anesthesiology Physician,CA,Torrance,7150,3154,33322.00000000,311.188069444444
part_b_total_services,1629599832,USA GOODMAN,Family Nurse Practitioner,TX,Round Rock,18908,6434,84156.00000000,311.055681318681
part_b_total_services,1609847441,PAUL BARRETT,Family Nurse Practitioner,MS,Columbus,3485,1624,174128.00000000,310.731594164456
part_b_total_services,1780875096,VINU MADHUSUDANANNAIR KUNNUPARAMPIL,Hospice and Palliative Medicine (Internal Medicine) Physician,TX,San Antonio,104,65,87110.00000000,309.681150793651
part_b_total_services,1730849845,VIOLETTA MELKUM,Family Nurse Practitioner,AZ,Scottsdale,5277,2124,93106.00000000,309.285729629630
part_b_total_services,1841293420,SPENCER SHAO,Medical Oncology Physician,OR,Portland,56,35,81836.00000000,308.898264044944
part_b_total_services,1194739227,KENT HUSTON,Rheumatology Physician,MO,Kansas City,109,66,192334.00000000,308.753582338902
part_b_total_services,1225002694,ROBERT HAVARD,Hematology (Internal Medicine) Physician,CA,Visalia,127,83,143212.00000000,308.592397435897
part_b_total_services,1891765475,JENNIFER MAY,Internal Medicine Physician,SD,Rapid City,325,208,198142.00000000,307.802811560694
part_b_total_services,1801474887,COURTNEY FULLER,Nurse Practitioner,TX,Bellaire,4831,1839,75981.00000000,306.021053892216
part_b_total_services,1235762295,REBECCA GARNER,Family Nurse Practitioner,UT,St George,1920,633,60495.00000000,305.847714285714
part_b_total_services,1639410244,KRISTEN NELSON,Family Nurse Practitioner,CA,Santa Maria,15168,3050,66145.00000000,305.780286941581
part_b_total_services,1326030438,ADEBOWALE PREST,Family Medicine Physician,MD,Cambridge,1858,923,241347.00000000,305.659011299435
part_b_total_services,1710076237,DANIEL BERGER,Internal Medicine Physician,IL,Chicago,8316,4402,210401.00000000,305.485129049676
part_b_total_services,1093767733,ERIN ARNOLD,Rheumatology Physician,IL,Skokie,254,163,394999.00000000,305.476398275862
part_b_total_services,1013150481,ADAM SAVAGE,Anesthesiology Physician,OK,Ardmore,585,317,39973.00000000,305.448857954545
part_b_total_services,1952590705,OLAIDE AJAYI,Internal Medicine Physician,TN,Clarksville,2877,1862,255627.00000000,305.292118117229
part_b_total_services,1174543060,DIANA BANKS,Neurology Physician,UT,Salt Lake City,183,92,74704.00000000,304.371190909091
part_b_total_services,1972995314,DANA MANN,Family Nurse Practitioner,KY,Louisville,5015,2394,77773.00000000,304.105383720930
part_b_total_services,1649221888,ERNEST DEBOURBON,Surgery Physician,OH,Dublin,1317,708,53788.00000000,302.429995815900
part_b_total_services,1396003562,LULU ZHANG,Internal Medicine Physician,CA,Monterey,20021,10098,198281.00000000,302.353419501134
part_b_total_services,1922005370,VICKI DE NOIA,Registered Nurse,NJ,Holmdel,2188,314,39923.00000000,301.751595505618
part_b_total_services,1437194610,DANIEL FRANK,Internal Medicine Physician,IL,Lisle,8316,4402,207733.00000000,301.598377429806
part_b_total_services,1831129592,CURTIS SANFORD,Certified Registered Nurse Anesthetist,LA,Lafayette,1600,791,15696.00000000,301.501500000000
part_b_total_services,1609389550,KATIE VASCONEZ,Family Nurse Practitioner,GA,Atlanta,7938,2726,86409.00000000,301.141533678756
part_b_total_services,1851554927,JOHN PAUL MALAYIL,Anesthesiology Physician,AZ,Sun City West,1369,771,32683.00000000,300.965595890411
part_b_total_services,1932534492,ASHLEY PROSPER,Thoracic Surgery (Cardiothoracic Vascular Surgery) Physician,CA,Los Angeles,514,231,46013.00000000,300.290019417476
part_b_total_services,1255954988,LAMSON NGUYEN,Physician Assistant,CA,Pleasanton,13480,4124,64896.00000000,299.985613402062
part_b_total_services,1730622598,VALERIE STARNES,Nurse Practitioner,FL,Fort Myers,8352,2648,88902.00000000,299.741714285714
part_b_total_services,1598780728,SANDRA SCHNALL,Hematology & Oncology Physician,PA,Bryn Mawr,636,417,163619.00000000,297.944380758808
part_b_total_services,1225053622,MICHAEL CARLEY,Obstetrics & Gynecology Physician,TX,Dallas,3386,998,22149.00000000,297.832220000000
part_b_total_services,1487637856,H MATTHEWS,Hematology & Oncology Physician,WI,Sheboygan,231,150,132679.00000000,297.526566777963
part_b_total_services,1477583342,LYNN THOMPSON - GREGORY,Nurse Practitioner,PA,State College,3577,1537,64133.00000000,297.426589655172
part_b_total_services,1093757239,PARRIN BARTON,Obstetrics & Gynecology Physician,GA,Sandersville,1359,404,29845.00000000,297.309607407407
part_b_total_services,1447447933,HARSHA VYAS,Hematology & Oncology Physician,GA,Dublin,337,223,212719.00000000,297.287627858628
part_b_total_services,1093825259,KENNETH MARTINEZ,Neurology Physician,CA,Aliso Viejo,2083,1119,162190.00000000,297.191683923706
part_b_total_services,1710541933,MORGAN ALPHA,Family Nurse Practitioner,LA,Lafayette,4099,1768,73506.00000000,296.903557057057
part_b_total_services,1952181596,ILZE MUNGOVAN,Family Nurse Practitioner,CA,Thousand Oaks,15168,3050,64182.00000000,296.680331615120
part_b_total_services,1568409936,RASMIA AHMED,Hematology & Oncology Physician,MA,Framingham,387,222,120166.00000000,296.648571691176
part_b_total_services,1093918617,DAVID DSPAIN,Internal Medicine Physician,TX,Granbury,10894,6886,210587.00000000,296.510906282723
part_b_total_services,1124318639,HARRY SCHOLTZ,Internal Medicine Physician,OR,Salem,2490,1308,93954.00000000,296.442750000000
part_b_total_services,1811209380,AHMAD EL-FAR,Hematology & Oncology Physician,FL,Winter Haven,673,448,242699.00000000,295.930606980961
part_b_total_services,1275500522,JODY ADAMS,Adult Health Nurse Practitioner,IN,Crown Point,492,234,107651.00000000,295.543875510204
part_b_total_services,1649683889,TOBIN ABRAHAM,Student in an Organized Health Care Education/Training Program,NY,Hewlett,43482,3391,105756.00000000,295.120338174274
part_b_total_services,1184238735,AMANDA CANTU,Family Nurse Practitioner,TX,Round Rock,18908,6434,79786.00000000,294.860269230769
part_b_total_services,1619210655,SERGEY LESHCHINSKIY,Student in an Organized Health Care Education/Training Program,VT,Burlington,900,135,95511.00000000,294.493506880734
part_b_total_services,1043298250,PHILLIP FISHER,Family Medicine Physician,OH,Sylvania,5268,2987,143760.00000000,293.717072948328
part_b_total_services,1043221013,JAMES BEEKMAN,Internal Medicine Physician,NC,Greensboro,4861,3244,186292.00000000,292.580134345794
part_b_total_services,1619388667,DANIEL TORRES LEYVA,Student in an Organized Health Care Education/Training Program,NY,Smithtown,43482,3391,104757.00000000,292.324381742739
part_b_total_services,1780612333,NAGAPRASAD NAGAJOTHI,Hematology & Oncology Physician,OH,Massillon,406,278,176925.00000000,291.844977300613
part_b_total_services,1518149368,ELIZABETH MCAVOY,Medical Physician Assistant,NC,Raleigh,1738,822,84342.00000000,291.557393316195
part_b_total_services,1558889907,KRISTIN HOLBROOK,Nurse Practitioner,NC,Fayetteville,3931,1868,70355.00000000,291.054013846154
part_b_total_services,1750585287,DAVID CHU,Hematology & Oncology Physician,NY,Port Jefferson Station,966,612,254493.00000000,290.797752336449
part_b_total_services,1891729786,PABLO REYES,Internal Medicine Physician,FL,The Villages,11073,6736,227302.00000000,290.531257604563
part_b_total_services,1992121834,RACHEL BATES,Physician Assistant,TN,Memphis,2794,1331,102731.00000000,290.307067226891
part_b_total_services,1285745612,PATRICIA HANSEN,Internal Medicine Physician,KY,Louisville,1784,1157,212916.00000000,290.268954361055
part_b_total_services,1902141914,AMISHI DESAI,Hematology & Oncology Physician,NY,Port Jefferson Station,966,612,253896.00000000,290.113510195412
part_b_total_services,1659369429,DIRK DAVIDSON,Specialist,TN,Crossville,932,281,228834.00000000,289.895273069680
part_b_total_services,1912991241,JOHN INMAN,Obstetrics & Gynecology Physician,GA,Albany,1359,404,29101.00000000,289.875118518519
part_b_total_services,1346227352,NOOR MERCHANT,Internal Medicine Physician,FL,Sebastian,11073,6736,226310.00000000,289.259196768061
part_b_total_services,1316988090,PRAVEEN REDDY,Hematology & Oncology Physician,TX,Wichita Falls,615,413,409300.00000000,289.252098214286
part_b_total_services,1073073532,WHITLEY WEATHERFORD,Family Nurse Practitioner,SC,Scranton,3851,1792,128277.00000000,289.013646566164
part_b_total_services,1518212802,TRANG HUYNH,Family Nurse Practitioner,TX,Sugarland,18908,6434,78200.00000000,288.982483516484
part_b_total_services,1881231959,TIFFANY PACOCHA,Family Nurse Practitioner,IL,Niles,7070,2987,71063.00000000,287.836780120482
part_b_total_services,1386614295,MATTHEW DUGAN,Hematology & Oncology Physician,ME,Westbrook,60,36,124563.00000000,287.677726804124
part_b_total_services,1083778559,SETH PULLMAN,Neurology Physician,NY,New York,1606,988,138105.00000000,287.470647058824
part_b_total_services,1992744874,RAMIN MIRHASHEMI,Gynecologic Oncology Physician,CA,Torrance,137,65,41452.00000000,286.544288659794
part_b_total_services,1518974948,SETH PAGE,Hematology & Oncology Physician,KS,Mcpherson,93,67,195692.00000000,285.866031590414
part_b_total_services,1003969684,JASON ALDRED,Neurology Physician,WA,Spokane,458,291,67233.00000000,285.770281645570
part_b_total_services,1174563688,BRIAN COSTELL,Neurology Physician,FL,Boca Raton,1401,944,153554.00000000,285.569119640387
part_b_total_services,1285845578,SHAILI DESAI,Medical Oncology Physician,OH,Toledo,141,90,125582.00000000,285.041193412162
part_b_total_services,1013931526,PATRICK MANSKY,Medical Oncology Physician,MD,Frederick,186,79,96200.00000000,284.647914096916
part_b_total_services,1760486443,REGINA JABLONSKI,Hematology & Oncology Physician,NY,Port Jefferson Station,966,612,249064.00000000,284.575389549703
part_b_total_services,1932101730,STUART HETRICK,Neurology Physician,AZ,Phoenix,418,256,172027.00000000,283.903257055215
part_b_total_services,1881646073,JAMES PEYTON,Medical Oncology Physician,TN,Lebanon,80,47,258596.00000000,283.737832789560
part_b_total_services,1346512464,NASEEM SAADIA,Infectious Disease Physician,GA,Roswell,272,135,211827.00000000,283.217588469185
part_b_total_services,1003878000,MICHAEL HAFRAN,Family Medicine Physician,MI,East Lansing,5648,2794,90330.00000000,283.074600233100
part_b_total_services,1528167830,BASSAM GHANEM,Medical Oncology Physician,CA,Thousand Oaks,276,159,212150.00000000,283.041077380952
part_b_total_services,1396842126,MOLLY STUMACHER,Hematology & Oncology Physician,PA,West Chester,636,417,154965.00000000,282.125619241192
part_b_total_services,1629316930,MARY GLORIA,Surgical Physician Assistant,TX,Kyle,1170,344,62909.00000000,282.078148333333
part_b_total_services,1528014289,KHALID SYED,Internal Medicine Physician,MA,Lynn,7812,4576,154564.00000000,281.595524390244
part_b_total_services,1982967824,KATHERINE RODEN,Anesthesiology Physician,KY,Lexington,656,340,34930.00000000,281.226110778443
part_b_total_services,1215382460,CONRAD CORDOVA,Family Nurse Practitioner,AZ,Tucson,5277,2124,84668.00000000,281.179897530864
part_b_total_services,1871577544,JEFFREY MARGOLIS,Hematology & Oncology Physician,MI,Madison Heights,266,166,221842.00000000,280.837792372881
part_b_total_services,1790796753,RICHARD BARDOWELL,Obstetrics & Gynecology Physician,CA,Los Angeles,4940,1136,28506.00000000,279.774722627737
part_b_total_services,1477866325,DEBBIE LIM,Internal Medicine Physician,WI,Green Bay,2824,1663,124078.00000000,279.700211409396
part_b_total_services,1871527937,DAYA SHARMA,Medical Oncology Physician,MD,Silver Spring,186,79,94337.00000000,279.112259911894
part_b_total_services,1255320974,HAKAN KAYA,Medical Oncology Physician,WA,Spokane,134,75,66039.00000000,278.780606918239
part_b_total_services,1477843100,GEORGE CYRIAC,Hematology & Oncology Physician,NY,Port Jefferson Station,966,612,243984.00000000,278.753027612574
part_b_total_services,1174088967,JORDAN WESTER,Emergency Registered Nurse,FL,Panama City,224,40,55416.00000000,278.740282771536
part_b_total_services,1801917554,NICKLESH THAKUR,Neurological Surgery Physician,CA,Sacramento,872,429,72946.00000000,278.568500000000
part_b_total_services,1275995540,MITCHELL ROSS,Student in an Organized Health Care Education/Training Program,AR,Fayetteville,2735,292,187211.00000000,277.653797684675
part_b_total_services,1831338151,JASON FOGG,Physical Medicine & Rehabilitation Physician,KY,Henderson,165,77,300953.00000000,277.428604252401
part_b_total_services,1376064253,CAITLIN TRAINOR,Registered Nurse,PA,Malvern,6684,651,36283.00000000,277.242494318182
part_b_total_services,1568622801,YOKO FUKUDA,Hematology & Oncology Physician,NH,Portsmouth,58,40,104649.00000000,277.172936883629
part_b_total_services,1710912431,BARRY GRUBER,Rheumatology Physician,NY,Babylon,453,284,300657.00000000,276.639116279070
part_b_total_services,1962472241,AARON ELLENBOGEN,Neurology Physician,MI,Farmington Hills,655,411,74805.00000000,276.174395604396
part_b_total_services,1710337118,THOMAS EGIZI,Student in an Organized Health Care Education/Training Program,PA,Philadelphia,14928,1682,99980.00000000,276.004845995893
part_b_total_services,1881702595,SAMER KASBARI,Hematology & Oncology Physician,NC,Goldsboro,345,220,102574.00000000,274.999439121756
part_b_total_services,1114137064,JASON SMITH,Student in an Organized Health Care Education/Training Program,TX,San Marcos,22576,2357,107472.00000000,274.801045627376
part_b_total_services,1861474991,MITCHELL ALDEN,Hematology & Oncology Physician,PA,Sellersville,636,417,150756.00000000,274.431932249322
part_b_total_services,1154360642,NICHOLAS IANNOTTI,Hematology & Oncology Physician,FL,Port St Lucie,673,448,225006.00000000,274.291570716228
part_b_total_services,1942689286,MARCUS WELDON,Hematology & Oncology Physician,GA,Macon,337,223,196186.00000000,274.103618503119
part_b_total_services,1316155500,BELA AJTAI,Neurology Physician,NY,Amherst,1606,988,131635.00000000,273.959764705882
part_b_total_services,1427053461,RICHARD ORLOWSKI,Hematology & Oncology Physician,NC,Hickory,345,220,102144.00000000,273.841614770459
part_b_total_services,1043426521,RICHARD ZEKMAN,Medical Oncology Physician,MI,Royal Oak,87,55,195008.00000000,273.739981210856
part_b_total_services,1689671307,MANINDER GURAM,Gastroenterology Physician,TX,Tomball,1094,787,124659.00000000,273.419375816993
part_b_total_services,1770715765,WAJEEHA YOUSAF,Student in an Organized Health Care Education/Training Program,TX,Houston,22576,2357,106667.00000000,272.736511406844
part_b_total_services,1811532278,TANESHA WASHINGTON,Family Nurse Practitioner,SC,Gadsden,3851,1792,120866.00000000,272.267517587940
part_b_total_services,1033559802,SHANNON FELDMAN,Adult Health Clinical Nurse Specialist,IL,Bloomington,106,49,60725.00000000,272.039340000000
part_b_total_services,1053372334,AKGUN INCE,Rheumatology Physician,MO,Saint Louis,109,66,169261.00000000,271.611008353222
part_b_total_services,1598873382,CARL GRAY,Hematology & Oncology Physician,UT,Ogden,73,42,239113.00000000,271.437014345992
part_b_total_services,1730115981,ROHIT PATEL,Medical Oncology Physician,TN,Clarksville,80,47,247222.00000000,271.222721859706
part_b_total_services,1316582273,NICOLE SNODGRASS,Physician Assistant,IL,Bloomington,4437,1980,61091.00000000,271.088896039604
part_b_total_services,1811352560,SARAH THOMEN,Family Nurse Practitioner,CT,Torrington,2231,859,64929.00000000,271.069400621118
part_b_total_services,1023740487,MELISSA KRUEGER,Registered Nurse,IL,Hinsdale,3857,594,37852.00000000,270.732819148936
part_b_total_services,1154681146,CRISTINA CELLURALE,Internal Medicine Physician,MA,Taunton,7812,4576,148546.00000000,270.595142276423
part_b_total_services,1851300230,ANGELA AHUJA,Pediatrics Physician,MA,Chelmsford,3032,115,67118.00000000,270.236203592814
part_b_total_services,1508853672,MARTIN SLAVIN,Internal Medicine Physician,NY,Brooklyn,13573,7725,166804.00000000,270.196573493976
part_b_total_services,1811285562,SANAULLAH KHALID,Hematology & Oncology Physician,OH,Youngstown,406,278,163514.00000000,269.646892638037
part_b_total_services,1346530409,AMIRKASRA MOJTAHED,Student in an Organized Health Care Education/Training Program,NM,Albuquerque,2240,293,60186.00000000,269.611140000000
part_b_total_services,1942557574,SPARSHA KUKUNOOR,Hematology & Oncology Physician,PA,Langhorne,636,417,148083.00000000,269.545920054201
part_b_total_services,1215192703,RICHARD PHINNEY,Medical Oncology Physician,OH,Toledo,141,90,118628.00000000,269.195000844595
part_b_total_services,1841835634,ALYSSA FRANCISCO,Family Nurse Practitioner,GA,Columbus,7938,2726,77126.00000000,268.699132124352
part_b_total_services,1164913703,KACY ROGERS,Nurse Practitioner,IN,Indianapolis,2382,1225,74688.00000000,268.512318181818
part_b_total_services,1033668637,SARAH ESTES,Family Nurse Practitioner,KY,Owensboro,5015,2394,68601.00000000,268.137279069767
part_b_total_services,1174818355,JILL SULLIVAN,Internal Medicine Physician,SC,Greenville,2228,1399,226828.00000000,267.932974516696
part_b_total_services,1588715882,SALVATORE NAPOLI,Neurology Physician,MA,Foxboro,878,472,85336.00000000,267.883663551402
part_b_total_services,1063684934,CHRISTINA BRIGHT,Internal Medicine Physician,OR,Bend,2490,1308,84880.00000000,267.708416666667
part_b_total_services,1841756152,TINA BOWLES,Family Nurse Practitioner,TN,Morristown,7875,3588,92806.00000000,267.230544967880
part_b_total_services,1134313745,AHMED ABDEL-MEGID,Internal Medicine Physician,NJ,Somerville,5051,3342,242915.00000000,266.931582583810
part_b_total_services,1225034788,STEVEN MONTANA,Hematology & Oncology Physician,NY,East Setauket,966,612,233549.00000000,266.793116822430
part_b_total_services,1538153689,DAVID POWELL,Hematology & Oncology Physician,OH,Lima,406,278,161786.00000000,266.786681595092
part_b_total_services,1285831677,JEREMY WELLS,Internal Medicine Physician,GA,Augusta,4544,2799,186169.00000000,266.746772921109
part_b_total_services,1326484536,KRISTEN GONTER-AUBIN,Internal Medicine Physician,FL,North Venice,11073,6736,208641.00000000,266.601895437262
part_b_total_services,1619624541,COLLEEN PIECHOCKI,Family Nurse Practitioner,TX,Fort Worth,18908,6434,72021.00000000,266.082837912088
part_b_total_services,1710486063,CARRIE DEFUSS,Family Nurse Practitioner,IL,Joliet,7070,2987,65686.00000000,265.988668674699
part_b_total_services,1962481309,BRANDI HARMON,Medical Physician Assistant,TN,Germantown,684,339,92000.00000000,265.454830472103
part_b_total_services,1992253751,NICOLE PAGE,Registered Nurse,TN,Nashville,4763,768,31366.00000000,265.239701257862
part_b_total_services,1649430810,LATISHA HEINLEN,Rheumatology Physician,OK,Oklahoma City,51,37,383957.00000000,265.108277720739
part_b_total_services,1699094300,MINESH PATEL,Hematology & Oncology Physician,GA,Newnan,337,223,189651.00000000,264.939673596674
part_b_total_services,1952657462,JAFFAR HILLI,Hematology & Oncology Physician,MO,Columbia,184,116,195843.00000000,264.905969284995
part_b_total_services,1427268259,IYAD HAMARNEH,Internal Medicine Physician,AZ,Prescott,3347,1956,182442.00000000,264.815546976242
part_b_total_services,1952445223,SARITHA THUMMA,Hematology & Oncology Physician,WA,Spokane,396,187,150734.00000000,264.592437336815
part_b_total_services,1770593899,MARC CHERNOFF,Hematology & Oncology Physician,PA,Horsham,636,417,145359.00000000,264.566684281843
part_b_total_services,1972861383,ANGELA POLTRACK,Acute Care Nurse Practitioner,MD,Baltimore,666,254,52507.00000000,264.472207865169
part_b_total_services,1316333669,LAUREN ACEVEDO-MOLINA,Student in an Organized Health Care Education/Training Program,FL,Bradenton,19042,2018,119518.00000000,263.426527868852
part_b_total_services,1982990149,MARIE RODRIGUEZ,Adult Health Nurse Practitioner,IL,Chicago,764,351,83301.00000000,262.937833333333
part_b_total_services,1508087297,DAVID WENK,Internal Medicine Physician,FL,Trinity,11073,6736,205517.00000000,262.595929657795
part_b_total_services,1780926840,ELIZABETH MILLER,Internal Medicine Physician,MN,St Louis Park,3395,2058,99831.00000000,262.515136007828
part_b_total_services,1285847855,MARIA THOMAS-JOHN,Rheumatology Physician,OH,Dayton,235,153,216628.00000000,262.023839928058
part_b_total_services,1487729752,IRIS ZINK,Family Nurse Practitioner,MI,Lansing,4883,1854,43675.00000000,262.001093750000
part_b_total_services,1417342817,JON KARL VELASCO,Student in an Organized Health Care Education/Training Program,FL,Bradenton,19042,2018,118851.00000000,261.951473770492
part_b_total_services,1306036603,JESSICA FRIZZELL,Physician Assistant,KY,Paducah,1608,798,77442.00000000,261.644989949749
part_b_total_services,1326681453,FELICIA AJAYI,Registered Nurse,CA,Apple Valley,15770,749,45140.00000000,261.618780172414
part_b_total_services,1548299332,RICHARD MANRIQUE,Emergency Medicine Physician,GA,Woodstock,1614,1015,67014.00000000,261.470709302326
part_b_total_services,1619240413,AMANDA VANTREASE,Acute Care Nurse Practitioner,TN,Nashville,925,416,44118.00000000,261.343493392070
part_b_total_services,1134140924,DEBBIE FOLEY,Rheumatology Physician,OK,Glenpool,51,37,377980.00000000,260.969174537988
part_b_total_services,1003058157,KADER ABDELERAHMAN,Student in an Organized Health Care Education/Training Program,NM,Albuquerque,2240,293,58257.00000000,260.937070000000
part_b_total_services,1447770359,KATHRYN SIMMS,Nurse Practitioner,CA,Castro Valley,6949,1562,55877.00000000,260.886295138889
part_b_total_services,1669494134,KATHERINE WANG,Hospice and Palliative Medicine (Internal Medicine) Physician,TX,Dallas,104,65,73402.00000000,260.760272486772
part_b_total_services,1609100536,JESSICA LAWRENCE,Nurse Practitioner,TN,Memphis,2342,1043,95663.00000000,260.392500000000
part_b_total_services,1053345629,CHIRAG SHAH,Internal Medicine Physician,NJ,Toms River,5051,3342,236816.00000000,260.204230989370
part_b_total_services,1083266779,HEATHER HONTZAS,Nurse Practitioner,MS,Madison,1085,538,114692.00000000,260.096526981450
part_b_total_services,1003888074,ALBERTO BESSUDO,Internal Medicine Physician,CA,Encinitas,20021,10098,170505.00000000,259.870625850340
part_b_total_services,1952334195,GHASSAN NEMRI,Anesthesiology Physician,WA,Spokane,1583,706,16238.00000000,259.730678571429
part_b_total_services,1043389166,ALEXANDRA ZIMMERMANN,Family Nurse Practitioner,NY,East Syracuse,12607,3576,56412.00000000,259.728698630137
part_b_total_services,1043203888,ANJU VASUDEVAN,Hematology & Oncology Physician,FL,Ocala,673,448,213076.00000000,259.700845421578
part_b_total_services,1861692287,ALLA SHABTAI,Physician Assistant,NY,Bronx,14666,4574,45945.00000000,259.552134453782
part_b_total_services,1780661066,ALICE DAVID,Hematology & Oncology Physician,GA,Augusta,337,223,185510.00000000,259.132803534304
part_b_total_services,1740398262,SETH ROSEN,Hematology & Oncology Physician,FL,Port St Lucie,673,448,212578.00000000,259.091777425204
part_b_total_services,1104082809,MOHAMED FARHAT,Internal Medicine Physician,IN,Crown Point,2554,1749,169627.00000000,259.014131818182
part_b_total_services,1457345324,MANISH VIRADIA,Neurology Physician,NJ,Annandale,520,347,172449.00000000,258.106663697105
part_b_total_services,1538193156,STEPHANIE MOLDEN,Obstetrics & Gynecology Physician,PA,Newtown,1949,757,22251.00000000,257.752034482759
part_b_total_services,1184635344,JYOTHI MALLEPALLI,Rheumatology Physician,LA,Monroe,67,49,417160.00000000,257.195319890009
part_b_total_services,1063640225,KILEY TODER,Internal Medicine Physician,RI,Johnston,1076,566,99718.00000000,257.126908829175
part_b_total_services,1760458970,KIMON VIOLARIS,Pediatrics Physician,NY,New York,5937,150,57363.00000000,256.276387043189
part_b_total_services,1801246665,ALULA TESFAY,Student in an Organized Health Care Education/Training Program,DC,Washington,3063,240,93977.00000000,255.747461538462
part_b_total_services,1861893729,JOSEPHA SIMI,Physician Assistant,CA,La Jolla,13480,4124,55353.00000000,255.746757731959
part_b_total_services,1417120080,DARREN SIGAL,Medical Oncology Physician,CA,La Jolla,276,159,191647.00000000,255.602042658730
part_b_total_services,1699733402,MARIE KIMA,Infectious Disease Physician,FL,Gainesville,610,431,301763.00000000,255.402738035264
part_b_total_services,1982771119,GLENDA MCCARTER,Family Nurse Practitioner,MD,Easton,3864,1549,117316.00000000,255.225124595469
part_b_total_services,1649898933,MATTIE TRENT,Registered Nurse,TN,Morristown,4763,768,30184.00000000,255.211286163522
part_b_total_services,1083019962,JULIE HAMPTON,Family Nurse Practitioner,TX,Amarillo,18908,6434,68972.00000000,254.783109890110
part_b_total_services,1154577476,MICHAEL INDELICATO,Rheumatology Physician,MA,Peabody,256,139,98878.00000000,254.475153256705
part_b_total_services,1568787620,CAROL MAYFIELD,Family Nurse Practitioner,PA,Jefferson Hills,6522,2668,52591.00000000,254.233122302158
part_b_total_services,1740454586,SANDEEP THAKKAR,Neurology Physician,CA,Irvine,2083,1119,138642.00000000,253.913411444142
part_b_total_services,1942684956,YOSEF SEEWALD,Physician Assistant,NY,Brooklyn,14666,4574,44897.00000000,253.612000000000
part_b_total_services,1609052174,YOUVAL KATZ,Hematology & Oncology Physician,PA,Langhorne,636,417,138763.00000000,252.509768292683
part_b_total_services,1891158176,MATTHEW TUCKER,Student in an Organized Health Care Education/Training Program,AL,Birmingham,5675,451,127560.00000000,252.138019117647
part_b_total_services,1679749121,HAIYUN WANG,Hematology & Oncology Physician,PA,Danville,636,417,138539.00000000,252.100315718157
part_b_total_services,1457771008,EVAN DIAMOND,Internal Medicine Physician,NY,Elmhurst,13573,7725,155336.00000000,251.557619277108
part_b_total_services,1982644498,RONJAY RAKKHIT,Internal Medicine Physician,TX,Houston,10894,6886,178592.00000000,251.315874869110
part_b_total_services,1174522189,PRAMERN SRIRATANA,Specialist,IL,Normal,1433,285,272188.00000000,251.085169410151
part_b_total_services,1023200888,KELLY MIKESELL,Medical Physician Assistant,UT,West Jordan,396,195,52985.00000000,250.743000000000
part_b_total_services,1841258654,ANED ORBEZO,Emergency Medicine Physician,FL,Lakeland,3563,2320,78127.00000000,250.340916467780
part_b_total_services,1255099503,CAYLA MAYS,Nurse Practitioner,IN,Muncie,2382,1225,69572.00000000,250.059152406417
part_b_total_services,1891848719,KRISTIE JONES,Physician Assistant,MI,Ann Arbor,6430,2888,34188.00000000,249.667641304348
part_b_total_services,1528320918,JAMES MCCLAIN,Internal Medicine Physician,SC,Anderson,2228,1399,211391.00000000,249.633753954306
part_b_total_services,1831657527,PATRICK JENSEN,Family Nurse Practitioner,MO,Blue Springs,4793,2085,63075.00000000,249.295200000000
part_b_total_services,1285603639,VINH-LINH NGUYEN,Hematology & Oncology Physician,CA,Bakersfield,1285,708,383729.00000000,249.212605504587
part_b_total_services,1871561571,EDWARD KOSOY,Family Medicine Physician,NJ,West Caldwell,2651,1567,152269.00000000,248.880653284672
part_b_total_services,1144684465,JENNIFER KEISER,Student in an Organized Health Care Education/Training Program,OR,Tigard,4366,596,60481.00000000,248.550155963303
part_b_total_services,1033186713,VIJAYA KORRAPATI,Internal Medicine Physician,SC,West Columbia,2228,1399,210169.00000000,248.185179261863
part_b_total_services,1295207298,MONIQUE MANSFIELD,Family Nurse Practitioner,IN,Merrillville,4925,2377,68309.00000000,248.117559459459
part_b_total_services,1407572548,LARA MOTE,Family Nurse Practitioner,IN,Muncie,4925,2377,68247.00000000,247.891510810811
part_b_total_services,1881890713,ELVIRA LINDWALL,Rheumatology Physician,CA,Thousand Oaks,707,381,305958.00000000,247.303965745192
part_b_total_services,1467773036,MICHAEL TALLARICO,Internal Medicine Physician,IN,Dyer,2554,1749,161681.00000000,246.833275000000
part_b_total_services,1104003342,JAMES XU,Internal Medicine Physician,MD,Rockville,4192,2331,215507.00000000,246.710727427598
part_b_total_services,1982670147,JOHN DOSTER,Hematology & Oncology Physician,SC,Anderson,145,98,243847.00000000,246.635728334589
part_b_total_services,1205996014,BERTRAND ANZ,Internal Medicine Physician,TN,Chattanooga,2877,1862,206586.00000000,246.538735346359
part_b_total_services,1215011184,MARY SOUTH,Obstetrics & Gynecology Physician,OH,Akron,1496,623,16147.00000000,246.483761363636
part_b_total_services,1255610473,DANIEL KOBRINSKI,Internal Medicine Physician,FL,Neptune Beach,11073,6736,192587.00000000,246.015539923954
part_b_total_services,1710912175,KALUST UCAR,Hematology & Oncology Physician,CA,Glendale,1285,708,378235.00000000,245.633944954128
part_b_total_services,1679551501,JACOB AELION,Specialist,TN,Jackson,932,281,193921.00000000,245.547215630885
part_b_total_services,1467726364,JENNIFER LINCOLN,Medical Physician Assistant,NJ,Sewell,793,378,88400.00000000,245.504064049587
part_b_total_services,1033184338,JAMES SPEARS,Hematology & Oncology Physician,PA,Sellersville,636,417,134922.00000000,245.488753387534
part_b_total_services,1770082844,VALERIE MARLOW,Family Nurse Practitioner,FL,Naples,20706,5705,70453.00000000,245.371217616580
part_b_total_services,1184916009,TEJAL RAJU,Anesthesiology Physician,VA,Christiansburg,1338,707,40558.00000000,245.347855855856
part_b_total_services,1225142656,JEFFREY AMBINDER,Hematology & Oncology Physician,NY,Yorktown Heights,966,612,214679.00000000,245.165563721325
part_b_total_services,1457714131,RANJODH DHAMI,Student in an Organized Health Care Education/Training Program,MA,Boston,14128,1096,70945.00000000,245.134800771208
part_b_total_services,1669447538,BEHZAD HABIBI KHAMENEH,Neurology Physician,CT,Danbury,300,175,53267.00000000,245.051393835616
part_b_total_services,1548288624,LOIS BARNES,Certified Registered Nurse Anesthetist,IL,Mchenry,1944,1080,12406.00000000,244.962529411765
part_b_total_services,1669466884,SULTANA RAZIA,Hematology & Oncology Physician,NY,New Hartford,966,612,214323.00000000,244.757539932031
part_b_total_services,1417682295,COREY KRENZ,Family Nurse Practitioner,MO,Saint Joseph,4793,2085,61766.00000000,244.101550000000
part_b_total_services,1811605884,NEVA MCCAGUE,Family Nurse Practitioner,IN,Fort Wayne,4925,2377,67207.00000000,244.099727027027
part_b_total_services,1407887938,RICHARD BONE,Gastroenterology Physician,IL,Chicago,700,484,133612.00000000,244.091914285714
part_b_total_services,1073530432,PERRIE RYAN,Internal Medicine Physician,SC,West Columbia,2228,1399,206706.00000000,244.080094024605
part_b_total_services,1427593193,ASHLEY SIMMONS,Nurse Practitioner,OH,Warrensville Heights,3759,1612,49381.00000000,243.960698529412
part_b_total_services,1083797799,KENT SCHNELL,Internal Medicine Physician,TX,Pasadena,10894,6886,173321.00000000,243.870242408377
part_b_total_services,1982910527,MOHAMMAD ASAD,Internal Medicine Physician,IL,Peoria,8316,4402,168079.00000000,243.830293196544
part_b_total_services,1265490643,WILLIAM KELLOGG,Hematology & Oncology Physician,SC,Sumter,145,98,240647.00000000,243.382676337604
part_b_total_services,1043659980,KENNETH NISSEN,Adult Health Nurse Practitioner,NY,Port Jefferson,5448,1543,54868.00000000,242.580375000000
part_b_total_services,1568660389,JULIAN MAGADAN,Internal Medicine Physician,MO,Kansas City,3400,1832,161490.00000000,242.388169273743
part_b_total_services,1588925044,BENJAMIN WHITE,Student in an Organized Health Care Education/Training Program,CO,Broomfield,5362,579,70208.00000000,242.027894871795
part_b_total_services,1598885741,MANZURUL SIKDER,Hematology & Oncology Physician,NY,New Hartford,966,612,211487.00000000,241.507103228547
part_b_total_services,1922274174,THOMAS REILLY,Student in an Organized Health Care Education/Training Program,NJ,Hamilton,9394,982,119573.00000000,240.971445277361
part_b_total_services,1821153453,KEERAN KUMAR,Anesthesiology Physician,CA,Encinitas,7150,3154,25814.00000000,240.852708333333
part_b_total_services,1194220889,ARIANNA KOUSARI,Infectious Disease Physician,OR,Bend,101,48,40752.00000000,240.849984581498
part_b_total_services,1518945690,JAMES PATTON,Neurology Physician,NC,Asheville,538,347,88510.00000000,240.690000000000
part_b_total_services,1053496349,ROBERT HOLMES,Internal Medicine Physician,NC,Pollocksville,4861,3244,152811.00000000,239.816268691589
part_b_total_services,1881149219,STEPHANIE PASLEY,Nurse Practitioner,AZ,Phoenix,1260,491,69506.00000000,239.516679487179
part_b_total_services,1487686119,GARY STARKMAN,Neurology Physician,NY,New York,1606,988,115122.00000000,239.476735294118
part_b_total_services,1164509873,JAMES WELLS,Internal Medicine Physician,SC,West Columbia,2228,1399,202795.00000000,239.443943760984
part_b_total_services,1316986425,JASON BOYD,Hospitalist Physician,NC,Goldsboro,758,577,94508.00000000,239.238786792453
part_b_total_services,1861452054,AMY LAW,Hematology & Oncology Physician,CA,Rancho Mirage,1285,708,368240.00000000,239.123440366972
part_b_total_services,1972700177,HEATHER BOO,Student in an Organized Health Care Education/Training Program,WV,Morgantown,2295,273,85975.00000000,238.614130165289
part_b_total_services,1154522209,ANANT SHARMA,Student in an Organized Health Care Education/Training Program,TX,Denton,22576,2357,93345.00000000,238.570393536122
part_b_total_services,1043274525,SCOTT MCGEE,Hematology & Oncology Physician,OH,Massillon,406,278,144187.00000000,237.656557668712
part_b_total_services,1326194036,LARRY BROADWELL,Rheumatology Physician,LA,Shreveport,67,49,385220.00000000,237.448729605866
part_b_total_services,1518183532,DEVON EVANS,Hematology & Oncology Physician,ME,Westbrook,60,36,102827.00000000,237.296517182131
part_b_total_services,1093753303,DEREK WELCH,Anatomic Pathology & Clinical Pathology Physician,TN,Nashville,376,196,323922.00000000,236.858302179837
part_b_total_services,1306230230,SONAM PATEL,Internal Medicine Physician,IA,Ames,1313,682,166586.00000000,236.647540697674
part_b_total_services,1083976195,LEAH THRONAUM,Neurology Physician,MN,Saint Cloud,494,280,62560.00000000,236.550000000000
part_b_total_services,1588608855,JAMES MIRABILE,Obstetrics & Gynecology Physician,KS,Overland Park,340,127,14788.00000000,236.476488095238
part_b_total_services,1417999533,LOUIS AVVENTO,Hematology & Oncology Physician,NY,Southampton,966,612,206976.00000000,236.336891673747
part_b_total_services,1508465113,PHILLIP HO,Nurse Practitioner,CA,Fullerton,6949,1562,50628.00000000,236.299833333333
part_b_total_services,1851566202,GHADA KUNTER,Hematology & Oncology Physician,GA,Jasper,337,223,169181.00000000,236.234860706861
part_b_total_services,1134104169,KARL METZ,Gynecology Physician,FL,Fort Walton Beach,373,137,72744.00000000,236.172753623188
part_b_total_services,1639435936,RONAK SHAH,Student in an Organized Health Care Education/Training Program,GA,Atlanta,8522,986,103012.00000000,235.508328231293
part_b_total_services,1598119711,NAJEFF WASEEM,Medical Oncology Physician,MD,Baltimore,186,79,79654.00000000,235.483698237885
part_b_total_services,1487855938,DAVID GREENBERG,Student in an Organized Health Care Education/Training Program,OR,Bend,4366,596,57225.00000000,235.117911314985
part_b_total_services,1154957769,MAYBEL DUMLAO,Family Nurse Practitioner,CA,Los Angeles,15168,3050,50858.00000000,234.913747422680
part_b_total_services,1538597992,SARA FARMER,Family Nurse Practitioner,KS,Wichita,2114,890,63788.00000000,234.855356164384
part_b_total_services,1306880141,HUMAM FARAH,Critical Care Medicine (Internal Medicine) Physician,MO,Hannibal,165,114,81475.00000000,234.827319742489
part_b_total_services,1003028556,NEDA HEIDARI,Neurological Surgery Physician,CA,Oxnard,872,429,61506.00000000,234.726000000000
part_b_total_services,1356668065,NATASHA BANERJEE,Student in an Organized Health Care Education/Training Program,CA,Torrance,48939,3304,89119.00000000,233.990900390625
part_b_total_services,1629057914,PAUL RODRIGUEZ,Anesthesiology Physician,FL,Lighthouse Point,3233,1650,31317.00000000,233.811677777778
part_b_total_services,1235103813,ANTHONY PADULA,Internal Medicine Physician,CA,Walnut Creek,20021,10098,153403.00000000,233.713485260771
part_b_total_services,1033152319,TRACEY EVANS,Hematology & Oncology Physician,PA,East Norriton,636,417,128479.00000000,233.711508130081
part_b_total_services,1891094447,ADRIANA GUIGOVA,Hematology & Oncology Physician,NY,Port Jefferson Station,966,612,204490.00000000,233.487601954121
part_b_total_services,1538198171,STEVEN MADDEN,Hematology & Oncology Physician,SC,West Columbia,145,98,230674.00000000,233.244336473248
part_b_total_services,1609103464,RYAN WORKMAN,Anesthesiology Physician,UT,Saint George,633,299,12498.00000000,233.058486111111
part_b_total_services,1700880465,SHAHID NAWAZ,Hematology & Oncology Physician,NY,East Patchogue,966,612,203147.00000000,231.948343670348
part_b_total_services,1760486005,WILLIAM MCGARRY,Hematology & Oncology Physician,FL,Vero Beach,673,448,190338.00000000,231.891632366274
part_b_total_services,1699437566,JACQUELINE HOURTIENNE,Family Nurse Practitioner,MI,Lapeer,4883,1854,38635.00000000,231.648593750000
part_b_total_services,1174052237,SALAR RAFIEETARY,Student in an Organized Health Care Education/Training Program,TN,Germantown,5929,646,108522.00000000,231.548355555556
part_b_total_services,1588619142,JAMES SPLICHAL,Medical Oncology Physician,GA,Athens,62,32,110927.00000000,231.128666666667
part_b_total_services,1326353517,KRISTIN DRYER,Acute Care Nurse Practitioner,AZ,Scottsdale,564,277,41956.00000000,231.093651639344
part_b_total_services,1114599289,MICHELLE BALLARD,Family Nurse Practitioner,UT,St George,1920,633,45736.00000000,230.998500000000
part_b_total_services,1508801085,ROBERT ROUSH,Hematology & Oncology Physician,PA,Broomall,636,417,126991.00000000,230.991573170732
part_b_total_services,1306042056,CARRIE GALANIS,Physician Assistant,PA,Lancaster,7625,3547,41440.00000000,230.082541322314
part_b_total_services,1194259523,MICHAEL CHAMBERS,Infectious Disease Physician,TN,Nashville,141,82,117113.00000000,229.963083333333
part_b_total_services,1083607089,VIVEK ABHYANKAR,Hematology & Oncology Physician,OH,Marietta,406,278,139501.00000000,229.900221472393
part_b_total_services,1841463486,GLORIA RILEY,Nurse Practitioner,IL,Peoria,3908,1834,60530.00000000,229.726316384181
part_b_total_services,1316243298,CHRISTOPHER CORTES,Infectious Disease Physician,FL,Delray Beach,610,431,271296.00000000,229.521136649874
part_b_total_services,1417543117,CARLOS CHING,Family Nurse Practitioner,AZ,Phoenix,5277,2124,69121.00000000,229.394951851852
part_b_total_services,1528343811,REBECCA GUIO,Adult Health Nurse Practitioner,IL,Barrington,764,351,72668.00000000,229.266666666667
part_b_total_services,1306862669,DANA THOMPSON,Medical Oncology Physician,TN,Nashville,80,47,209032.00000000,229.201261827080
part_b_total_services,1881639821,LINDA HENDRICKS,Specialist,GA,Macon,1159,365,218188.00000000,229.159267187500
part_b_total_services,1518304849,MATTHEW SOCHAT,Internal Medicine Physician,NC,Goldsboro,4861,3244,145643.00000000,228.519969626168
part_b_total_services,1134894900,LYNETTE JUDY,Nurse Practitioner,PA,West Mifflin,3577,1537,49296.00000000,228.408958620690
part_b_total_services,1821191305,JEFFREY DESJARDIN,Infectious Disease Physician,CO,Wheat Ridge,149,82,88132.00000000,228.281210982659
part_b_total_services,1134116262,MUHAMMAD TAI,Medical Oncology Physician,NY,Amsterdam,393,230,79757.00000000,228.247060767591
part_b_total_services,1548420888,AARTI SHEVADE,Medical Oncology Physician,PA,Wynnewood,178,114,93497.00000000,228.218914545455
part_b_total_services,1649454976,DUARTE MACHADO,Student in an Organized Health Care Education/Training Program,CT,Cheshire,6408,765,69867.00000000,227.892594660194
part_b_total_services,1043577448,DERRICK SANDERSON,Obstetrics & Gynecology Physician,MN,Winona,850,193,5765.00000000,227.544558823529
part_b_total_services,1598095226,RAJBIR GULATI,Internal Medicine Physician,AZ,Surprise,3347,1956,156775.00000000,227.423772678186
part_b_total_services,1063775005,TERESA CUSHMAN,Infectious Disease Physician,CO,Wheat Ridge,149,82,87591.00000000,226.875027938343
part_b_total_services,1326047374,GUY AVOLIO,Emergency Medicine Physician,PA,Washington,3616,2296,46203.00000000,226.782712454212
part_b_total_services,1619344579,SARAH HARVILLE,Women's Health Nurse Practitioner,TX,Greenville,893,69,12830.00000000,226.632000000000
part_b_total_services,1821064304,HUSAM ISSA,Infectious Disease Physician,TX,Webster,538,346,196029.00000000,226.595462166810
part_b_total_services,1558993733,LINSEY ITTYIPE,Family Nurse Practitioner,TX,Bellaire,18908,6434,61233.00000000,226.102035714286
part_b_total_services,1881233500,NATASHA SMITH,Family Nurse Practitioner,KY,Middleburg,5015,2394,57834.00000000,225.914363372093
part_b_total_services,1376520148,DAVID SQUIRES,Hematology & Oncology Physician,GA,Augusta,337,223,161783.00000000,225.860742203742
part_b_total_services,1821605056,ALICE DENICOLA,Registered Nurse,NY,Wappingers Falls,27680,926,29918.00000000,225.851398876404
part_b_total_services,1205860954,AMY MCMULLEN,Internal Medicine Physician,CA,Santa Cruz,20021,10098,148043.00000000,225.515480725624
part_b_total_services,1104807668,FRED KUDRIK,Hematology & Oncology Physician,SC,Columbia,145,98,222947.00000000,225.389232479277
part_b_total_services,1679774459,SAMIR SHIRODKAR,Urology Physician,TX,The Woodlands,898,562,521226.00000000,225.329210517851
part_b_total_services,1205968757,NEERAJ SHAH,Internal Medicine Physician,TX,Austin,10894,6886,160098.00000000,225.191889528796
part_b_total_services,1295781912,DARYOUSH SABET-PAYMAN,Anesthesiology Physician,FL,Lady Lake,3233,1650,30157.00000000,225.118122222222
part_b_total_services,1689671034,KISHORE SEHGAL,Specialist,CA,Hemet,6624,1438,353544.00000000,225.043475852273
part_b_total_services,1750342580,LIZETTE ALVAREZ,Physical Medicine & Rehabilitation Physician,MO,Saint Louis,267,139,217013.00000000,224.970731481481
part_b_total_services,1902805872,MICHAEL NOVAK,Neurology Physician,FL,Naples,1401,944,121019.00000000,224.864119640387
part_b_total_services,1528282902,LISA HOUK,Nurse Practitioner,TX,Pilot Point,4831,1839,55856.00000000,224.737745508982
part_b_total_services,1760481808,ERIC LEE,Specialist,CA,Upland,6624,1438,352679.00000000,224.490973484848
part_b_total_services,1295778330,JASON CHANDLER,Medical Oncology Physician,TN,Germantown,80,47,204459.00000000,224.169469820555
part_b_total_services,1629190095,DEEPA JAGTAP,Internal Medicine Physician,MI,Royal Oak,6483,3935,111459.00000000,224.053148203593
part_b_total_services,1427068683,JASON DAMSKER,Hematology & Oncology Physician,PA,Horsham,636,417,123124.00000000,223.923032520325
part_b_total_services,1841929411,MIA COLLUCCI,Medical Physician Assistant,NJ,Red Bank,793,378,80611.00000000,223.794640495868
part_b_total_services,1972185221,MATTHEW MARX,Nurse Practitioner,PA,Philadelphia,3577,1537,48295.00000000,223.752582758621
part_b_total_services,1629495759,MANAS AGASTYA,Internal Medicine Physician,NV,Las Vegas,1346,811,165449.00000000,223.568928571429
part_b_total_services,1487883443,COREY EPHRUSSI,Internal Medicine Physician,SC,Greenville,2228,1399,189395.00000000,223.559409490334
part_b_total_services,1609800556,WENDY SIMMONS,Physician Assistant,NC,Wilmington,8094,4193,61217.00000000,223.505105978261
part_b_total_services,1609039015,RACQUEL VOLKOWITZ,Physician Assistant,NY,Brooklyn,14666,4574,39574.00000000,223.440878151261
part_b_total_services,1972500577,GILBERT SUNIO,Internal Medicine Physician,CA,Visalia,20021,10098,146599.00000000,223.306913832200
part_b_total_services,1689988941,ARTAN KASO,Internal Medicine Physician,MN,St Louis Park,3395,2058,84975.00000000,223.296458904110
part_b_total_services,1225499031,KAYLA KJELSHUS,Acute Care Nurse Practitioner,KS,Merriam,151,82,29778.00000000,223.251963687151
part_b_total_services,1780771824,PAMELA SMITH,Hematology & Oncology Physician,KY,Murray,123,93,137007.00000000,223.094149271845
part_b_total_services,1740466564,NAGESH JAYARAM,Internal Medicine Physician,NC,Jacksonville,4861,3244,142177.00000000,223.057780373832
part_b_total_services,1487955373,JAMES SMITH,Physician Assistant,GA,Newnan,4310,1813,54708.00000000,222.805745454545
part_b_total_services,1689696577,VINOD DORESWAMY,Pediatrics Physician,WA,Seattle,1934,48,86411.00000000,222.556572796935
part_b_total_services,1952326266,NISHA WOODS,Obstetrics & Gynecology Physician,OR,Medford,661,147,11267.00000000,222.505647058824
part_b_total_services,1194981100,AMI KOTHARI,Rheumatology Physician,IL,Morton Grove,254,163,287898.00000000,222.442347126437
part_b_total_services,1073621819,STEVEN ROSINSKI,Internal Medicine Physician,AZ,Bullhead City,3347,1956,153282.00000000,222.335158207343
part_b_total_services,1376502997,LANCE RUDOLPH,Internal Medicine Physician,NM,Albuquerque,805,403,82053.00000000,222.166157258065
part_b_total_services,1356469522,CHHEANY UNG,Pain Medicine (Anesthesiology) Physician,VA,Roanoke,138,85,74587.00000000,221.779181415929
part_b_total_services,1043215676,NOMAN RAFIQUE,Hematology & Oncology Physician,OH,Massillon,406,278,134241.00000000,221.193792024540
part_b_total_services,1235195561,KANDARP PATEL,Specialist,TN,Jackson,932,281,174748.00000000,221.192811676083
part_b_total_services,1598338444,TANYA MCKENLEY-DENNIS,Nurse Practitioner,TX,Arlington,4831,1839,54977.00000000,221.187532934132
part_b_total_services,1013194299,CARMEN HOLMES,Physician Assistant,TX,Paris,10016,3739,53640.00000000,221.107720858896
part_b_total_services,1417923095,JULIE BELL,Anatomic Pathology & Clinical Pathology Physician,FL,Vero Beach,834,433,313060.00000000,220.862932702419
part_b_total_services,1841476934,HANNAH YAMIN,Hematology & Oncology Physician,MA,Fitchburg,387,222,89571.00000000,220.779720588235
part_b_total_services,1457801508,CRISTINA FOWLER,Family Nurse Practitioner,CA,Beverly Hills,15168,3050,47748.00000000,220.496599656357
part_b_total_services,1134451495,MEGHAN BECK,Physician Assistant,OH,Toledo,4893,2470,40034.00000000,220.412225409836
part_b_total_services,1336115666,ARI SCHWARTZ,Rheumatology Physician,MA,Brockton,256,139,85656.00000000,220.305655172414
part_b_total_services,1861448243,PAUL SWANSON,Hematology & Oncology Physician,FL,Port St Lucie,673,448,180706.00000000,220.111425657298
part_b_total_services,1891728622,SARAH GOODYEAR,Hematology & Oncology Physician,PA,Sellersville,636,417,121012.00000000,220.062479674797
part_b_total_services,1053501742,RASHMI SHAH,Internal Medicine Physician,OR,Portland,2490,1308,69780.00000000,219.891750000000
part_b_total_services,1841223047,ASHEESH LAL,Hematology & Oncology Physician,SC,West Columbia,145,98,217444.00000000,219.794999623210
part_b_total_services,1508012568,TAMARIND KEATING,Adult Health Nurse Practitioner,OR,Bend,300,70,33056.00000000,219.720044554455
part_b_total_services,1265442206,MARK ROBBINS,Hematology & Oncology Physician,RI,Cranston,65,45,64857.00000000,219.631507575758
part_b_total_services,1598246449,ANNA MILLER,Family Nurse Practitioner,SC,Charleston,3851,1792,97501.00000000,219.471227805695
part_b_total_services,1124133210,DAVID RISEBERG,Medical Oncology Physician,MD,Baltimore,186,79,74238.00000000,219.390781938326
part_b_total_services,1124051560,JAMES BERENSON,Specialist,CA,West Hollywood,6624,1438,344459.00000000,219.240604166667
part_b_total_services,1821576661,SARAH CURCI,Medical Physician Assistant,NJ,Sewell,793,378,78944.00000000,219.148394628099
part_b_total_services,1073571949,CHRISTOPHER LOBO,Medical Oncology Physician,FL,Port Charlotte,293,207,507683.00000000,219.100371951220
part_b_total_services,1821207044,JILL RUIZ,Student in an Organized Health Care Education/Training Program,TX,Denison,22576,2357,85663.00000000,218.868838403042
part_b_total_services,1528067352,ANTHONY MAGDALINSKI,Hematology & Oncology Physician,PA,Sellersville,636,417,120332.00000000,218.819498644986
part_b_total_services,1053598896,TRACY BRENNER,Rheumatology Physician,CT,Bloomfield,124,69,91915.00000000,218.037487632509
part_b_total_services,1497727465,EDWARD MCCLAY,Medical Oncology Physician,CA,San Marcos,276,159,163544.00000000,217.991976190476
part_b_total_services,1811157522,RACHEL GROSS,Rheumatology Physician,MA,Plymouth,256,139,84663.00000000,217.739454022989
part_b_total_services,1245753730,ANNETTE GANTZ,Family Nurse Practitioner,TX,San Antonio,18908,6434,58943.00000000,217.615195054945
part_b_total_services,1639119589,JUSTIN BAKER,Hematology & Oncology Physician,MS,Jackson,53,41,232803.00000000,217.557250696379
part_b_total_services,1154411635,NAYYAR SYED,Internal Medicine Physician,TX,Pittsburg,10894,6886,154519.00000000,217.311186910995
part_b_total_services,1497747703,ANANDA WALALIYADDA,Specialist,ID,Pocatello,207,36,399621.00000000,217.250095026284
part_b_total_services,1154387140,STEPHEN PARKS,Family Medicine Physician,SC,Simpsonville,2613,1407,205581.00000000,217.151881289308
part_b_total_services,1831188085,TITU DAS,Infectious Disease Physician,GA,Roswell,272,135,162003.00000000,216.405882703777
part_b_total_services,1205871035,MICHAEL SMITH,Rheumatology Physician,MO,Kansas City,109,66,134828.00000000,216.181274463007
part_b_total_services,1225071962,DAVID BROWN,Rheumatology Physician,MA,Hyannis,256,139,83736.00000000,215.343816091954
part_b_total_services,1053340802,KURT TAUER,Medical Oncology Physician,TN,Germantown,80,47,196410.00000000,215.312943719413
part_b_total_services,1881623395,BERNARD BUCHANAN,"Endocrinology, Diabetes & Metabolism Physician",KY,Owensboro,71,46,116303.00000000,215.187828275862
part_b_total_services,1215345913,ZHIHONG ZHANG,Medical Oncology Physician,WA,Seattle,134,75,50995.00000000,214.961877358491
part_b_total_services,1528225695,MATTHEW WEISSLER,Hematology & Oncology Physician,NY,White Plains,966,612,188145.00000000,214.754037807986
part_b_total_services,1386023224,MATTHEW VILLEROT,Anesthesiology Physician,MI,Grand Rapids,1685,924,28146.00000000,214.636630681818
part_b_total_services,1417914540,CHARLOTTE ELLENBOGEN,Infectious Disease Physician,CO,Wheat Ridge,149,82,82618.00000000,213.949060693642
part_b_total_services,1417342809,RYAN CHUNG,Student in an Organized Health Care Education/Training Program,MA,Boston,14128,1096,61865.00000000,213.646574550129
part_b_total_services,1699096388,HARRY MOORE,Specialist,GA,Macon,1159,365,203353.00000000,213.524567968750
part_b_total_services,1386969418,JORDAN BRODSKY,Rheumatology Physician,NY,Hewlett,453,284,231991.00000000,213.280406292750
part_b_total_services,1215024195,AJAY KWATRA,Urology Physician,TX,Conroe,898,562,492972.00000000,213.069755387584
part_b_total_services,1306031315,GURINDER SIDHU,Medical Oncology Physician,NY,Brooklyn,393,230,74419.00000000,212.893197228145
part_b_total_services,1376514265,JASON KARP,Critical Care Medicine (Internal Medicine) Physician,NY,Lake Success,569,415,82121.00000000,212.858137065637
part_b_total_services,1760559819,THANG LE,Rheumatology Physician,CA,Upland,707,381,263000.00000000,212.478039062500
part_b_total_services,1912950502,JAY SIDLOSKI,Medical Oncology Physician,OH,Elyria,141,90,93707.00000000,212.407114020270
part_b_total_services,1811264476,SUNEET GREWAL,Rheumatology Physician,CA,West Hollywood,707,381,262760.00000000,212.283471754808
part_b_total_services,1285727404,BRENT LIMBAUGH,Hematology & Oncology Physician,GA,Augusta,337,223,151978.00000000,212.111319126819
part_b_total_services,1538268438,FADI BRAITEH,Internal Medicine Physician,NV,Las Vegas,1346,811,156976.00000000,212.069857142857
part_b_total_services,1780818427,ALI IBRAHIM,Anesthesiology Physician,TX,El Paso,4329,2344,22109.00000000,212.053164285714
part_b_total_services,1639498314,DAI CHU LUU,Student in an Organized Health Care Education/Training Program,TX,Dallas,22576,2357,82935.00000000,211.872503802281
part_b_total_services,1578659066,ANDRES JACOBO-ALATRISTE,Neurology Physician,CA,El Centro,2083,1119,115527.00000000,211.430938692098
part_b_total_services,1679689301,BRADLEY SUMRALL,Specialist,GA,Macon,1159,365,201257.00000000,211.315580468750
part_b_total_services,1548612336,CLAIRE GREEN,Nurse Practitioner,NE,Lincoln,825,410,44328.00000000,211.226132978723
part_b_total_services,1811935778,JEFFREY THOMAS,Hematology & Oncology Physician,GA,Lavonia,337,223,151312.00000000,211.177396049896
part_b_total_services,1205369105,LUKE HUSHAGEN,Internal Medicine Physician,SD,Rapid City,325,208,136123.00000000,211.081850867052
part_b_total_services,1689652208,ROBERT SCHOEN,Rheumatology Physician,CT,Guilford,124,69,88907.00000000,210.868243816254
part_b_total_services,1447451539,AMITABH GOSWAMI,Anesthesiology Physician,CA,Fresno,7150,3154,22605.00000000,210.790618055556
part_b_total_services,1669566030,ANN CLEMENS,Family Medicine Physician,OR,Bend,2650,1117,58296.00000000,210.462131720430
part_b_total_services,1720076284,RIZWAN DANISH,Hematology & Oncology Physician,MI,Flint,266,166,166336.00000000,210.331583333333
part_b_total_services,1366428914,STEPHEN SIDES,Internal Medicine Physician,MO,Jefferson City,3400,1832,140159.00000000,210.236751396648
part_b_total_services,1417939539,HOWARD ZIPIN,Hematology & Oncology Physician,PA,Sellersville,636,417,115562.00000000,210.100352303523
part_b_total_services,1124028436,SAMUEL MARTIN,Surgery Physician,FL,Orlando,2075,1180,48976.00000000,210.066883386581
part_b_total_services,1336246875,JULIE LARKIN,Infectious Disease Physician,FL,Sarasota,610,431,248300.00000000,209.986121536524
part_b_total_services,1902057235,DEWAYNE LOCKHART,Anesthesiology Physician,FL,Naples,3233,1650,28125.00000000,209.889411111111
part_b_total_services,1104877125,BRIAN MURPHY,Hematology & Oncology Physician,OH,Sandusky,406,278,127386.00000000,209.847295092025
part_b_total_services,1164654810,BROOKE VANDERBY,Anesthesiology Physician,IL,Glenview,2317,1238,27506.00000000,209.792494318182
part_b_total_services,1841259231,ALEXANDER DEL ROSARIO,Internal Medicine Physician,CA,Palm Springs,20021,10098,137716.00000000,209.720556689342
part_b_total_services,1043247539,SZABOLCS MANDY,Anesthesiology Physician,NY,Cortlandt Manor,4570,2507,25600.00000000,209.613213414634
part_b_total_services,1396155966,PAUL ZITO,Internal Medicine Physician,OK,Tulsa,1308,793,178528.00000000,209.485313811189
part_b_total_services,1356509897,KIRSTEN BACA,Anesthesiology Physician,UT,Clinton,633,299,11229.00000000,209.282361111111
part_b_total_services,1477996965,EUGENE LONG,Hematology & Oncology Physician,GA,Augusta,337,223,149678.00000000,208.886059251559
part_b_total_services,1023243805,PAUL TUTTLE,Student in an Organized Health Care Education/Training Program,WI,Green Bay,3991,614,63403.00000000,208.724686274510
part_b_total_services,1285977546,ALFREDO TORRES GONZALEZ,Hematology & Oncology Physician,NY,Port Jefferson Station,966,612,182677.00000000,208.486975785896
part_b_total_services,1750370755,STEVEN NEWMAN,Medical Oncology Physician,FL,Naples,293,207,482715.00000000,208.291054878049
part_b_total_services,1033167846,JOHN VISCONTI,Medical Oncology Physician,IL,Shiloh,124,83,196153.00000000,208.096569510269
part_b_total_services,1326087917,STEVEN HAGER,Hematology & Oncology Physician,CA,Fresno,1285,708,320590.00000000,208.085366972477
part_b_total_services,1164956918,SHANITA VALENTINE,Nurse Practitioner,IL,Aurora,3908,1834,54851.00000000,208.085155367232
part_b_total_services,1699315937,JACQUELINE AVERETTE,Family Nurse Practitioner,AL,Tuscaloosa,3943,1663,89107.00000000,207.870126736111
part_b_total_services,1396709424,RAMA BALARAMAN,Hematology & Oncology Physician,FL,Ocala,673,448,170639.00000000,207.799201722575
part_b_total_services,1104176627,MORRIS HAMBURG,Adult Health Nurse Practitioner,AZ,Sun City,483,157,66462.00000000,207.683255813953
part_b_total_services,1447323092,SAVITHA KRISHNAN,Obstetrics & Gynecology Physician,CA,Mountain View,4940,1136,21176.00000000,207.598299270073
part_b_total_services,1124311956,JOSEPH KANNARKATT,Hematology & Oncology Physician,PA,York,636,417,114131.00000000,207.484608401084
part_b_total_services,1669466868,LEONARD HACKETT,Hematology & Oncology Physician,CA,Fresno,1285,708,319602.00000000,207.441807339450
part_b_total_services,1205361078,ADAM LEON,Family Nurse Practitioner,AZ,Glendale,5277,2124,62483.00000000,207.284675308642
part_b_total_services,1639149693,RUSS BODNER,Neurology Physician,NC,Concord,538,347,76274.00000000,207.276307692308
part_b_total_services,1932108875,RACHEL KRAMER,Hematology & Oncology Physician,NY,New York,966,612,181552.00000000,207.197574766355
part_b_total_services,1477510022,THOMAS ARNAU,Family Medicine Physician,SC,Charleston,2613,1407,196160.00000000,207.160584905660
part_b_total_services,1023253200,YOUSONG WANG,Internal Medicine Physician,CT,New Britain,2783,1659,103272.00000000,206.864116417910
part_b_total_services,1770937708,AMANY AZIZ,Surgery Physician,IL,Glen Ellyn,1531,677,47789.00000000,206.849567741935
part_b_total_services,1558455618,MARK HOFF,Family Medicine Physician,CA,Lodi,15915,6443,93432.00000000,206.425843750000
part_b_total_services,1700272465,ANGELA BUDGIN,Student in an Organized Health Care Education/Training Program,CO,Aurora,5362,579,59843.00000000,206.175625641026
part_b_total_services,1447220074,A. SILVIA ROSS,Specialist,NC,Raleigh,1121,272,248650.00000000,205.604203076923
part_b_total_services,1730379132,DEJUANIA BROWN-RAWLS,Hematology & Oncology Physician,SC,Myrtle Beach,145,98,203288.00000000,205.404310851545
part_b_total_services,1356758064,SHIVANG DESAI,Student in an Organized Health Care Education/Training Program,AR,Little Rock,2735,292,138576.00000000,205.317948732084
part_b_total_services,1225477425,ROBERT COLLINS,Internal Medicine Physician,SC,Columbia,2228,1399,173992.00000000,205.300492970123
part_b_total_services,1922554138,TINA SPRUELL,Family Nurse Practitioner,TX,Huntsville,18908,6434,55591.00000000,205.192535714286
part_b_total_services,1306909205,DONALD MIDDLETON,Family Medicine Physician,AZ,Glendale,3012,1488,123073.00000000,204.896718091698
part_b_total_services,1659399624,RAMI OWERA,Hematology & Oncology Physician,FL,Pensacola,673,448,168215.00000000,204.834581595648
part_b_total_services,1558368605,EVELYN MENDOZA,Specialist,CA,Hemet,6624,1438,321407.00000000,204.516575757576
part_b_total_services,1104257211,JAIME CATALA,Infectious Disease Physician,FL,Delray Beach,610,431,241448.00000000,204.165373425693
part_b_total_services,1982728283,MICHAEL SEIDMAN,Hematology & Oncology Physician,PA,Horsham,636,417,112062.00000000,203.702655826558
part_b_total_services,1790949576,PADMAJA BOJANAPALLY,Internal Medicine Physician,PA,Dunmore,8493,4870,112958.00000000,203.524263758389
part_b_total_services,1942729173,JACQUELINE CHANNELL,Family Nurse Practitioner,CA,San Diego,15168,3050,44056.00000000,203.381451890034
part_b_total_services,1982221073,MARY GARCIA,Family Nurse Practitioner,KS,Wichita,2114,890,55152.00000000,202.937646575342
part_b_total_services,1265429245,ROBERT OLK,Ophthalmology Physician,MO,Saint Louis,326,189,332525.00000000,202.932355191257
part_b_total_services,1982845863,MINDY EWERT,Physician Assistant,OK,Tulsa,1760,810,70981.00000000,202.872378723404
part_b_total_services,1205179496,HIMANSHU BANDA,Student in an Organized Health Care Education/Training Program,WA,Tacoma,7225,775,79367.00000000,202.673144486692
part_b_total_services,1013270875,NICHOLAS JUAN,Anesthesiology Physician,WA,Kennewick,1583,706,12681.00000000,202.606952380952
part_b_total_services,1669457321,TERRI PUSTILNIK,Gynecologic Oncology Physician,TX,Webster,98,62,70308.00000000,201.818182692308
part_b_total_services,1295848794,ELIZABETH SIMPSON,Internal Medicine Physician,TN,Hixson,2877,1862,169231.00000000,201.785720248668
part_b_total_services,1215905971,ANA KUMAR,Rheumatology Physician,OK,Edmond,51,37,292332.00000000,201.657494866530
part_b_total_services,1710915061,RONALD MICHAEL,Gastroenterology Physician,TN,Memphis,323,216,128338.00000000,201.022275116822
part_b_total_services,1669586079,SERGEY FURMANOV,Rheumatology Physician,IL,Des Plaines,254,163,260257.00000000,201.012629310345
part_b_total_services,1093767493,HEATHER SHAH,Internal Medicine Physician,AL,Decatur,1814,1146,171666.00000000,200.915143853531
part_b_total_services,1760923981,STEPHANIE GEIER,Nurse Practitioner,AZ,Phoenix,1260,491,58271.00000000,200.655102564103
part_b_total_services,1104273382,RUSSELL LEWIS,Student in an Organized Health Care Education/Training Program,OR,Bend,4366,596,48845.00000000,200.547207951070
part_b_total_services,1831166024,HENRY LI,Hematology & Oncology Physician,WA,Seattle,396,187,114283.00000000,200.398704960836
part_b_total_services,1679610745,SATISH ODHAV,Specialist,TN,Jackson,932,281,158310.00000000,200.312527306968
part_b_total_services,1194175083,DEENA CANTRILL,Registered Nurse,TN,Knoxville,4763,768,23708.00000000,200.267110062893
part_b_total_services,1730147596,VASILEIOS ASSIKIS,Hematology & Oncology Physician,GA,Newnan,337,223,143491.00000000,200.210110187110
part_b_total_services,1437158383,DEBORAH HERTERICH,Family Nurse Practitioner,TX,Bedford,18908,6434,54163.00000000,199.900304945055
part_b_total_services,1487819769,JOHN SPRANDIO,Medical Oncology Physician,PA,Broomall,178,114,81753.00000000,199.414085454545
part_b_total_services,1376614859,MIRIAM KRAVITZ,Nurse Practitioner,MA,Orleans,3184,1316,58014.00000000,199.222459079284
part_b_total_services,1972588309,KENNETH OROURKE,Internal Medicine Physician,ME,Portland,748,459,69958.00000000,198.820307203390
part_b_total_services,1609000439,LISA KNUFFMAN,Nurse Practitioner,IL,Quincy,3908,1834,52334.00000000,198.493536723164
part_b_total_services,1538131651,SOWJANYA NAGABHIRAVA,Medical Oncology Physician,VA,Chesapeake,54,36,163212.00000000,198.442298913043
part_b_total_services,1750590931,CHRISTOPHER HABERMAN,Hematology & Oncology Physician,FL,Panama City,673,448,162977.00000000,198.428360380780
part_b_total_services,1497238273,DIANE SCHMITZ,Physician Assistant,OR,Salem,1971,1013,42856.00000000,198.409989655172
part_b_total_services,1457586208,MATTHEW WHITEHURST,Internal Medicine Physician,VA,Fredericksburg,3896,2296,148732.00000000,198.234679245283
part_b_total_services,1578572962,JOSEPH POTZ,Hematology & Oncology Physician,PA,Horsham,636,417,108948.00000000,198.010533875339
part_b_total_services,1124361977,AMBER SOBUTO,Student in an Organized Health Care Education/Training Program,PA,Wynnewood,14928,1682,71790.00000000,197.917967145791
part_b_total_services,1518256544,AZMINA PATEL,Internal Medicine Physician,TX,Denison,10894,6886,140725.00000000,197.826259162304
part_b_total_services,1740247931,WALTER HENRICKS,Anatomic Pathology Physician,OH,Cleveland,88,52,134977.00000000,197.770927242888
part_b_total_services,1346239894,LISA THOMAS,Hematology & Oncology Physician,PA,Dunmore,636,417,108793.00000000,197.727207317073
part_b_total_services,1811138787,FAISAL MUSA,Hematology & Oncology Physician,MI,Dearborn,266,166,156331.00000000,197.622783898305
part_b_total_services,1316921075,SEAN WOLLASTON,Specialist,CA,North Hollywood,6624,1438,310490.00000000,197.543548768939
part_b_total_services,1841386349,ROGER KORNU,Rheumatology Physician,CA,Tustin,707,381,244554.00000000,197.523920072115
part_b_total_services,1851346928,JEFFREY HALAAS,Internal Medicine Physician,NY,Brewster,13573,7725,121988.00000000,197.357074698795
part_b_total_services,1194489104,IRENE ALFORD,Family Nurse Practitioner,TX,Sherman,18908,6434,53457.00000000,197.283837912088
part_b_total_services,1659508166,JIGAR SHAH,Hospitalist Physician,FL,Margate,1207,884,88903.00000000,197.203028973510
part_b_total_services,1487669933,EDMUND TAI,Hematology & Oncology Physician,CA,Mountain View,1285,708,303639.00000000,197.043889908257
part_b_total_services,1942281399,CHAUDHRY MUSHTAQ,Hematology & Oncology Physician,SC,Columbia,145,98,194930.00000000,196.907745666918
part_b_total_services,1437702511,HEATHER ROY,Nurse Practitioner,IN,Fort Wayne,2382,1225,54830.00000000,196.885467914439
part_b_total_services,1477604817,MARK BOX,Rheumatology Physician,MO,Kansas City,109,66,122406.00000000,196.184522673031
part_b_total_services,1518923903,DEBRA BRENT,Acute Care Nurse Practitioner,AR,Little Rock,410,148,64067.00000000,196.047496583144
part_b_total_services,1598434649,CHRISTOPHER PETRUCCI,Physician Assistant,WV,Morgantown,1085,438,38814.00000000,195.937178571429
part_b_total_services,1053365320,JUSTIN FAVARO,Hematology & Oncology Physician,NC,Charlotte,345,220,73171.00000000,195.828487025948
part_b_total_services,1083888937,KATHERINE JOHNSON,Student in an Organized Health Care Education/Training Program,CO,Wheat Ridge,5362,579,56830.00000000,195.753735897436
part_b_total_services,1063743722,DHAVAL SHAH,Student in an Organized Health Care Education/Training Program,DE,Newark,919,72,101819.00000000,195.633989971347
part_b_total_services,1053926410,MATTHEW MILLER,Family Nurse Practitioner,AZ,Mesa,5277,2124,58953.00000000,195.526724691358
part_b_total_services,1972708543,KENNETH ZOOK,Surgical Physician Assistant,PA,Lewisburg,845,327,22107.00000000,195.329875000000
part_b_total_services,1417068347,ANNE HUTCHISON,Hematology & Oncology Physician,SC,Columbia,145,98,193367.00000000,195.318833082140
part_b_total_services,1215939202,BRUCE CHIPKIN,Anesthesiology Physician,NY,Poughkeepsie,4570,2507,23834.00000000,195.086786585366
part_b_total_services,1285108209,TYWANA DONALDSON,Family Medicine Physician,NC,Durham,4659,2561,116708.00000000,194.905332089552
part_b_total_services,1811108475,AMBER KHAN,Internal Medicine Physician,TX,Houston,10894,6886,138650.00000000,194.895185863874
part_b_total_services,1336275007,ROSTAM KHOSHSAR,Anesthesiology Physician,CA,Lawndale,7150,3154,20882.00000000,194.649458333333
part_b_total_services,1487651584,CHRISTIAN THOMAS,Hematology & Oncology Physician,ME,Westbrook,60,36,84320.00000000,194.399707903780
part_b_total_services,1023375649,ASHRAF RASLAN,Student in an Organized Health Care Education/Training Program,NJ,Jersey City,9394,982,96523.00000000,194.353079460270
part_b_total_services,1770297475,KEVIN HURLEY,Family Nurse Practitioner,CA,Sunnyvale,15168,3050,42040.00000000,194.035802405498
part_b_total_services,1669100921,ANGELA EMERSON,Physician Assistant,AK,Fairbanks,520,209,42463.00000000,193.994459183673
part_b_total_services,1417904020,WILLIAM JAWIEN,Hematology & Oncology Physician,CA,Fresno,1285,708,298823.00000000,193.906862385321
part_b_total_services,1023111580,SUNKET AHKEE,Infectious Disease Physician,FL,Boynton Beach,610,431,229036.00000000,193.621426322418
part_b_total_services,1194325084,RIMMA GOLUB,Family Nurse Practitioner,CA,West Hollywood,15168,3050,41943.00000000,193.586135738832
part_b_total_services,1447230420,JEFFREY KIRSHNER,Hematology & Oncology Physician,NY,East Syracuse,966,612,169653.00000000,193.559723449448
part_b_total_services,1215399308,DAVID KIRAKOSSIAN,Internal Medicine Physician,OR,Portland,2490,1308,61389.00000000,193.320250000000
part_b_total_services,1871582569,CARL BARSIGIAN,Hematology & Oncology Physician,PA,Dunmore,636,417,106245.00000000,193.069684281843
part_b_total_services,1477526994,DAVID SLATER,Adult Medicine Physician,TX,Little Elm,178,68,100639.00000000,193.051535714286
part_b_total_services,1275107351,KIMBERLIE WANG,Family Nurse Practitioner,AZ,Tucson,5277,2124,58200.00000000,193.018583950617
part_b_total_services,1750759056,STAVROS CHRYSOSTOMIDES,Medical Physician Assistant,SC,Columbia,529,267,94843.00000000,192.972406060606
part_b_total_services,1346441656,KATRINA NGUYEN,Emergency Medicine Physician,IL,Napervile,2986,1935,49452.00000000,192.585436046512
part_b_total_services,1821438714,SCOTT GRAUPNER,Hematology & Oncology Physician,SC,West Columbia,145,98,190644.00000000,192.550689148455
part_b_total_services,1881908895,JONATHAN MILLER,Internal Medicine Physician,DC,Washington,931,456,94654.00000000,192.462443181818
part_b_total_services,1295927150,EMMA SINGH,Family Medicine Physician,PA,Royersford,7171,3893,104525.00000000,192.180757534247
part_b_total_services,1144816430,BRIAN RAYBURN,Physician Assistant,AR,Little Rock,517,250,82111.00000000,192.145543554007
part_b_total_services,1255725214,JONATHAN STERN,Student in an Organized Health Care Education/Training Program,FL,Boca Raton,19042,2018,87171.00000000,191.891932786885
part_b_total_services,1699419242,ANURA VANI,Family Nurse Practitioner,NY,Mount Kisco,12607,3576,41679.00000000,191.664256849315
part_b_total_services,1598825085,RAJEEV KULKARNI,Hematology & Oncology Physician,OH,Troy,406,278,116369.00000000,191.611794478528
part_b_total_services,1730384876,SARJU PATEL,Student in an Organized Health Care Education/Training Program,CA,Sacramento,48939,3304,72945.00000000,191.376201171875
part_b_total_services,1649431990,STEVEN MINTER,Internal Medicine Physician,SC,Columbia,2228,1399,162007.00000000,191.093318101933
part_b_total_services,1508068594,TARA ADHIKARI,Rheumatology Physician,OH,Blue Ash,235,153,158049.00000000,190.959927158273
part_b_total_services,1043338395,NORA MACZURA,Gynecologic Oncology Physician,IL,Springfield,53,31,63149.00000000,190.871346846847
part_b_total_services,1831730357,RACHEL BEGGS,Nurse Practitioner,MO,Lees Summit,1588,740,45457.00000000,190.630562500000
part_b_total_services,1881658839,PETER BROOKMEYER,Infectious Disease Physician,CO,Colorado Springs,149,82,73626.00000000,190.576790944123
part_b_total_services,1598064743,MARINA SHERMAN,Family Nurse Practitioner,NY,Brooklyn,12607,3576,41425.00000000,190.490811643836
part_b_total_services,1598973273,YANJUN MA,Medical Oncology Physician,TN,Murfreesboro,80,47,173783.00000000,190.415861337684
part_b_total_services,1285600320,MORRIS ELSTEIN,Obstetrics & Gynecology Physician,VA,Virginia Beach,1129,405,22116.00000000,190.330064102564
part_b_total_services,1124764121,JENNIFER CHOUINARD,Family Nurse Practitioner,FL,Sarasota,20706,5705,54703.00000000,190.327823834197
part_b_total_services,1356769590,MATTHEW HEVEY,Infectious Disease Physician,CO,Colorado Springs,149,82,73500.00000000,190.249288053950
part_b_total_services,1366408627,PAUL MASCI,Hematology & Oncology Physician,OH,Wooster,406,278,115487.00000000,190.151895092025
part_b_total_services,1497141378,DARWIN SMITH,Anesthesiology Physician,TX,San Antonio,4329,2344,19816.00000000,189.958471428571
part_b_total_services,1740660604,JONATHAN AMOS,Student in an Organized Health Care Education/Training Program,KS,Overland Park,1361,177,81426.00000000,189.890486111111
part_b_total_services,1598936726,KRIKOR TATOYAN,Surgery Physician,CA,Van Nuys,3327,1526,41599.00000000,189.851102040816
part_b_total_services,1407040884,MARK JOHNS,Medical Oncology Physician,OH,Cincinnati,141,90,83769.00000000,189.761232263514
part_b_total_services,1649432022,JON HUNSAKER,Internal Medicine Physician,MN,Rochester,3395,2058,72234.00000000,189.661216242661
part_b_total_services,1821097072,MOHSEN ARANI,Hematology & Oncology Physician,TX,The Woodlands,615,413,268658.00000000,189.606059348739
part_b_total_services,1821408600,SNEHA SUNDARAM,Student in an Organized Health Care Education/Training Program,NJ,Voorhees,9394,982,94169.00000000,189.592140929535
part_b_total_services,1750575890,ROCHELLE ROBICHEAUX METOYER,Internal Medicine Physician,LA,Ruston,1824,1203,105632.00000000,189.559748663102
part_b_total_services,1275001968,CHELSEA SWISTOCK,Nurse Practitioner,MI,Royal Oak,3167,1241,32191.00000000,189.451666666667
part_b_total_services,1750343455,ANN WARNER,Rheumatology Physician,MO,Kansas City,109,66,118213.00000000,189.434693317422
part_b_total_services,1821754631,JESSALYNN THURMAN,Family Nurse Practitioner,MS,Pearl,3485,1624,106267.00000000,189.319805039788
part_b_total_services,1831122035,SHONDA ASAAD,Hematology & Oncology Physician,NC,Jacksonville,345,220,70698.00000000,189.169650698603
part_b_total_services,1902066988,RAUL WESTON,Anesthesiology Physician,UT,Bountiful,633,299,10154.00000000,189.141041666667
part_b_total_services,1699773309,ANDREW SPOLJARIC,Psychiatry Physician,IN,Richmond,599,217,38570.00000000,188.909233576642
part_b_total_services,1831176874,GHASSAN JANO,Hematology & Oncology Physician,IN,Munster,174,114,226858.00000000,188.396698638614
part_b_total_services,1215066980,JUMANA CHATIWALA,Internal Medicine Physician,NJ,Sparta,5051,3342,171705.00000000,188.385147587899
part_b_total_services,1720156490,BROWNELL PAYNE,Anesthesiology Physician,CA,Los Angeles,7150,3154,20192.00000000,188.185500000000
part_b_total_services,1780654889,ANDREW LIPMAN,Medical Oncology Physician,FL,Naples,293,207,436219.00000000,188.161689024390
part_b_total_services,1821557414,STEPHANIE HORROCKS,Adult Health Nurse Practitioner,MD,Baltimore,840,307,97232.00000000,188.098028818444
part_b_total_services,1356492482,ELIE FAHED,Internal Medicine Physician,WY,Casper,148,89,147654.00000000,187.953840607211
part_b_total_services,1457712549,JOSEPH POOLE,Nurse Practitioner,NM,Santa Fe,468,190,35128.00000000,187.906025896414
part_b_total_services,1841296951,JOY DEMARCAIDA,Neurology Physician,CT,Vernon,300,175,40874.00000000,187.797431506849
part_b_total_services,1104833656,SETH KANTOR,Rheumatology Physician,OH,Dublin,235,153,155275.00000000,187.594705935252
part_b_total_services,1013954643,LORRAINE SNYDER DOUGHERTY,Hematology & Oncology Physician,PA,Sellersville,636,417,103230.00000000,187.558525745257
part_b_total_services,1720070386,HANNA SABA,Hematology & Oncology Physician,IL,Effingham,500,330,253857.00000000,187.418297965915
part_b_total_services,1376561225,RAJINDER GROVER,Internal Medicine Physician,AZ,Scottsdale,3347,1956,129309.00000000,187.411208963283
part_b_total_services,1528057056,GREGORY BORSTAD,Hospitalist Physician,NC,Wilmington,758,577,74142.00000000,187.401552830189
part_b_total_services,1730144304,NILESH PATEL,Hematology (Internal Medicine) Physician,PA,State College,69,40,52004.00000000,187.290386058981
part_b_total_services,1396401782,KIRSTEN WHALEN,Physician Assistant,NJ,Sewell,3178,1306,47555.00000000,187.271661290323
part_b_total_services,1417937012,JOHN NOLES,Anesthesiology Physician,LA,Bossier City,565,285,16731.00000000,187.072575000000
part_b_total_services,1295952596,VEERPAL SINGH,Hematology & Oncology Physician,IL,Elgin,500,330,253186.00000000,186.920673446949
part_b_total_services,1063792265,JAMES SHEN,Medical Oncology Physician,CA,Arcadia,276,159,140083.00000000,186.594268849206
part_b_total_services,1154300622,NOSHIR DACOSTA,Hematology & Oncology Physician,NY,Smithtown,966,612,163533.00000000,186.545381903144
part_b_total_services,1013514553,JORDAN SMITH,Family Nurse Practitioner,MS,Flowood,3485,1624,104716.00000000,186.544872679045
part_b_total_services,1669511663,JOSE AVITIA,Internal Medicine Physician,NM,Albuquerque,805,403,68942.00000000,186.507409274194
part_b_total_services,1255385662,DONALD MCCARREN,Neurology Physician,FL,Bonita Springs,1401,944,100446.00000000,186.478259336100
part_b_total_services,1942646393,SHERMIN RUTHERFORD,Medical Physician Assistant,CA,San Luis Obispo,3430,1008,47628.00000000,186.449104956268
part_b_total_services,1386842771,CANDICE WINFUL,Family Medicine Physician,TX,Houston,10393,5503,102465.00000000,186.427047425474
part_b_total_services,1154457224,ZORAN KUREPA,Internal Medicine Physician,TX,Dallas,10894,6886,132432.00000000,186.111853926702
part_b_total_services,1790713162,BRIAN DURKIN,Anesthesiology Physician,NY,Port Jefferson,4570,2507,22736.00000000,186.055067073171
part_b_total_services,1437100773,HOLAVANAHALL KESHAVA-PRASAD,Internal Medicine Physician,NV,Las Vegas,1346,811,137601.00000000,185.775214285714
part_b_total_services,1265429989,MARC WARMUTH,Hematology & Oncology Physician,FL,St Augustine,673,448,152587.00000000,185.721098368087
part_b_total_services,1669607479,JINGDONG SU,Internal Medicine Physician,TX,Tyler,10894,6886,132143.00000000,185.703622513089
part_b_total_services,1588638894,PATRICK FALL,Anesthesiology Physician,PA,Abington,2332,1355,23531.00000000,185.654141176471
part_b_total_services,1033111802,TIMOTHY SCHOONOVER,Neurology Physician,OH,Centerville,714,464,60879.00000000,185.626998863636
part_b_total_services,1558336149,WASIF SHIRAZI,Hematology & Oncology Physician,IL,Tinley Park,500,330,251197.00000000,185.445598680594
part_b_total_services,1841246568,DANIEL WATROUS,Rheumatology Physician,CA,Visalia,707,381,229629.00000000,185.424265625000
part_b_total_services,1487604518,NATALYA KRICHMAR,Internal Medicine Physician,NY,Massapequa,13573,7725,114641.00000000,185.415986746988
part_b_total_services,1770589335,ELENA OCHER,Anesthesiology Physician,NY,Forest Hills,4570,2507,22631.00000000,185.191378048780
part_b_total_services,1013999895,RAVI SHAH,Neurology Physician,CO,Parker,378,209,61492.00000000,185.033800448430
part_b_total_services,1154322717,JAMES DEMAIO,Infectious Disease Physician,FL,Bradenton,610,431,218757.00000000,184.889454659950
part_b_total_services,1285320259,NGUYENTHAO NGUYEN,Registered Nurse,CA,Fremont,15770,749,31924.00000000,184.772297413793
part_b_total_services,1154304699,SILVIA ROMERO,Internal Medicine Physician,FL,Fort Myers,11073,6736,144750.00000000,184.673227186312
part_b_total_services,1013987924,FADI ESTEPHAN,Hematology & Oncology Physician,KS,Hutchinson,93,67,126692.00000000,184.470606753813
part_b_total_services,1952509606,JAY WANG,Medical Oncology Physician,FL,Naples,293,207,427249.00000000,184.278335365854
part_b_total_services,1255445151,GREGORY PARK,Physical Medicine & Rehabilitation Physician,MA,West Springfield,345,186,208503.00000000,184.193561224490
part_b_total_services,1952304743,JAMES BARRY,Neurology Physician,TX,Bedford,1260,787,103430.00000000,184.168915119363
part_b_total_services,1578808127,MEREDITH MCCANN,Surgical Physician Assistant,FL,Punta Gorda,1301,541,36465.00000000,184.082714285714
part_b_total_services,1194971465,ALISON COLLINS,Physician Assistant,TX,Austin,10016,3739,44671.00000000,183.993668711656
part_b_total_services,1376025221,ELIZA SHINALL,Family Nurse Practitioner,GA,Savannah,7938,2726,52884.00000000,183.977738341969
part_b_total_services,1790976918,AZIZ AHMED,Emergency Medicine Physician,IL,Mattoon,2986,1935,47240.00000000,183.911052325581
part_b_total_services,1598765166,AMAR HAMAD,Hematology & Oncology Physician,IL,Oak Lawn,500,330,249086.00000000,183.880046728972
part_b_total_services,1821222761,WILLIAM MCEVOY,Internal Medicine Physician,AL,Daphne,1814,1146,157066.00000000,183.743914559721
part_b_total_services,1447478029,TIMOTHY LONESKY,Internal Medicine Physician,KY,Somerset,1784,1157,134991.00000000,183.655541582150
part_b_total_services,1215011846,ROBERT HARRIS,Surgery Physician,KS,Pratt,367,183,63216.00000000,183.633354978355
part_b_total_services,1720187487,CHRISTOPHER O'CARROLL,Neurology Physician,CA,Newport Beach,2083,1119,100338.00000000,183.515460490463
part_b_total_services,1205904828,RAMAMOHANA KANCHERLA,Hematology & Oncology Physician,NY,Poughkeepsie,966,612,160860.00000000,183.481765080714
part_b_total_services,1568446870,MOHAN THAKURI,Hematology (Internal Medicine) Physician,NC,Asheville,67,55,77988.00000000,183.452166666667
part_b_total_services,1548815442,TRICIA SHEPHERD,Nurse Practitioner,TX,Cypress,4831,1839,45612.00000000,183.363026946108
part_b_total_services,1649259227,KEVIN BENSON,Obstetrics & Gynecology Physician,SD,Sioux Falls,98,39,9015.00000000,183.177848484848
part_b_total_services,1043478555,YONGSOO KWON,Surgery Physician,IL,Urbana,1531,677,42332.00000000,183.102816129032
part_b_total_services,1679678791,DONGMEI LIU,Neurology Physician,WA,Seattle,458,291,43143.00000000,182.930376582278
part_b_total_services,1295808913,HUEY HOLT,Specialist,TN,Cordova,932,281,144576.00000000,182.866984934087
part_b_total_services,1174788541,HAIDER KHADIM,Medical Oncology Physician,NY,Syracuse,393,230,63959.00000000,182.806757995736
part_b_total_services,1962897199,MEGAN FACKLER,Family Nurse Practitioner,KY,Nancy,5015,2394,46718.00000000,182.322840116279
