demo_npi,series,value
1457394306,peer_group,9534232.57
1457394306,peer_group,1593153.50
1457394306,peer_group,1155764.49
1457394306,peer_group,849819.90
1457394306,peer_group,633859.72
1457394306,peer_group,567733.36
1457394306,peer_group,493153.73
1457394306,peer_group,449713.46
1457394306,peer_group,417278.42
1457394306,peer_group,329307.66
1457394306,peer_group,192067.97
1457394306,peer_group,186934.25
1457394306,peer_group,179123.29
1457394306,peer_group,146861.83
1457394306,peer_group,133693.34
1457394306,peer_group,132350.89
1457394306,peer_group,123912.25
1457394306,peer_group,116273.09
1457394306,peer_group,101932.70
1457394306,peer_group,101420.85
1457394306,peer_group,100788.98
1457394306,peer_group,99084.87
1457394306,peer_group,93560.74
1457394306,peer_group,88493.82
1457394306,peer_group,85294.83
1457394306,peer_group,80665.72
1457394306,peer_group,71930.85
1457394306,peer_group,69609.24
1457394306,peer_group,66792.07
1457394306,peer_group,66377.74
1457394306,peer_group,65245.96
1457394306,peer_group,61282.75
1457394306,peer_group,61045.30
1457394306,peer_group,60787.19
1457394306,peer_group,60150.59
1457394306,peer_group,59638.58
1457394306,peer_group,58964.29
1457394306,peer_group,56930.01
1457394306,peer_group,56726.96
1457394306,peer_group,56286.78
1457394306,peer_group,54933.76
1457394306,peer_group,53129.91
1457394306,peer_group,52001.20
1457394306,peer_group,51741.09
1457394306,peer_group,50440.65
1457394306,peer_group,49124.55
1457394306,peer_group,46395.70
1457394306,peer_group,45843.23
1457394306,peer_group,43328.29
1457394306,peer_group,42867.97
1457394306,peer_group,40127.99
1457394306,peer_group,38897.11
1457394306,peer_group,36588.92
1457394306,peer_group,35456.98
1457394306,peer_group,34165.35
1457394306,peer_group,34110.50
1457394306,peer_group,33979.26
1457394306,peer_group,32875.61
1457394306,peer_group,32595.61
1457394306,peer_group,31913.73
1457394306,peer_group,31064.67
1457394306,peer_group,29309.63
1457394306,peer_group,29047.14
1457394306,peer_group,28939.00
1457394306,peer_group,27287.06
1457394306,peer_group,26581.78
1457394306,peer_group,25813.56
1457394306,peer_group,24846.52
1457394306,peer_group,24759.09
1457394306,peer_group,24517.14
1457394306,peer_group,24108.43
1457394306,peer_group,23397.94
1457394306,peer_group,22965.76
1457394306,peer_group,21330.31
1457394306,peer_group,21043.13
1457394306,peer_group,20992.65
1457394306,peer_group,20548.42
1457394306,peer_group,19942.76
1457394306,peer_group,19744.31
1457394306,peer_group,19705.08
1457394306,peer_group,19286.34
1457394306,peer_group,19241.24
1457394306,peer_group,18761.33
1457394306,peer_group,18752.00
1457394306,peer_group,18550.68
1457394306,peer_group,18278.35
1457394306,peer_group,18238.29
1457394306,peer_group,17522.63
1457394306,peer_group,17101.62
1457394306,peer_group,16721.68
1457394306,peer_group,15935.70
1457394306,peer_group,15902.13
1457394306,peer_group,15891.87
1457394306,peer_group,15877.87
1457394306,peer_group,15779.49
1457394306,peer_group,14419.36
1457394306,peer_group,14340.74
1457394306,peer_group,14339.73
1457394306,peer_group,14289.00
1457394306,peer_group,13992.39
1457394306,peer_group,13832.99
1457394306,peer_group,13665.45
1457394306,peer_group,13584.22
1457394306,peer_group,13508.76
1457394306,peer_group,13505.79
1457394306,peer_group,13277.86
1457394306,peer_group,13155.02
1457394306,peer_group,13088.17
1457394306,peer_group,13024.71
1457394306,peer_group,12368.13
1457394306,peer_group,12160.05
1457394306,peer_group,12030.56
1457394306,peer_group,12001.22
1457394306,peer_group,11707.83
1457394306,peer_group,11310.29
1457394306,peer_group,11264.59
1457394306,peer_group,11202.88
1457394306,peer_group,10886.29
1457394306,peer_group,10808.18
1457394306,peer_group,10731.04
1457394306,peer_group,10638.39
1457394306,peer_group,10517.34
1457394306,peer_group,10149.16
1457394306,peer_group,9941.08
1457394306,peer_group,9886.77
1457394306,peer_group,9846.57
1457394306,peer_group,9638.88
1457394306,peer_group,9362.67
1457394306,peer_group,8508.60
1457394306,peer_group,8424.55
1457394306,peer_group,8393.94
1457394306,peer_group,8227.08
1457394306,peer_group,8226.96
1457394306,peer_group,8224.24
1457394306,peer_group,7968.82
1457394306,peer_group,7804.89
1457394306,peer_group,7692.41
1457394306,peer_group,7652.10
1457394306,peer_group,7640.40
1457394306,peer_group,7616.69
1457394306,peer_group,7525.46
1457394306,peer_group,7418.47
1457394306,peer_group,7178.04
1457394306,peer_group,7118.23
1457394306,peer_group,7049.09
1457394306,peer_group,6751.05
1457394306,peer_group,6535.30
1457394306,peer_group,6447.21
1457394306,peer_group,6376.59
1457394306,peer_group,6274.78
1457394306,peer_group,6091.12
1457394306,peer_group,5905.67
1457394306,peer_group,5898.35
1457394306,peer_group,5763.50
1457394306,peer_group,5424.56
1457394306,peer_group,5273.69
1457394306,peer_group,5267.32
1457394306,peer_group,5215.28
1457394306,peer_group,5102.89
1457394306,peer_group,5091.80
1457394306,peer_group,5061.31
1457394306,peer_group,4873.54
1457394306,peer_group,4793.29
1457394306,peer_group,4727.73
1457394306,peer_group,4622.36
1457394306,peer_group,4306.46
1457394306,peer_group,4246.16
1457394306,peer_group,3768.69
1457394306,peer_group,3675.71
1457394306,peer_group,3614.85
1457394306,peer_group,3608.24
1457394306,peer_group,3527.13
1457394306,peer_group,3476.78
1457394306,peer_group,3451.10
1457394306,peer_group,3147.06
1457394306,peer_group,3122.94
1457394306,peer_group,3064.43
1457394306,peer_group,2993.28
1457394306,peer_group,2860.49
1457394306,peer_group,2820.10
1457394306,peer_group,2802.14
1457394306,peer_group,2668.51
1457394306,peer_group,2562.00
1457394306,peer_group,2559.58
1457394306,peer_group,2551.80
1457394306,peer_group,2531.27
1457394306,peer_group,2473.57
1457394306,peer_group,2372.17
1457394306,peer_group,2290.84
1457394306,peer_group,2290.72
1457394306,peer_group,2286.25
1457394306,peer_group,2286.18
1457394306,peer_group,2273.98
1457394306,peer_group,2271.21
1457394306,peer_group,2239.49
1457394306,peer_group,2230.17
1457394306,peer_group,2150.26
1457394306,peer_group,2125.53
1457394306,peer_group,2104.00
1457394306,peer_group,2088.33
1457394306,peer_group,2074.48
1457394306,peer_group,2068.17
1457394306,peer_group,2045.13
1457394306,peer_group,1972.26
1457394306,peer_group,1964.43
1457394306,peer_group,1956.00
1457394306,peer_group,1923.27
1457394306,peer_group,1914.94
1457394306,peer_group,1864.97
1457394306,peer_group,1847.52
1457394306,peer_group,1811.04
1457394306,peer_group,1808.60
1457394306,peer_group,1798.40
1457394306,peer_group,1785.95
1457394306,peer_group,1772.06
1457394306,peer_group,1720.82
1457394306,peer_group,1716.21
1457394306,peer_group,1622.06
1457394306,peer_group,1588.37
1457394306,peer_group,1569.79
1457394306,peer_group,1563.23
1457394306,peer_group,1540.35
1457394306,peer_group,1532.29
1457394306,peer_group,1506.48
1457394306,peer_group,1456.17
1457394306,peer_group,1419.09
1457394306,peer_group,1418.04
1457394306,peer_group,1392.48
1457394306,peer_group,1384.65
1457394306,peer_group,1346.05
1457394306,peer_group,1338.81
1457394306,peer_group,1319.59
1457394306,peer_group,1305.98
1457394306,peer_group,1294.08
1457394306,peer_group,1278.84
1457394306,peer_group,1278.44
1457394306,peer_group,1269.06
1457394306,peer_group,1210.55
1457394306,peer_group,1195.30
1457394306,peer_group,1179.17
1457394306,peer_group,1171.58
1457394306,peer_group,1160.73
1457394306,peer_group,1151.56
1457394306,peer_group,1142.75
1457394306,peer_group,1137.83
1457394306,peer_group,1126.63
1457394306,peer_group,1121.80
1457394306,peer_group,1119.55
1457394306,peer_group,1116.32
1457394306,peer_group,1108.58
1457394306,peer_group,1099.72
1457394306,peer_group,1096.01
1457394306,peer_group,1073.34
1457394306,peer_group,1071.73
1457394306,peer_group,1066.72
1457394306,peer_group,1060.46
1457394306,peer_group,1060.39
1457394306,peer_group,1059.79
1457394306,peer_group,1039.72
1457394306,peer_group,1039.40
1457394306,peer_group,1019.40
1457394306,peer_group,993.26
1457394306,peer_group,985.14
1457394306,peer_group,976.88
1457394306,peer_group,958.03
1457394306,peer_group,947.28
1457394306,peer_group,936.80
1457394306,peer_group,934.53
1457394306,peer_group,911.27
1457394306,peer_group,894.12
1457394306,peer_group,874.84
1457394306,peer_group,863.85
1457394306,peer_group,859.15
1457394306,peer_group,851.22
1457394306,peer_group,834.71
1457394306,peer_group,823.10
1457394306,peer_group,814.09
1457394306,peer_group,814.00
1457394306,peer_group,801.06
1457394306,peer_group,800.11
1457394306,peer_group,795.29
1457394306,peer_group,776.97
1457394306,peer_group,774.68
1457394306,peer_group,765.94
1457394306,peer_group,760.19
1457394306,peer_group,754.59
1457394306,peer_group,720.91
1457394306,peer_group,713.88
1457394306,peer_group,712.19
1457394306,peer_group,702.60
1457394306,peer_group,682.32
1457394306,peer_group,681.54
1457394306,peer_group,675.18
1457394306,peer_group,671.31
1457394306,peer_group,646.38
1457394306,peer_group,620.07
1457394306,peer_group,610.01
1457394306,peer_group,607.72
1457394306,peer_group,605.10
1457394306,peer_group,580.79
1457394306,peer_group,580.46
1457394306,peer_group,573.84
1457394306,peer_group,561.63
1457394306,peer_group,559.25
1457394306,peer_group,554.62
1457394306,peer_group,552.82
1457394306,peer_group,551.72
1457394306,peer_group,546.17
1457394306,peer_group,523.41
1457394306,peer_group,522.82
1457394306,peer_group,522.79
1457394306,peer_group,507.76
1457394306,peer_group,507.32
1457394306,peer_group,497.69
1457394306,peer_group,496.91
1457394306,peer_group,493.66
1457394306,peer_group,490.16
1457394306,peer_group,487.48
1457394306,peer_group,483.35
1457394306,peer_group,471.44
1457394306,peer_group,465.51
1457394306,peer_group,460.87
1457394306,peer_group,452.97
1457394306,peer_group,452.06
1457394306,peer_group,451.86
1457394306,peer_group,447.46
1457394306,peer_group,440.94
1457394306,peer_group,440.28
1457394306,peer_group,438.43
1457394306,peer_group,436.04
1457394306,peer_group,435.18
1457394306,peer_group,433.46
1457394306,peer_group,433.17
1457394306,peer_group,427.47
1457394306,peer_group,426.87
1457394306,peer_group,423.75
1457394306,peer_group,422.12
1457394306,peer_group,420.18
1457394306,peer_group,413.74
1457394306,peer_group,412.92
1457394306,peer_group,408.14
1457394306,peer_group,400.18
1457394306,peer_group,399.93
1457394306,peer_group,399.71
1457394306,peer_group,395.45
1457394306,peer_group,393.75
1457394306,peer_group,388.61
1457394306,peer_group,385.06
1457394306,peer_group,382.21
1457394306,peer_group,380.66
1457394306,peer_group,377.57
1457394306,peer_group,375.58
1457394306,peer_group,371.98
1457394306,peer_group,370.53
1457394306,peer_group,364.06
1457394306,peer_group,355.24
1457394306,peer_group,354.13
1457394306,peer_group,353.97
1457394306,peer_group,353.08
1457394306,peer_group,350.35
1457394306,peer_group,349.01
1457394306,peer_group,334.62
1457394306,peer_group,332.25
1457394306,peer_group,330.39
1457394306,peer_group,325.40
1457394306,peer_group,314.21
1457394306,peer_group,309.97
1457394306,peer_group,307.64
1457394306,peer_group,306.31
1457394306,peer_group,304.06
1457394306,peer_group,301.18
1457394306,peer_group,297.66
1457394306,peer_group,296.51
1457394306,peer_group,294.41
1457394306,peer_group,293.73
1457394306,peer_group,292.47
1457394306,peer_group,291.27
1457394306,peer_group,290.76
1457394306,peer_group,284.00
1457394306,peer_group,283.61
1457394306,peer_group,280.75
1457394306,peer_group,280.63
1457394306,peer_group,279.85
1457394306,peer_group,278.26
1457394306,peer_group,276.65
1457394306,peer_group,275.23
1457394306,peer_group,272.79
1457394306,peer_group,269.86
1457394306,peer_group,268.43
1457394306,peer_group,265.77
1457394306,peer_group,264.01
1457394306,peer_group,263.45
1457394306,peer_group,256.43
1457394306,peer_group,255.95
1457394306,peer_group,255.61
1457394306,peer_group,252.21
1457394306,peer_group,249.59
1457394306,peer_group,249.11
1457394306,peer_group,248.58
1457394306,peer_group,247.54
1457394306,peer_group,244.55
1457394306,peer_group,243.71
1457394306,peer_group,242.27
1457394306,peer_group,241.26
1457394306,peer_group,239.95
1457394306,peer_group,234.86
1457394306,peer_group,232.96
1457394306,peer_group,229.26
1457394306,peer_group,228.12
1457394306,peer_group,224.24
1457394306,peer_group,221.94
1457394306,peer_group,221.51
1457394306,peer_group,219.51
1457394306,peer_group,219.39
1457394306,peer_group,216.54
1457394306,peer_group,216.27
1457394306,peer_group,215.16
1457394306,peer_group,213.92
1457394306,peer_group,212.80
1457394306,peer_group,212.04
1457394306,peer_group,205.28
1457394306,peer_group,205.02
1457394306,peer_group,202.63
1457394306,peer_group,198.65
1457394306,peer_group,197.97
1457394306,peer_group,196.77
1457394306,peer_group,195.45
1457394306,peer_group,194.14
1457394306,peer_group,192.15
1457394306,peer_group,191.63
1457394306,peer_group,190.92
1457394306,peer_group,190.77
1457394306,peer_group,188.28
1457394306,peer_group,188.21
1457394306,peer_group,188.15
1457394306,peer_group,186.65
1457394306,peer_group,182.90
1457394306,peer_group,180.70
1457394306,peer_group,179.55
1457394306,peer_group,178.60
1457394306,peer_group,178.36
1457394306,peer_group,177.80
1457394306,peer_group,172.75
1457394306,peer_group,171.13
1457394306,peer_group,167.87
1457394306,peer_group,167.45
1457394306,peer_group,165.53
1457394306,peer_group,164.74
1457394306,peer_group,163.12
1457394306,peer_group,160.51
1457394306,peer_group,159.80
1457394306,peer_group,159.70
1457394306,peer_group,157.65
1457394306,peer_group,157.02
1457394306,peer_group,155.79
1457394306,peer_group,155.18
1457394306,peer_group,154.31
1457394306,peer_group,151.95
1457394306,peer_group,150.48
1457394306,peer_group,149.95
1457394306,peer_group,147.82
1457394306,peer_group,147.42
1457394306,peer_group,146.87
1457394306,peer_group,145.58
1457394306,peer_group,145.23
1457394306,peer_group,144.21
1457394306,peer_group,143.93
1457394306,peer_group,143.82
1457394306,peer_group,142.83
1457394306,peer_group,142.73
1457394306,peer_group,142.42
1457394306,peer_group,142.04
1457394306,peer_group,140.81
1457394306,peer_group,140.43
1457394306,peer_group,139.58
1457394306,peer_group,137.07
1457394306,peer_group,136.03
1457394306,peer_group,135.83
1457394306,peer_group,135.60
1457394306,peer_group,135.43
1457394306,peer_group,134.62
1457394306,peer_group,134.55
1457394306,peer_group,133.14
1457394306,peer_group,132.01
1457394306,peer_group,131.05
1457394306,peer_group,129.98
1457394306,peer_group,129.93
1457394306,peer_group,129.22
1457394306,peer_group,129.18
1457394306,peer_group,126.59
1457394306,peer_group,124.37
1457394306,peer_group,123.87
1457394306,peer_group,122.88
1457394306,peer_group,122.64
1457394306,peer_group,122.12
1457394306,peer_group,121.42
1457394306,peer_group,119.08
1457394306,peer_group,118.62
1457394306,peer_group,118.43
1457394306,peer_group,118.24
1457394306,peer_group,118.23
1457394306,peer_group,117.36
1457394306,peer_group,116.54
1457394306,peer_group,115.93
1457394306,peer_group,112.56
1457394306,peer_group,111.26
1457394306,peer_group,110.54
1457394306,peer_group,109.89
1457394306,peer_group,108.70
1457394306,peer_group,107.35
1457394306,peer_group,106.50
1457394306,peer_group,106.19
1457394306,peer_group,105.49
1457394306,peer_group,104.41
1457394306,peer_group,102.53
1457394306,peer_group,102.10
1457394306,peer_group,99.89
1457394306,peer_group,99.88
1457394306,peer_group,97.59
1457394306,peer_group,96.14
1457394306,peer_group,95.37
1457394306,peer_group,94.22
1457394306,peer_group,93.75
1457394306,peer_group,93.68
1457394306,peer_group,93.49
1457394306,peer_group,93.34
1457394306,peer_group,93.27
1457394306,peer_group,92.97
1457394306,peer_group,91.27
1457394306,peer_group,89.95
1457394306,peer_group,89.58
1457394306,peer_group,88.71
1457394306,peer_group,87.87
1457394306,peer_group,87.50
1457394306,peer_group,86.30
1457394306,peer_group,82.98
1457394306,peer_group,82.67
1457394306,peer_group,82.14
1457394306,peer_group,82.02
1457394306,peer_group,79.75
1457394306,peer_group,79.73
1457394306,peer_group,79.67
1457394306,peer_group,79.62
1457394306,peer_group,79.16
1457394306,peer_group,78.42
1457394306,peer_group,76.94
1457394306,peer_group,76.78
1457394306,peer_group,76.14
1457394306,peer_group,72.69
1457394306,peer_group,72.37
1457394306,peer_group,72.29
1457394306,peer_group,72.21
1457394306,peer_group,72.06
1457394306,peer_group,71.38
1457394306,peer_group,70.22
1457394306,peer_group,64.54
1457394306,peer_group,64.13
1457394306,peer_group,64.04
1457394306,peer_group,63.27
1457394306,peer_group,62.98
1457394306,peer_group,62.94
1457394306,peer_group,62.49
1457394306,peer_group,61.92
1457394306,peer_group,61.52
1457394306,peer_group,61.44
1457394306,peer_group,60.49
1457394306,peer_group,58.81
1457394306,peer_group,57.93
1457394306,peer_group,57.31
1457394306,peer_group,54.17
1457394306,peer_group,54.06
1457394306,peer_group,53.62
1457394306,peer_group,53.24
1457394306,peer_group,52.31
1457394306,peer_group,52.16
1457394306,peer_group,52.10
1457394306,peer_group,51.99
1457394306,peer_group,50.65
1457394306,peer_group,49.53
1457394306,peer_group,49.41
1457394306,peer_group,48.89
1457394306,peer_group,48.84
1457394306,peer_group,48.33
1457394306,peer_group,48.25
1457394306,peer_group,48.08
1457394306,peer_group,47.37
1457394306,peer_group,46.91
1457394306,peer_group,46.20
1457394306,peer_group,45.50
1457394306,peer_group,45.40
1457394306,peer_group,45.02
1457394306,peer_group,44.89
1457394306,peer_group,44.62
1457394306,peer_group,44.23
1457394306,peer_group,43.26
1457394306,peer_group,42.64
1457394306,peer_group,42.53
1457394306,peer_group,42.49
1457394306,peer_group,41.95
1457394306,peer_group,41.79
1457394306,peer_group,40.92
1457394306,peer_group,40.89
1457394306,peer_group,40.29
1457394306,peer_group,40.15
1457394306,peer_group,39.53
1457394306,peer_group,38.23
1457394306,peer_group,37.87
1457394306,peer_group,37.04
1457394306,peer_group,36.66
1457394306,peer_group,36.56
1457394306,peer_group,36.39
1457394306,peer_group,36.02
1457394306,peer_group,34.34
1457394306,peer_group,34.16
1457394306,peer_group,33.03
1457394306,peer_group,31.52
1457394306,peer_group,31.37
1457394306,peer_group,31.36
1457394306,peer_group,31.15
1457394306,peer_group,31.10
1457394306,peer_group,29.66
1457394306,peer_group,29.14
1457394306,peer_group,28.95
1457394306,peer_group,28.82
1457394306,peer_group,28.07
1457394306,peer_group,27.32
1457394306,peer_group,27.31
1457394306,peer_group,27.23
1457394306,peer_group,27.16
1457394306,peer_group,26.95
1457394306,peer_group,26.44
1457394306,peer_group,26.12
1457394306,peer_group,25.89
1457394306,peer_group,25.79
1457394306,peer_group,25.73
1457394306,peer_group,25.63
1457394306,peer_group,24.62
1457394306,peer_group,24.08
1457394306,peer_group,22.35
1457394306,peer_group,21.75
1457394306,peer_group,21.33
1457394306,peer_group,20.47
1457394306,peer_group,19.97
1457394306,peer_group,19.92
1457394306,peer_group,19.50
1457394306,peer_group,19.41
1457394306,peer_group,18.86
1457394306,peer_group,17.76
1457394306,peer_group,17.61
1457394306,peer_group,16.93
1457394306,peer_group,15.33
1457394306,peer_group,15.26
1457394306,peer_group,15.02
1457394306,peer_group,14.51
1457394306,peer_group,14.22
1457394306,peer_group,12.59
1457394306,this_provider,9534232.57
1457435760,peer_group,24816436.51
1457435760,peer_group,908820.56
1457435760,peer_group,773675.42
1457435760,peer_group,653804.08
1457435760,peer_group,639473.19
1457435760,peer_group,637023.63
1457435760,peer_group,593334.72
1457435760,peer_group,559039.57
1457435760,peer_group,467411.25
1457435760,peer_group,385175.48
1457435760,peer_group,376347.95
1457435760,peer_group,269329.24
1457435760,peer_group,258956.42
1457435760,peer_group,203056.41
1457435760,peer_group,127908.34
1457435760,peer_group,116408.34
1457435760,peer_group,72768.70
1457435760,peer_group,58310.01
1457435760,peer_group,46490.44
1457435760,peer_group,13667.37
1457435760,peer_group,10984.99
1457435760,peer_group,8981.09
1457435760,peer_group,8917.55
1457435760,peer_group,8815.68
1457435760,peer_group,7266.88
1457435760,peer_group,5710.11
1457435760,peer_group,5587.34
1457435760,peer_group,5188.34
1457435760,peer_group,5072.58
1457435760,peer_group,4969.51
1457435760,peer_group,4559.46
1457435760,peer_group,3057.76
1457435760,peer_group,2866.84
1457435760,peer_group,2852.07
1457435760,peer_group,2482.04
1457435760,peer_group,2425.00
1457435760,peer_group,2392.95
1457435760,peer_group,2369.00
1457435760,peer_group,2340.83
1457435760,peer_group,2296.73
1457435760,peer_group,2229.57
1457435760,peer_group,2204.47
1457435760,peer_group,2121.25
1457435760,peer_group,2117.39
1457435760,peer_group,2113.18
1457435760,peer_group,2001.66
1457435760,peer_group,1879.51
1457435760,peer_group,1851.09
1457435760,peer_group,1813.02
1457435760,peer_group,1756.44
1457435760,peer_group,1724.96
1457435760,peer_group,1699.92
1457435760,peer_group,1512.43
1457435760,peer_group,1495.21
1457435760,peer_group,1485.81
1457435760,peer_group,1480.03
1457435760,peer_group,1475.31
1457435760,peer_group,1474.76
1457435760,peer_group,1465.03
1457435760,peer_group,1435.83
1457435760,peer_group,1403.94
1457435760,peer_group,1403.77
1457435760,peer_group,1347.06
1457435760,peer_group,1334.59
1457435760,peer_group,1318.26
1457435760,peer_group,1295.59
1457435760,peer_group,1286.95
1457435760,peer_group,1241.29
1457435760,peer_group,1190.71
1457435760,peer_group,1190.20
1457435760,peer_group,1187.41
1457435760,peer_group,1182.86
1457435760,peer_group,1180.64
1457435760,peer_group,1180.23
1457435760,peer_group,1140.26
1457435760,peer_group,1113.05
1457435760,peer_group,1110.98
1457435760,peer_group,1104.57
1457435760,peer_group,1104.28
1457435760,peer_group,1098.01
1457435760,peer_group,1085.70
1457435760,peer_group,1081.65
1457435760,peer_group,1071.63
1457435760,peer_group,1070.05
1457435760,peer_group,1043.88
1457435760,peer_group,1026.24
1457435760,peer_group,989.55
1457435760,peer_group,968.26
1457435760,peer_group,920.57
1457435760,peer_group,911.72
1457435760,peer_group,901.18
1457435760,peer_group,898.80
1457435760,peer_group,892.12
1457435760,peer_group,891.23
1457435760,peer_group,875.29
1457435760,peer_group,871.58
1457435760,peer_group,868.96
1457435760,peer_group,864.30
1457435760,peer_group,856.14
1457435760,peer_group,835.66
1457435760,peer_group,832.96
1457435760,peer_group,831.97
1457435760,peer_group,830.33
1457435760,peer_group,826.54
1457435760,peer_group,821.83
1457435760,peer_group,767.05
1457435760,peer_group,765.88
1457435760,peer_group,761.58
1457435760,peer_group,745.63
1457435760,peer_group,734.61
1457435760,peer_group,734.24
1457435760,peer_group,730.64
1457435760,peer_group,728.95
1457435760,peer_group,724.63
1457435760,peer_group,718.82
1457435760,peer_group,716.54
1457435760,peer_group,712.76
1457435760,peer_group,709.35
1457435760,peer_group,702.26
1457435760,peer_group,674.11
1457435760,peer_group,669.88
1457435760,peer_group,655.58
1457435760,peer_group,644.93
1457435760,peer_group,637.80
1457435760,peer_group,620.90
1457435760,peer_group,620.73
1457435760,peer_group,620.29
1457435760,peer_group,619.24
1457435760,peer_group,614.48
1457435760,peer_group,591.20
1457435760,peer_group,574.53
1457435760,peer_group,569.95
1457435760,peer_group,569.79
1457435760,peer_group,565.03
1457435760,peer_group,550.38
1457435760,peer_group,550.34
1457435760,peer_group,540.14
1457435760,peer_group,537.19
1457435760,peer_group,495.33
1457435760,peer_group,487.41
1457435760,peer_group,483.98
1457435760,peer_group,469.03
1457435760,peer_group,464.16
1457435760,peer_group,452.33
1457435760,peer_group,430.61
1457435760,peer_group,429.35
1457435760,peer_group,426.08
1457435760,peer_group,420.58
1457435760,peer_group,419.18
1457435760,peer_group,417.83
1457435760,peer_group,406.42
1457435760,peer_group,403.64
1457435760,peer_group,377.46
1457435760,peer_group,371.56
1457435760,peer_group,370.21
1457435760,peer_group,366.06
1457435760,peer_group,362.33
1457435760,peer_group,361.74
1457435760,peer_group,358.77
1457435760,peer_group,351.00
1457435760,peer_group,349.07
1457435760,peer_group,346.71
1457435760,peer_group,345.10
1457435760,peer_group,343.42
1457435760,peer_group,337.32
1457435760,peer_group,332.25
1457435760,peer_group,327.36
1457435760,peer_group,320.69
1457435760,peer_group,307.97
1457435760,peer_group,302.57
1457435760,peer_group,289.54
1457435760,peer_group,276.17
1457435760,peer_group,275.03
1457435760,peer_group,273.83
1457435760,peer_group,273.81
1457435760,peer_group,272.28
1457435760,peer_group,266.06
1457435760,peer_group,264.78
1457435760,peer_group,263.53
1457435760,peer_group,260.86
1457435760,peer_group,259.61
1457435760,peer_group,258.43
1457435760,peer_group,254.51
1457435760,peer_group,244.72
1457435760,peer_group,244.56
1457435760,peer_group,242.45
1457435760,peer_group,239.88
1457435760,peer_group,237.03
1457435760,peer_group,231.19
1457435760,peer_group,231.07
1457435760,peer_group,229.10
1457435760,peer_group,218.51
1457435760,peer_group,216.73
1457435760,peer_group,215.81
1457435760,peer_group,212.73
1457435760,peer_group,211.31
1457435760,peer_group,211.02
1457435760,peer_group,198.33
1457435760,peer_group,189.36
1457435760,peer_group,181.80
1457435760,peer_group,172.11
1457435760,peer_group,170.12
1457435760,peer_group,168.62
1457435760,peer_group,168.05
1457435760,peer_group,153.66
1457435760,peer_group,150.99
1457435760,peer_group,148.86
1457435760,peer_group,148.09
1457435760,peer_group,140.12
1457435760,peer_group,136.76
1457435760,peer_group,136.64
1457435760,peer_group,136.07
1457435760,peer_group,128.59
1457435760,peer_group,126.44
1457435760,peer_group,124.74
1457435760,peer_group,123.99
1457435760,peer_group,122.12
1457435760,peer_group,120.26
1457435760,peer_group,116.61
1457435760,peer_group,105.15
1457435760,peer_group,103.66
1457435760,peer_group,99.98
1457435760,peer_group,99.21
1457435760,peer_group,94.17
1457435760,peer_group,93.38
1457435760,peer_group,89.40
1457435760,peer_group,89.10
1457435760,peer_group,89.08
1457435760,peer_group,85.91
1457435760,peer_group,83.96
1457435760,peer_group,82.31
1457435760,peer_group,82.07
1457435760,peer_group,81.49
1457435760,peer_group,80.64
1457435760,peer_group,77.50
1457435760,peer_group,76.84
1457435760,peer_group,72.26
1457435760,peer_group,67.08
1457435760,peer_group,63.39
1457435760,peer_group,63.16
1457435760,peer_group,51.25
1457435760,peer_group,47.00
1457435760,peer_group,45.48
1457435760,peer_group,44.74
1457435760,peer_group,42.81
1457435760,peer_group,37.08
1457435760,peer_group,36.61
1457435760,peer_group,32.85
1457435760,peer_group,31.07
1457435760,peer_group,18.59
1457435760,this_provider,24816436.51
1538169388,peer_group,53761887.93
1538169388,peer_group,2155442.93
1538169388,peer_group,215682.64
1538169388,peer_group,174135.20
1538169388,peer_group,146148.52
1538169388,peer_group,119498.76
1538169388,peer_group,113268.18
1538169388,peer_group,110903.33
1538169388,peer_group,69220.27
1538169388,peer_group,60195.43
1538169388,peer_group,59944.87
1538169388,peer_group,59338.23
1538169388,peer_group,40581.08
1538169388,peer_group,31727.66
1538169388,peer_group,30554.86
1538169388,peer_group,27528.97
1538169388,peer_group,25274.90
1538169388,peer_group,24957.98
1538169388,peer_group,20863.00
1538169388,peer_group,16280.93
1538169388,peer_group,13193.59
1538169388,peer_group,12902.03
1538169388,peer_group,11402.29
1538169388,peer_group,10084.70
1538169388,peer_group,8386.01
1538169388,peer_group,8358.82
1538169388,peer_group,7040.89
1538169388,peer_group,6427.63
1538169388,peer_group,6302.22
1538169388,peer_group,6059.23
1538169388,peer_group,5702.70
1538169388,peer_group,5598.85
1538169388,peer_group,5539.11
1538169388,peer_group,5335.63
1538169388,peer_group,5258.41
1538169388,peer_group,5107.27
1538169388,peer_group,4856.66
1538169388,peer_group,4844.71
1538169388,peer_group,4804.93
1538169388,peer_group,4474.74
1538169388,peer_group,4430.21
1538169388,peer_group,4297.71
1538169388,peer_group,4136.58
1538169388,peer_group,4045.20
1538169388,peer_group,4037.20
1538169388,peer_group,4024.19
1538169388,peer_group,3928.00
1538169388,peer_group,3919.73
1538169388,peer_group,3847.65
1538169388,peer_group,3643.79
1538169388,peer_group,3584.52
1538169388,peer_group,3554.04
1538169388,peer_group,3552.39
1538169388,peer_group,3443.78
1538169388,peer_group,3440.21
1538169388,peer_group,3368.28
1538169388,peer_group,3336.39
1538169388,peer_group,3168.48
1538169388,peer_group,3106.37
1538169388,peer_group,2940.86
1538169388,peer_group,2859.50
1538169388,peer_group,2843.77
1538169388,peer_group,2788.92
1538169388,peer_group,2747.91
1538169388,peer_group,2705.43
1538169388,peer_group,2588.89
1538169388,peer_group,2479.25
1538169388,peer_group,2473.39
1538169388,peer_group,2473.34
1538169388,peer_group,2469.48
1538169388,peer_group,2322.12
1538169388,peer_group,2315.07
1538169388,peer_group,2313.16
1538169388,peer_group,2231.32
1538169388,peer_group,2228.03
1538169388,peer_group,2184.13
1538169388,peer_group,2178.85
1538169388,peer_group,2117.35
1538169388,peer_group,2061.40
1538169388,peer_group,2046.01
1538169388,peer_group,1973.55
1538169388,peer_group,1915.77
1538169388,peer_group,1852.90
1538169388,peer_group,1760.39
1538169388,peer_group,1727.48
1538169388,peer_group,1685.62
1538169388,peer_group,1559.09
1538169388,peer_group,1537.19
1538169388,peer_group,1503.91
1538169388,peer_group,1396.66
1538169388,peer_group,1365.23
1538169388,peer_group,1340.54
1538169388,peer_group,1328.00
1538169388,peer_group,1325.90
1538169388,peer_group,1311.47
1538169388,peer_group,1285.22
1538169388,peer_group,1281.62
1538169388,peer_group,1278.42
1538169388,peer_group,1277.57
1538169388,peer_group,1250.38
1538169388,peer_group,1245.58
1538169388,peer_group,1197.94
1538169388,peer_group,1142.35
1538169388,peer_group,1126.04
1538169388,peer_group,1120.00
1538169388,peer_group,1109.13
1538169388,peer_group,1076.93
1538169388,peer_group,1027.90
1538169388,peer_group,970.30
1538169388,peer_group,960.27
1538169388,peer_group,946.63
1538169388,peer_group,936.40
1538169388,peer_group,891.14
1538169388,peer_group,878.53
1538169388,peer_group,868.67
1538169388,peer_group,859.68
1538169388,peer_group,832.59
1538169388,peer_group,778.62
1538169388,peer_group,773.69
1538169388,peer_group,760.94
1538169388,peer_group,754.78
1538169388,peer_group,725.98
1538169388,peer_group,714.34
1538169388,peer_group,695.96
1538169388,peer_group,647.89
1538169388,peer_group,606.31
1538169388,peer_group,600.79
1538169388,peer_group,592.10
1538169388,peer_group,589.31
1538169388,peer_group,581.76
1538169388,peer_group,556.08
1538169388,peer_group,555.40
1538169388,peer_group,546.62
1538169388,peer_group,542.01
1538169388,peer_group,535.68
1538169388,peer_group,530.71
1538169388,peer_group,517.19
1538169388,peer_group,516.25
1538169388,peer_group,501.82
1538169388,peer_group,499.23
1538169388,peer_group,473.36
1538169388,peer_group,467.18
1538169388,peer_group,457.94
1538169388,peer_group,456.52
1538169388,peer_group,445.73
1538169388,peer_group,407.04
1538169388,peer_group,397.11
1538169388,peer_group,376.00
1538169388,peer_group,375.19
1538169388,peer_group,348.79
1538169388,peer_group,341.15
1538169388,peer_group,328.93
1538169388,peer_group,315.31
1538169388,peer_group,314.24
1538169388,peer_group,290.60
1538169388,peer_group,290.56
1538169388,peer_group,289.10
1538169388,peer_group,277.11
1538169388,peer_group,275.62
1538169388,peer_group,255.14
1538169388,peer_group,240.97
1538169388,peer_group,234.68
1538169388,peer_group,232.27
1538169388,peer_group,231.10
1538169388,peer_group,211.53
1538169388,peer_group,196.99
1538169388,peer_group,167.93
1538169388,peer_group,157.83
1538169388,peer_group,148.84
1538169388,peer_group,146.11
1538169388,peer_group,137.74
1538169388,peer_group,137.46
1538169388,peer_group,132.42
1538169388,peer_group,131.44
1538169388,peer_group,104.72
1538169388,this_provider,53761887.93
1578727327,peer_group,44773965.84
1578727327,peer_group,1550800.45
1578727327,peer_group,1362921.93
1578727327,peer_group,1302908.28
1578727327,peer_group,950133.98
1578727327,peer_group,931682.02
1578727327,peer_group,852114.80
1578727327,peer_group,832335.93
1578727327,peer_group,807741.05
1578727327,peer_group,795611.64
1578727327,peer_group,774900.54
1578727327,peer_group,698357.49
1578727327,peer_group,680019.38
1578727327,peer_group,639831.97
1578727327,peer_group,607491.04
1578727327,peer_group,516344.62
1578727327,peer_group,474336.42
1578727327,peer_group,458643.34
1578727327,peer_group,455982.94
1578727327,peer_group,413056.12
1578727327,peer_group,371325.20
1578727327,peer_group,363887.99
1578727327,peer_group,283307.04
1578727327,peer_group,274906.80
1578727327,peer_group,215070.08
1578727327,peer_group,164364.71
1578727327,peer_group,155131.66
1578727327,peer_group,145101.55
1578727327,peer_group,106689.82
1578727327,peer_group,103912.96
1578727327,peer_group,96107.52
1578727327,peer_group,92103.03
1578727327,peer_group,90858.29
1578727327,peer_group,66211.96
1578727327,peer_group,62578.62
1578727327,peer_group,59591.57
1578727327,peer_group,48842.10
1578727327,peer_group,44129.41
1578727327,peer_group,43637.31
1578727327,peer_group,41559.70
1578727327,peer_group,39735.91
1578727327,peer_group,31415.50
1578727327,peer_group,27536.68
1578727327,peer_group,25531.64
1578727327,peer_group,24756.92
1578727327,peer_group,19629.96
1578727327,peer_group,16533.54
1578727327,peer_group,15812.54
1578727327,peer_group,15689.20
1578727327,peer_group,13567.47
1578727327,peer_group,12838.32
1578727327,peer_group,12721.39
1578727327,peer_group,11417.07
1578727327,peer_group,11343.72
1578727327,peer_group,11179.68
1578727327,peer_group,10932.62
1578727327,peer_group,9821.28
1578727327,peer_group,9674.16
1578727327,peer_group,9508.96
1578727327,peer_group,9022.65
1578727327,peer_group,8551.53
1578727327,peer_group,7851.43
1578727327,peer_group,7609.72
1578727327,peer_group,7441.14
1578727327,peer_group,7318.56
1578727327,peer_group,7154.03
1578727327,peer_group,6683.30
1578727327,peer_group,6651.67
1578727327,peer_group,6238.36
1578727327,peer_group,6137.72
1578727327,peer_group,5821.78
1578727327,peer_group,5667.87
1578727327,peer_group,5447.42
1578727327,peer_group,5416.25
1578727327,peer_group,5231.37
1578727327,peer_group,5009.56
1578727327,peer_group,4629.98
1578727327,peer_group,4613.35
1578727327,peer_group,4607.38
1578727327,peer_group,4454.98
1578727327,peer_group,4369.59
1578727327,peer_group,4326.60
1578727327,peer_group,4311.89
1578727327,peer_group,4248.09
1578727327,peer_group,4220.54
1578727327,peer_group,4198.53
1578727327,peer_group,4064.38
1578727327,peer_group,3853.28
1578727327,peer_group,3851.75
1578727327,peer_group,3789.89
1578727327,peer_group,3736.15
1578727327,peer_group,3654.89
1578727327,peer_group,3634.19
1578727327,peer_group,3489.83
1578727327,peer_group,3347.36
1578727327,peer_group,3344.41
1578727327,peer_group,3312.23
1578727327,peer_group,3250.08
1578727327,peer_group,3219.49
1578727327,peer_group,3083.50
1578727327,peer_group,3079.35
1578727327,peer_group,3072.65
1578727327,peer_group,2898.51
1578727327,peer_group,2897.57
1578727327,peer_group,2808.42
1578727327,peer_group,2801.63
1578727327,peer_group,2730.74
1578727327,peer_group,2723.88
1578727327,peer_group,2689.09
1578727327,peer_group,2682.82
1578727327,peer_group,2680.80
1578727327,peer_group,2642.88
1578727327,peer_group,2600.68
1578727327,peer_group,2576.25
1578727327,peer_group,2502.59
1578727327,peer_group,2495.12
1578727327,peer_group,2485.81
1578727327,peer_group,2485.45
1578727327,peer_group,2470.29
1578727327,peer_group,2463.42
1578727327,peer_group,2448.73
1578727327,peer_group,2447.54
1578727327,peer_group,2428.86
1578727327,peer_group,2401.88
1578727327,peer_group,2400.57
1578727327,peer_group,2371.56
1578727327,peer_group,2330.83
1578727327,peer_group,2320.50
1578727327,peer_group,2320.45
1578727327,peer_group,2310.30
1578727327,peer_group,2279.54
1578727327,peer_group,2278.28
1578727327,peer_group,2269.32
1578727327,peer_group,2216.77
1578727327,peer_group,2211.36
1578727327,peer_group,2206.64
1578727327,peer_group,2192.13
1578727327,peer_group,2189.35
1578727327,peer_group,2188.44
1578727327,peer_group,2176.41
1578727327,peer_group,2149.42
1578727327,peer_group,2144.87
1578727327,peer_group,2130.71
1578727327,peer_group,2098.41
1578727327,peer_group,2091.80
1578727327,peer_group,2086.69
1578727327,peer_group,2083.85
1578727327,peer_group,2068.88
1578727327,peer_group,2052.71
1578727327,peer_group,2044.23
1578727327,peer_group,2038.10
1578727327,peer_group,2024.99
1578727327,peer_group,2002.16
1578727327,peer_group,1992.42
1578727327,peer_group,1985.09
1578727327,peer_group,1983.05
1578727327,peer_group,1945.41
1578727327,peer_group,1933.48
1578727327,peer_group,1919.38
1578727327,peer_group,1907.98
1578727327,peer_group,1882.74
1578727327,peer_group,1879.64
1578727327,peer_group,1876.51
1578727327,peer_group,1875.91
1578727327,peer_group,1867.37
1578727327,peer_group,1864.62
1578727327,peer_group,1832.54
1578727327,peer_group,1825.84
1578727327,peer_group,1809.20
1578727327,peer_group,1806.45
1578727327,peer_group,1775.59
1578727327,peer_group,1775.57
1578727327,peer_group,1770.31
1578727327,peer_group,1768.35
1578727327,peer_group,1757.69
1578727327,peer_group,1749.05
1578727327,peer_group,1736.80
1578727327,peer_group,1730.12
1578727327,peer_group,1669.60
1578727327,peer_group,1665.22
1578727327,peer_group,1664.71
1578727327,peer_group,1655.00
1578727327,peer_group,1652.63
1578727327,peer_group,1644.67
1578727327,peer_group,1632.88
1578727327,peer_group,1621.28
1578727327,peer_group,1618.00
1578727327,peer_group,1616.00
1578727327,peer_group,1614.14
1578727327,peer_group,1613.54
1578727327,peer_group,1612.74
1578727327,peer_group,1600.36
1578727327,peer_group,1586.45
1578727327,peer_group,1586.30
1578727327,peer_group,1585.61
1578727327,peer_group,1583.63
1578727327,peer_group,1579.01
1578727327,peer_group,1578.88
1578727327,peer_group,1577.75
1578727327,peer_group,1561.37
1578727327,peer_group,1561.34
1578727327,peer_group,1552.66
1578727327,peer_group,1548.83
1578727327,peer_group,1545.40
1578727327,peer_group,1529.83
1578727327,peer_group,1520.14
1578727327,peer_group,1516.91
1578727327,peer_group,1510.47
1578727327,peer_group,1510.18
1578727327,peer_group,1502.41
1578727327,peer_group,1496.78
1578727327,peer_group,1488.59
1578727327,peer_group,1480.09
1578727327,peer_group,1469.67
1578727327,peer_group,1461.98
1578727327,peer_group,1457.65
1578727327,peer_group,1453.15
1578727327,peer_group,1451.21
1578727327,peer_group,1444.22
1578727327,peer_group,1437.47
1578727327,peer_group,1435.90
1578727327,peer_group,1434.91
1578727327,peer_group,1432.93
1578727327,peer_group,1426.35
1578727327,peer_group,1420.81
1578727327,peer_group,1418.17
1578727327,peer_group,1414.34
1578727327,peer_group,1406.32
1578727327,peer_group,1403.33
1578727327,peer_group,1403.09
1578727327,peer_group,1397.05
1578727327,peer_group,1393.44
1578727327,peer_group,1386.28
1578727327,peer_group,1368.53
1578727327,peer_group,1358.53
1578727327,peer_group,1358.34
1578727327,peer_group,1352.68
1578727327,peer_group,1348.31
1578727327,peer_group,1344.82
1578727327,peer_group,1344.15
1578727327,peer_group,1343.48
1578727327,peer_group,1338.17
1578727327,peer_group,1336.31
1578727327,peer_group,1330.74
1578727327,peer_group,1328.03
1578727327,peer_group,1318.54
1578727327,peer_group,1311.99
1578727327,peer_group,1309.90
1578727327,peer_group,1308.05
1578727327,peer_group,1307.57
1578727327,peer_group,1302.85
1578727327,peer_group,1302.33
1578727327,peer_group,1297.21
1578727327,peer_group,1296.18
1578727327,peer_group,1290.79
1578727327,peer_group,1289.69
1578727327,peer_group,1288.18
1578727327,peer_group,1287.35
1578727327,peer_group,1282.77
1578727327,peer_group,1278.78
1578727327,peer_group,1270.41
1578727327,peer_group,1263.52
1578727327,peer_group,1261.52
1578727327,peer_group,1258.75
1578727327,peer_group,1242.14
1578727327,peer_group,1238.02
1578727327,peer_group,1235.01
1578727327,peer_group,1227.02
1578727327,peer_group,1220.40
1578727327,peer_group,1216.82
1578727327,peer_group,1216.62
1578727327,peer_group,1211.07
1578727327,peer_group,1203.76
1578727327,peer_group,1203.73
1578727327,peer_group,1203.15
1578727327,peer_group,1202.40
1578727327,peer_group,1195.84
1578727327,peer_group,1192.79
1578727327,peer_group,1189.58
1578727327,peer_group,1187.09
1578727327,peer_group,1179.54
1578727327,peer_group,1179.12
1578727327,peer_group,1175.52
1578727327,peer_group,1174.38
1578727327,peer_group,1161.89
1578727327,peer_group,1161.46
1578727327,peer_group,1157.22
1578727327,peer_group,1154.00
1578727327,peer_group,1153.07
1578727327,peer_group,1150.05
1578727327,peer_group,1142.96
1578727327,peer_group,1141.70
1578727327,peer_group,1141.26
1578727327,peer_group,1139.95
1578727327,peer_group,1136.18
1578727327,peer_group,1135.43
1578727327,peer_group,1130.44
1578727327,peer_group,1127.22
1578727327,peer_group,1122.74
1578727327,peer_group,1117.13
1578727327,peer_group,1117.10
1578727327,peer_group,1115.27
1578727327,peer_group,1113.04
1578727327,peer_group,1106.25
1578727327,peer_group,1105.68
1578727327,peer_group,1094.88
1578727327,peer_group,1092.86
1578727327,peer_group,1090.38
1578727327,peer_group,1086.17
1578727327,peer_group,1081.19
1578727327,peer_group,1077.52
1578727327,peer_group,1076.36
1578727327,peer_group,1063.67
1578727327,peer_group,1055.01
1578727327,peer_group,1052.34
1578727327,peer_group,1051.54
1578727327,peer_group,1045.18
1578727327,peer_group,1042.80
1578727327,peer_group,1042.32
1578727327,peer_group,1031.25
1578727327,peer_group,1023.35
1578727327,peer_group,1020.16
1578727327,peer_group,1020.06
1578727327,peer_group,1019.23
1578727327,peer_group,1019.06
1578727327,peer_group,1018.55
1578727327,peer_group,1014.57
1578727327,peer_group,1009.88
1578727327,peer_group,1001.08
1578727327,peer_group,999.97
1578727327,peer_group,996.86
1578727327,peer_group,992.02
1578727327,peer_group,989.28
1578727327,peer_group,986.35
1578727327,peer_group,984.54
1578727327,peer_group,974.74
1578727327,peer_group,973.97
1578727327,peer_group,969.22
1578727327,peer_group,968.95
1578727327,peer_group,965.00
1578727327,peer_group,962.37
1578727327,peer_group,960.63
1578727327,peer_group,960.36
1578727327,peer_group,959.61
1578727327,peer_group,951.18
1578727327,peer_group,947.77
1578727327,peer_group,947.35
1578727327,peer_group,937.13
1578727327,peer_group,935.68
1578727327,peer_group,932.24
1578727327,peer_group,926.24
1578727327,peer_group,920.91
1578727327,peer_group,916.54
1578727327,peer_group,915.07
1578727327,peer_group,914.63
1578727327,peer_group,913.48
1578727327,peer_group,912.49
1578727327,peer_group,912.09
1578727327,peer_group,904.87
1578727327,peer_group,901.76
1578727327,peer_group,897.53
1578727327,peer_group,894.92
1578727327,peer_group,886.78
1578727327,peer_group,884.28
1578727327,peer_group,883.45
1578727327,peer_group,880.39
1578727327,peer_group,879.31
1578727327,peer_group,879.19
1578727327,peer_group,873.40
1578727327,peer_group,860.00
1578727327,peer_group,856.80
1578727327,peer_group,853.54
1578727327,peer_group,853.47
1578727327,peer_group,846.09
1578727327,peer_group,844.01
1578727327,peer_group,835.72
1578727327,peer_group,835.67
1578727327,peer_group,833.38
1578727327,peer_group,833.00
1578727327,peer_group,824.92
1578727327,peer_group,821.29
1578727327,peer_group,820.97
1578727327,peer_group,819.83
1578727327,peer_group,818.55
1578727327,peer_group,818.49
1578727327,peer_group,815.55
1578727327,peer_group,812.31
1578727327,peer_group,808.04
1578727327,peer_group,805.03
1578727327,peer_group,801.88
1578727327,peer_group,800.09
1578727327,peer_group,799.67
1578727327,peer_group,797.28
1578727327,peer_group,796.99
1578727327,peer_group,795.65
1578727327,peer_group,790.98
1578727327,peer_group,788.75
1578727327,peer_group,783.45
1578727327,peer_group,783.18
1578727327,peer_group,781.72
1578727327,peer_group,778.02
1578727327,peer_group,773.58
1578727327,peer_group,772.37
1578727327,peer_group,772.28
1578727327,peer_group,768.83
1578727327,peer_group,765.32
1578727327,peer_group,753.88
1578727327,peer_group,750.90
1578727327,peer_group,750.17
1578727327,peer_group,744.35
1578727327,peer_group,738.07
1578727327,peer_group,734.93
1578727327,peer_group,730.93
1578727327,peer_group,730.41
1578727327,peer_group,727.18
1578727327,peer_group,726.77
1578727327,peer_group,718.42
1578727327,peer_group,718.42
1578727327,peer_group,714.45
1578727327,peer_group,712.83
1578727327,peer_group,712.55
1578727327,peer_group,710.89
1578727327,peer_group,703.44
1578727327,peer_group,696.88
1578727327,peer_group,696.50
1578727327,peer_group,695.07
1578727327,peer_group,694.87
1578727327,peer_group,692.18
1578727327,peer_group,690.77
1578727327,peer_group,686.47
1578727327,peer_group,684.13
1578727327,peer_group,677.03
1578727327,peer_group,675.19
1578727327,peer_group,667.91
1578727327,peer_group,666.37
1578727327,peer_group,664.34
1578727327,peer_group,653.98
1578727327,peer_group,653.13
1578727327,peer_group,645.20
1578727327,peer_group,643.12
1578727327,peer_group,641.48
1578727327,peer_group,640.41
1578727327,peer_group,637.79
1578727327,peer_group,637.77
1578727327,peer_group,635.27
1578727327,peer_group,635.27
1578727327,peer_group,635.20
1578727327,peer_group,632.55
1578727327,peer_group,624.77
1578727327,peer_group,621.39
1578727327,peer_group,610.27
1578727327,peer_group,604.14
1578727327,peer_group,595.35
1578727327,peer_group,594.13
1578727327,peer_group,590.20
1578727327,peer_group,589.65
1578727327,peer_group,588.88
1578727327,peer_group,580.45
1578727327,peer_group,577.96
1578727327,peer_group,573.38
1578727327,peer_group,571.28
1578727327,peer_group,569.06
1578727327,peer_group,568.53
1578727327,peer_group,568.27
1578727327,peer_group,566.16
1578727327,peer_group,560.40
1578727327,peer_group,559.75
1578727327,peer_group,555.53
1578727327,peer_group,552.46
1578727327,peer_group,552.01
1578727327,peer_group,551.48
1578727327,peer_group,548.75
1578727327,peer_group,538.91
1578727327,peer_group,538.70
1578727327,peer_group,537.74
1578727327,peer_group,536.93
1578727327,peer_group,536.40
1578727327,peer_group,535.91
1578727327,peer_group,534.28
1578727327,peer_group,530.08
1578727327,peer_group,524.21
1578727327,peer_group,516.66
1578727327,peer_group,514.80
1578727327,peer_group,514.47
1578727327,peer_group,513.48
1578727327,peer_group,511.23
1578727327,peer_group,504.02
1578727327,peer_group,501.14
1578727327,peer_group,500.67
1578727327,peer_group,499.61
1578727327,peer_group,499.14
1578727327,peer_group,495.60
1578727327,peer_group,493.17
1578727327,peer_group,491.63
1578727327,peer_group,489.96
1578727327,peer_group,487.91
1578727327,peer_group,486.14
1578727327,peer_group,485.21
1578727327,peer_group,482.31
1578727327,peer_group,481.94
1578727327,peer_group,479.79
1578727327,peer_group,474.52
1578727327,peer_group,463.58
1578727327,peer_group,462.35
1578727327,peer_group,460.50
1578727327,peer_group,447.44
1578727327,peer_group,444.83
1578727327,peer_group,442.05
1578727327,peer_group,440.94
1578727327,peer_group,439.30
1578727327,peer_group,438.04
1578727327,peer_group,437.92
1578727327,peer_group,436.46
1578727327,peer_group,435.72
1578727327,peer_group,435.57
1578727327,peer_group,432.61
1578727327,peer_group,431.47
1578727327,peer_group,429.34
1578727327,peer_group,424.89
1578727327,peer_group,417.60
1578727327,peer_group,416.76
1578727327,peer_group,409.99
1578727327,peer_group,401.19
1578727327,peer_group,400.92
1578727327,peer_group,399.75
1578727327,peer_group,396.51
1578727327,peer_group,387.48
1578727327,peer_group,383.80
1578727327,peer_group,382.35
1578727327,peer_group,376.53
1578727327,peer_group,375.84
1578727327,peer_group,375.77
1578727327,peer_group,374.12
1578727327,peer_group,372.84
1578727327,peer_group,368.08
1578727327,peer_group,366.43
1578727327,peer_group,366.34
1578727327,peer_group,364.39
1578727327,peer_group,362.71
1578727327,peer_group,361.39
1578727327,peer_group,358.60
1578727327,peer_group,358.49
1578727327,peer_group,355.86
1578727327,peer_group,354.16
1578727327,peer_group,352.64
1578727327,peer_group,349.80
1578727327,peer_group,347.80
1578727327,peer_group,346.68
1578727327,peer_group,345.81
1578727327,peer_group,342.68
1578727327,peer_group,333.84
1578727327,peer_group,331.91
1578727327,peer_group,330.31
1578727327,peer_group,330.25
1578727327,peer_group,329.92
1578727327,peer_group,319.62
1578727327,peer_group,313.03
1578727327,peer_group,311.93
1578727327,peer_group,311.28
1578727327,peer_group,310.68
1578727327,peer_group,310.63
1578727327,peer_group,305.92
1578727327,peer_group,305.22
1578727327,peer_group,304.38
1578727327,peer_group,304.06
1578727327,peer_group,301.48
1578727327,peer_group,297.63
1578727327,peer_group,287.81
1578727327,peer_group,287.70
1578727327,peer_group,282.69
1578727327,peer_group,279.63
1578727327,peer_group,275.81
1578727327,peer_group,273.67
1578727327,peer_group,271.89
1578727327,peer_group,270.17
1578727327,peer_group,261.27
1578727327,peer_group,258.43
1578727327,peer_group,257.84
1578727327,peer_group,256.19
1578727327,peer_group,256.16
1578727327,peer_group,252.25
1578727327,peer_group,248.35
1578727327,peer_group,247.63
1578727327,peer_group,247.06
1578727327,peer_group,243.47
1578727327,peer_group,243.46
1578727327,peer_group,240.91
1578727327,peer_group,240.28
1578727327,peer_group,231.13
1578727327,peer_group,221.76
1578727327,peer_group,220.72
1578727327,peer_group,220.46
1578727327,peer_group,219.17
1578727327,peer_group,217.51
1578727327,peer_group,216.22
1578727327,peer_group,210.65
1578727327,peer_group,209.02
1578727327,peer_group,203.38
1578727327,peer_group,200.31
1578727327,peer_group,199.95
1578727327,peer_group,196.19
1578727327,peer_group,193.50
1578727327,peer_group,192.92
1578727327,peer_group,192.44
1578727327,peer_group,192.33
1578727327,peer_group,190.43
1578727327,peer_group,189.69
1578727327,peer_group,187.73
1578727327,peer_group,187.03
1578727327,peer_group,186.93
1578727327,peer_group,186.29
1578727327,peer_group,186.08
1578727327,peer_group,185.06
1578727327,peer_group,183.12
1578727327,peer_group,182.13
1578727327,peer_group,179.01
1578727327,peer_group,178.55
1578727327,peer_group,176.18
1578727327,peer_group,173.00
1578727327,peer_group,170.57
1578727327,peer_group,166.00
1578727327,peer_group,164.30
1578727327,peer_group,161.73
1578727327,peer_group,161.06
1578727327,peer_group,157.74
1578727327,peer_group,156.31
1578727327,peer_group,155.30
1578727327,peer_group,155.28
1578727327,peer_group,153.54
1578727327,peer_group,151.97
1578727327,peer_group,150.28
1578727327,peer_group,143.90
1578727327,peer_group,142.88
1578727327,peer_group,142.74
1578727327,peer_group,137.43
1578727327,peer_group,136.35
1578727327,peer_group,130.57
1578727327,peer_group,130.12
1578727327,peer_group,128.26
1578727327,peer_group,126.41
1578727327,peer_group,125.44
1578727327,peer_group,125.24
1578727327,peer_group,117.89
1578727327,peer_group,117.88
1578727327,peer_group,117.41
1578727327,peer_group,115.64
1578727327,peer_group,114.17
1578727327,peer_group,114.12
1578727327,peer_group,112.08
1578727327,peer_group,108.76
1578727327,peer_group,105.92
1578727327,peer_group,105.61
1578727327,peer_group,104.80
1578727327,peer_group,100.53
1578727327,peer_group,100.30
1578727327,peer_group,100.07
1578727327,peer_group,96.59
1578727327,peer_group,95.84
1578727327,peer_group,94.56
1578727327,peer_group,93.47
1578727327,peer_group,89.76
1578727327,peer_group,85.85
1578727327,peer_group,85.61
1578727327,peer_group,84.36
1578727327,peer_group,80.21
1578727327,peer_group,80.09
1578727327,peer_group,78.45
1578727327,peer_group,77.31
1578727327,peer_group,74.33
1578727327,peer_group,73.24
1578727327,peer_group,68.92
1578727327,peer_group,63.59
1578727327,peer_group,58.30
1578727327,peer_group,54.70
1578727327,peer_group,50.13
1578727327,peer_group,46.00
1578727327,peer_group,41.04
1578727327,peer_group,40.10
1578727327,peer_group,38.58
1578727327,peer_group,37.03
1578727327,peer_group,36.85
1578727327,peer_group,33.41
1578727327,peer_group,29.70
1578727327,peer_group,29.00
1578727327,peer_group,25.89
1578727327,peer_group,25.56
1578727327,peer_group,25.52
1578727327,peer_group,24.30
1578727327,peer_group,22.44
1578727327,peer_group,17.97
1578727327,peer_group,12.46
1578727327,this_provider,44773965.84
1598712978,peer_group,24285393.33
1598712978,peer_group,2016036.48
1598712978,peer_group,1906413.13
1598712978,peer_group,1529428.24
1598712978,peer_group,1443149.04
1598712978,peer_group,1229973.29
1598712978,peer_group,1194097.16
1598712978,peer_group,1149390.97
1598712978,peer_group,1147837.84
1598712978,peer_group,1114403.12
1598712978,peer_group,1005926.53
1598712978,peer_group,944001.01
1598712978,peer_group,912733.80
1598712978,peer_group,830861.22
1598712978,peer_group,800110.62
1598712978,peer_group,798883.59
1598712978,peer_group,713604.95
1598712978,peer_group,670811.81
1598712978,peer_group,654597.42
1598712978,peer_group,632550.46
1598712978,peer_group,629670.17
1598712978,peer_group,609948.78
1598712978,peer_group,602129.23
1598712978,peer_group,506286.62
1598712978,peer_group,501566.52
1598712978,peer_group,492816.11
1598712978,peer_group,485810.74
1598712978,peer_group,469287.26
1598712978,peer_group,447610.41
1598712978,peer_group,422638.69
1598712978,peer_group,415407.50
1598712978,peer_group,392727.44
1598712978,peer_group,382084.01
1598712978,peer_group,376894.48
1598712978,peer_group,359156.36
1598712978,peer_group,357864.69
1598712978,peer_group,350106.18
1598712978,peer_group,334343.09
1598712978,peer_group,333381.62
1598712978,peer_group,305403.24
1598712978,peer_group,286212.31
1598712978,peer_group,282937.91
1598712978,peer_group,271497.32
1598712978,peer_group,271286.65
1598712978,peer_group,247724.66
1598712978,peer_group,245719.54
1598712978,peer_group,240931.45
1598712978,peer_group,239486.61
1598712978,peer_group,217035.61
1598712978,peer_group,212289.78
1598712978,peer_group,205162.26
1598712978,peer_group,195504.89
1598712978,peer_group,194997.39
1598712978,peer_group,192087.86
1598712978,peer_group,190952.38
1598712978,peer_group,190500.45
1598712978,peer_group,188860.81
1598712978,peer_group,186262.44
1598712978,peer_group,185789.94
1598712978,peer_group,172882.84
1598712978,peer_group,164799.91
1598712978,peer_group,159191.37
1598712978,peer_group,149017.11
1598712978,peer_group,143506.81
1598712978,peer_group,140034.01
1598712978,peer_group,138777.89
1598712978,peer_group,132464.58
1598712978,peer_group,125875.82
1598712978,peer_group,118546.45
1598712978,peer_group,117327.57
1598712978,peer_group,116237.32
1598712978,peer_group,115084.52
1598712978,peer_group,111326.98
1598712978,peer_group,109183.41
1598712978,peer_group,106985.02
1598712978,peer_group,103604.89
1598712978,peer_group,99648.64
1598712978,peer_group,93709.09
1598712978,peer_group,91698.78
1598712978,peer_group,89361.25
1598712978,peer_group,87053.84
1598712978,peer_group,77336.91
1598712978,peer_group,69441.39
1598712978,peer_group,67898.46
1598712978,peer_group,62784.90
1598712978,peer_group,62351.75
1598712978,peer_group,61854.35
1598712978,peer_group,61162.52
1598712978,peer_group,58631.50
1598712978,peer_group,58173.15
1598712978,peer_group,55239.55
1598712978,peer_group,55097.42
1598712978,peer_group,55071.11
1598712978,peer_group,53382.90
1598712978,peer_group,48872.79
1598712978,peer_group,47662.84
1598712978,peer_group,47482.85
1598712978,peer_group,47264.82
1598712978,peer_group,47250.74
1598712978,peer_group,46945.55
1598712978,peer_group,46896.84
1598712978,peer_group,45004.06
1598712978,peer_group,43818.07
1598712978,peer_group,43120.20
1598712978,peer_group,42938.47
1598712978,peer_group,42916.89
1598712978,peer_group,42603.69
1598712978,peer_group,40911.72
1598712978,peer_group,40121.71
1598712978,peer_group,39682.83
1598712978,peer_group,38201.80
1598712978,peer_group,35987.04
1598712978,peer_group,34474.56
1598712978,peer_group,34268.39
1598712978,peer_group,33431.98
1598712978,peer_group,33140.71
1598712978,peer_group,32430.97
1598712978,peer_group,32112.70
1598712978,peer_group,31841.69
1598712978,peer_group,31328.77
1598712978,peer_group,31087.10
1598712978,peer_group,29651.99
1598712978,peer_group,27807.58
1598712978,peer_group,27444.35
1598712978,peer_group,27074.08
1598712978,peer_group,26838.74
1598712978,peer_group,26256.03
1598712978,peer_group,25558.13
1598712978,peer_group,25405.59
1598712978,peer_group,25066.78
1598712978,peer_group,23432.79
1598712978,peer_group,23177.30
1598712978,peer_group,22630.91
1598712978,peer_group,22177.61
1598712978,peer_group,21737.06
1598712978,peer_group,21392.31
1598712978,peer_group,20951.32
1598712978,peer_group,20852.24
1598712978,peer_group,20385.03
1598712978,peer_group,20001.50
1598712978,peer_group,19890.87
1598712978,peer_group,18260.87
1598712978,peer_group,18165.48
1598712978,peer_group,17599.55
1598712978,peer_group,17463.92
1598712978,peer_group,16955.38
1598712978,peer_group,16776.08
1598712978,peer_group,16720.38
1598712978,peer_group,16509.80
1598712978,peer_group,15860.62
1598712978,peer_group,15738.02
1598712978,peer_group,15727.93
1598712978,peer_group,15494.35
1598712978,peer_group,15129.85
1598712978,peer_group,15116.01
1598712978,peer_group,15107.12
1598712978,peer_group,15005.16
1598712978,peer_group,14951.86
1598712978,peer_group,14761.94
1598712978,peer_group,14731.08
1598712978,peer_group,14373.50
1598712978,peer_group,14163.06
1598712978,peer_group,14125.20
1598712978,peer_group,14098.45
1598712978,peer_group,14040.16
1598712978,peer_group,14021.80
1598712978,peer_group,13578.93
1598712978,peer_group,13229.82
1598712978,peer_group,13139.64
1598712978,peer_group,13054.28
1598712978,peer_group,13025.66
1598712978,peer_group,12821.35
1598712978,peer_group,12796.77
1598712978,peer_group,12594.12
1598712978,peer_group,12529.17
1598712978,peer_group,12371.24
1598712978,peer_group,12085.43
1598712978,peer_group,11900.40
1598712978,peer_group,11874.20
1598712978,peer_group,11827.19
1598712978,peer_group,11658.04
1598712978,peer_group,11601.66
1598712978,peer_group,11587.96
1598712978,peer_group,11567.94
1598712978,peer_group,11476.10
1598712978,peer_group,11408.91
1598712978,peer_group,11146.44
1598712978,peer_group,11092.94
1598712978,peer_group,10993.96
1598712978,peer_group,10951.59
1598712978,peer_group,10905.32
1598712978,peer_group,10904.30
1598712978,peer_group,10858.44
1598712978,peer_group,10845.04
1598712978,peer_group,10761.55
1598712978,peer_group,10757.99
1598712978,peer_group,10667.80
1598712978,peer_group,10507.23
1598712978,peer_group,10423.18
1598712978,peer_group,10413.63
1598712978,peer_group,10365.68
1598712978,peer_group,10306.47
1598712978,peer_group,10047.23
1598712978,peer_group,10018.85
1598712978,peer_group,9925.84
1598712978,peer_group,9889.89
1598712978,peer_group,9814.62
1598712978,peer_group,9765.27
1598712978,peer_group,9745.20
1598712978,peer_group,9472.12
1598712978,peer_group,9467.53
1598712978,peer_group,9435.84
1598712978,peer_group,9395.45
1598712978,peer_group,9392.82
1598712978,peer_group,9292.77
1598712978,peer_group,9258.02
1598712978,peer_group,9144.31
1598712978,peer_group,8933.48
1598712978,peer_group,8928.50
1598712978,peer_group,8791.68
1598712978,peer_group,8788.86
1598712978,peer_group,8539.82
1598712978,peer_group,8532.57
1598712978,peer_group,8526.25
1598712978,peer_group,8509.93
1598712978,peer_group,8393.32
1598712978,peer_group,8366.46
1598712978,peer_group,8294.43
1598712978,peer_group,8243.92
1598712978,peer_group,8148.20
1598712978,peer_group,8116.88
1598712978,peer_group,8084.55
1598712978,peer_group,8080.56
1598712978,peer_group,8058.21
1598712978,peer_group,8027.68
1598712978,peer_group,7981.17
1598712978,peer_group,7950.50
1598712978,peer_group,7774.91
1598712978,peer_group,7707.04
1598712978,peer_group,7668.99
1598712978,peer_group,7595.05
1598712978,peer_group,7574.97
1598712978,peer_group,7565.64
1598712978,peer_group,7453.78
1598712978,peer_group,7453.05
1598712978,peer_group,7435.05
1598712978,peer_group,7395.82
1598712978,peer_group,7305.56
1598712978,peer_group,7176.35
1598712978,peer_group,7030.48
1598712978,peer_group,6966.32
1598712978,peer_group,6940.33
1598712978,peer_group,6902.91
1598712978,peer_group,6895.47
1598712978,peer_group,6851.77
1598712978,peer_group,6740.63
1598712978,peer_group,6737.57
1598712978,peer_group,6689.72
1598712978,peer_group,6672.11
1598712978,peer_group,6643.00
1598712978,peer_group,6642.08
1598712978,peer_group,6570.98
1598712978,peer_group,6478.43
1598712978,peer_group,6473.73
1598712978,peer_group,6406.66
1598712978,peer_group,6326.17
1598712978,peer_group,6298.23
1598712978,peer_group,6288.57
1598712978,peer_group,6280.22
1598712978,peer_group,6254.21
1598712978,peer_group,6230.26
1598712978,peer_group,6215.35
1598712978,peer_group,6213.30
1598712978,peer_group,6205.85
1598712978,peer_group,6192.41
1598712978,peer_group,6176.13
1598712978,peer_group,6169.66
1598712978,peer_group,6055.19
1598712978,peer_group,6047.79
1598712978,peer_group,6042.73
1598712978,peer_group,6036.67
1598712978,peer_group,6012.48
1598712978,peer_group,5969.19
1598712978,peer_group,5955.50
1598712978,peer_group,5945.17
1598712978,peer_group,5937.48
1598712978,peer_group,5902.06
1598712978,peer_group,5797.90
1598712978,peer_group,5747.81
1598712978,peer_group,5728.29
1598712978,peer_group,5675.44
1598712978,peer_group,5671.06
1598712978,peer_group,5640.96
1598712978,peer_group,5605.22
1598712978,peer_group,5547.84
1598712978,peer_group,5532.11
1598712978,peer_group,5509.45
1598712978,peer_group,5492.90
1598712978,peer_group,5435.04
1598712978,peer_group,5432.30
1598712978,peer_group,5376.15
1598712978,peer_group,5365.68
1598712978,peer_group,5338.21
1598712978,peer_group,5274.27
1598712978,peer_group,5272.00
1598712978,peer_group,5247.67
1598712978,peer_group,5238.48
1598712978,peer_group,5227.97
1598712978,peer_group,5192.79
1598712978,peer_group,5159.99
1598712978,peer_group,5151.04
1598712978,peer_group,5143.79
1598712978,peer_group,5138.61
1598712978,peer_group,5098.61
1598712978,peer_group,5085.23
1598712978,peer_group,5083.68
1598712978,peer_group,5070.56
1598712978,peer_group,5051.12
1598712978,peer_group,5030.42
1598712978,peer_group,5021.09
1598712978,peer_group,5015.76
1598712978,peer_group,5007.48
1598712978,peer_group,4968.71
1598712978,peer_group,4941.52
1598712978,peer_group,4882.25
1598712978,peer_group,4875.78
1598712978,peer_group,4838.50
1598712978,peer_group,4826.09
1598712978,peer_group,4825.49
1598712978,peer_group,4820.78
1598712978,peer_group,4820.01
1598712978,peer_group,4819.01
1598712978,peer_group,4794.33
1598712978,peer_group,4787.93
1598712978,peer_group,4757.26
1598712978,peer_group,4750.03
1598712978,peer_group,4698.60
1598712978,peer_group,4696.75
1598712978,peer_group,4682.29
1598712978,peer_group,4640.13
1598712978,peer_group,4635.05
1598712978,peer_group,4599.88
1598712978,peer_group,4560.58
1598712978,peer_group,4553.69
1598712978,peer_group,4479.50
1598712978,peer_group,4452.94
1598712978,peer_group,4445.02
1598712978,peer_group,4439.96
1598712978,peer_group,4433.38
1598712978,peer_group,4414.96
1598712978,peer_group,4412.93
1598712978,peer_group,4411.93
1598712978,peer_group,4397.68
1598712978,peer_group,4390.60
1598712978,peer_group,4388.92
1598712978,peer_group,4355.83
1598712978,peer_group,4337.81
1598712978,peer_group,4300.20
1598712978,peer_group,4291.59
1598712978,peer_group,4290.73
1598712978,peer_group,4288.26
1598712978,peer_group,4271.95
1598712978,peer_group,4268.59
1598712978,peer_group,4245.64
1598712978,peer_group,4212.64
1598712978,peer_group,4174.77
1598712978,peer_group,4172.04
1598712978,peer_group,4109.86
1598712978,peer_group,4107.04
1598712978,peer_group,4103.21
1598712978,peer_group,4100.47
1598712978,peer_group,4055.79
1598712978,peer_group,4049.95
1598712978,peer_group,4040.75
1598712978,peer_group,4038.73
1598712978,peer_group,4032.50
1598712978,peer_group,4025.96
1598712978,peer_group,4009.58
1598712978,peer_group,3995.34
1598712978,peer_group,3973.06
1598712978,peer_group,3966.99
1598712978,peer_group,3961.94
1598712978,peer_group,3950.13
1598712978,peer_group,3944.61
1598712978,peer_group,3941.58
1598712978,peer_group,3897.04
1598712978,peer_group,3891.45
1598712978,peer_group,3877.57
1598712978,peer_group,3870.21
1598712978,peer_group,3861.02
1598712978,peer_group,3838.70
1598712978,peer_group,3833.03
1598712978,peer_group,3828.02
1598712978,peer_group,3822.50
1598712978,peer_group,3803.16
1598712978,peer_group,3786.15
1598712978,peer_group,3780.00
1598712978,peer_group,3772.66
1598712978,peer_group,3761.84
1598712978,peer_group,3754.47
1598712978,peer_group,3753.70
1598712978,peer_group,3730.46
1598712978,peer_group,3729.96
1598712978,peer_group,3724.01
1598712978,peer_group,3702.85
1598712978,peer_group,3679.91
1598712978,peer_group,3676.28
1598712978,peer_group,3665.85
1598712978,peer_group,3655.78
1598712978,peer_group,3651.69
1598712978,peer_group,3651.44
1598712978,peer_group,3651.37
1598712978,peer_group,3648.53
1598712978,peer_group,3646.66
1598712978,peer_group,3642.07
1598712978,peer_group,3633.81
1598712978,peer_group,3629.08
1598712978,peer_group,3628.60
1598712978,peer_group,3620.53
1598712978,peer_group,3605.55
1598712978,peer_group,3596.12
1598712978,peer_group,3588.85
1598712978,peer_group,3546.19
1598712978,peer_group,3541.35
1598712978,peer_group,3537.89
1598712978,peer_group,3531.41
1598712978,peer_group,3522.21
1598712978,peer_group,3510.78
1598712978,peer_group,3506.14
1598712978,peer_group,3501.22
1598712978,peer_group,3484.74
1598712978,peer_group,3481.89
1598712978,peer_group,3461.35
1598712978,peer_group,3458.32
1598712978,peer_group,3457.51
1598712978,peer_group,3446.27
1598712978,peer_group,3441.32
1598712978,peer_group,3440.89
1598712978,peer_group,3422.65
1598712978,peer_group,3409.42
1598712978,peer_group,3387.50
1598712978,peer_group,3378.54
1598712978,peer_group,3372.45
1598712978,peer_group,3364.29
1598712978,peer_group,3359.86
1598712978,peer_group,3358.15
1598712978,peer_group,3355.82
1598712978,peer_group,3345.86
1598712978,peer_group,3343.78
1598712978,peer_group,3332.83
1598712978,peer_group,3323.49
1598712978,peer_group,3323.34
1598712978,peer_group,3317.69
1598712978,peer_group,3316.29
1598712978,peer_group,3309.30
1598712978,peer_group,3304.81
1598712978,peer_group,3295.51
1598712978,peer_group,3293.70
1598712978,peer_group,3292.67
1598712978,peer_group,3286.41
1598712978,peer_group,3284.68
1598712978,peer_group,3270.58
1598712978,peer_group,3266.08
1598712978,peer_group,3264.38
1598712978,peer_group,3245.67
1598712978,peer_group,3244.36
1598712978,peer_group,3241.55
1598712978,peer_group,3240.67
1598712978,peer_group,3239.93
1598712978,peer_group,3224.42
1598712978,peer_group,3224.22
1598712978,peer_group,3221.78
1598712978,peer_group,3214.93
1598712978,peer_group,3214.00
1598712978,peer_group,3204.08
1598712978,peer_group,3202.75
1598712978,peer_group,3200.20
1598712978,peer_group,3194.72
1598712978,peer_group,3175.84
1598712978,peer_group,3171.78
1598712978,peer_group,3138.69
1598712978,peer_group,3137.62
1598712978,peer_group,3135.71
1598712978,peer_group,3125.86
1598712978,peer_group,3123.35
1598712978,peer_group,3122.26
1598712978,peer_group,3121.07
1598712978,peer_group,3120.89
1598712978,peer_group,3116.76
1598712978,peer_group,3116.68
1598712978,peer_group,3115.64
1598712978,peer_group,3110.41
1598712978,peer_group,3092.47
1598712978,peer_group,3084.21
1598712978,peer_group,3083.53
1598712978,peer_group,3072.10
1598712978,peer_group,3071.29
1598712978,peer_group,3053.31
1598712978,peer_group,3041.39
1598712978,peer_group,3032.90
1598712978,peer_group,3028.67
1598712978,peer_group,3028.19
1598712978,peer_group,3013.48
1598712978,peer_group,3012.52
1598712978,peer_group,3010.67
1598712978,peer_group,3002.84
1598712978,peer_group,2995.92
1598712978,peer_group,2995.03
1598712978,peer_group,2991.37
1598712978,peer_group,2986.29
1598712978,peer_group,2982.20
1598712978,peer_group,2981.17
1598712978,peer_group,2978.24
1598712978,peer_group,2969.93
1598712978,peer_group,2963.62
1598712978,peer_group,2957.04
1598712978,peer_group,2955.67
1598712978,peer_group,2954.36
1598712978,peer_group,2935.89
1598712978,peer_group,2932.82
1598712978,peer_group,2930.72
1598712978,peer_group,2929.21
1598712978,peer_group,2926.75
1598712978,peer_group,2924.66
1598712978,peer_group,2924.66
1598712978,peer_group,2922.02
1598712978,peer_group,2921.77
1598712978,peer_group,2917.41
1598712978,peer_group,2910.15
1598712978,peer_group,2909.84
1598712978,peer_group,2907.53
1598712978,peer_group,2895.79
1598712978,peer_group,2895.54
1598712978,peer_group,2895.12
1598712978,peer_group,2893.91
1598712978,peer_group,2889.76
1598712978,peer_group,2877.06
1598712978,peer_group,2872.98
1598712978,peer_group,2867.15
1598712978,peer_group,2862.44
1598712978,peer_group,2859.83
1598712978,peer_group,2859.52
1598712978,peer_group,2856.79
1598712978,peer_group,2830.12
1598712978,peer_group,2814.73
1598712978,peer_group,2808.07
1598712978,peer_group,2801.48
1598712978,peer_group,2801.46
1598712978,peer_group,2793.57
1598712978,peer_group,2789.61
1598712978,peer_group,2782.94
1598712978,peer_group,2777.84
1598712978,peer_group,2772.07
1598712978,peer_group,2771.35
1598712978,peer_group,2771.11
1598712978,peer_group,2768.82
1598712978,peer_group,2761.93
1598712978,peer_group,2755.28
1598712978,peer_group,2749.58
1598712978,peer_group,2748.99
1598712978,peer_group,2748.58
1598712978,peer_group,2745.06
1598712978,peer_group,2744.65
1598712978,peer_group,2743.11
1598712978,peer_group,2741.47
1598712978,peer_group,2739.33
1598712978,peer_group,2738.49
1598712978,peer_group,2737.07
1598712978,peer_group,2736.93
1598712978,peer_group,2736.41
1598712978,peer_group,2732.73
1598712978,peer_group,2719.92
1598712978,peer_group,2716.24
1598712978,peer_group,2716.20
1598712978,peer_group,2701.25
1598712978,peer_group,2701.03
1598712978,peer_group,2695.79
1598712978,peer_group,2684.54
1598712978,peer_group,2681.85
1598712978,peer_group,2681.30
1598712978,peer_group,2667.50
1598712978,peer_group,2662.39
1598712978,peer_group,2655.61
1598712978,peer_group,2655.11
1598712978,peer_group,2646.85
1598712978,peer_group,2639.37
1598712978,peer_group,2639.12
1598712978,peer_group,2638.91
1598712978,peer_group,2637.17
1598712978,peer_group,2635.99
1598712978,peer_group,2628.63
1598712978,peer_group,2628.26
1598712978,peer_group,2625.70
1598712978,peer_group,2620.97
1598712978,peer_group,2613.88
1598712978,peer_group,2613.17
1598712978,peer_group,2610.22
1598712978,peer_group,2599.07
1598712978,peer_group,2598.67
1598712978,peer_group,2587.44
1598712978,peer_group,2578.54
1598712978,peer_group,2573.85
1598712978,peer_group,2563.86
1598712978,peer_group,2559.21
1598712978,peer_group,2540.79
1598712978,peer_group,2525.24
1598712978,peer_group,2525.17
1598712978,peer_group,2517.29
1598712978,peer_group,2510.72
1598712978,peer_group,2509.74
1598712978,peer_group,2503.14
1598712978,peer_group,2490.19
1598712978,peer_group,2485.36
1598712978,peer_group,2481.74
1598712978,peer_group,2479.94
1598712978,peer_group,2474.16
1598712978,peer_group,2470.09
1598712978,peer_group,2463.96
1598712978,peer_group,2461.15
1598712978,peer_group,2458.37
1598712978,peer_group,2454.73
1598712978,peer_group,2440.24
1598712978,peer_group,2439.46
1598712978,peer_group,2438.87
1598712978,peer_group,2438.60
1598712978,peer_group,2437.80
1598712978,peer_group,2428.35
1598712978,peer_group,2421.45
1598712978,peer_group,2419.85
1598712978,peer_group,2409.92
1598712978,peer_group,2406.17
1598712978,peer_group,2401.82
1598712978,peer_group,2398.24
1598712978,peer_group,2397.68
1598712978,peer_group,2393.12
1598712978,peer_group,2386.45
1598712978,peer_group,2384.87
1598712978,peer_group,2380.16
1598712978,peer_group,2379.50
1598712978,peer_group,2378.92
1598712978,peer_group,2369.90
1598712978,peer_group,2369.28
1598712978,peer_group,2364.68
1598712978,peer_group,2361.64
1598712978,peer_group,2354.69
1598712978,peer_group,2346.64
1598712978,peer_group,2342.59
1598712978,peer_group,2341.20
1598712978,peer_group,2338.48
1598712978,peer_group,2338.21
1598712978,peer_group,2329.58
1598712978,peer_group,2327.68
1598712978,peer_group,2320.53
1598712978,peer_group,2318.55
1598712978,peer_group,2316.77
1598712978,peer_group,2314.19
1598712978,peer_group,2313.42
1598712978,peer_group,2293.45
1598712978,peer_group,2291.59
1598712978,peer_group,2280.78
1598712978,peer_group,2269.23
1598712978,peer_group,2265.96
1598712978,peer_group,2254.49
1598712978,peer_group,2238.85
1598712978,peer_group,2233.14
1598712978,peer_group,2231.36
1598712978,peer_group,2229.83
1598712978,peer_group,2224.39
1598712978,peer_group,2224.33
1598712978,peer_group,2220.65
1598712978,peer_group,2219.55
1598712978,peer_group,2218.20
1598712978,peer_group,2217.69
1598712978,peer_group,2213.72
1598712978,peer_group,2212.25
1598712978,peer_group,2208.05
1598712978,peer_group,2207.85
1598712978,peer_group,2204.73
1598712978,peer_group,2200.22
1598712978,peer_group,2195.88
1598712978,peer_group,2191.02
1598712978,peer_group,2188.74
1598712978,peer_group,2188.05
1598712978,peer_group,2183.21
1598712978,peer_group,2173.34
1598712978,peer_group,2170.75
1598712978,peer_group,2169.31
1598712978,peer_group,2167.28
1598712978,peer_group,2165.70
1598712978,peer_group,2165.00
1598712978,peer_group,2164.69
1598712978,peer_group,2160.96
1598712978,peer_group,2155.37
1598712978,peer_group,2153.61
1598712978,peer_group,2153.15
1598712978,peer_group,2147.29
1598712978,peer_group,2145.18
1598712978,peer_group,2144.31
1598712978,peer_group,2144.14
1598712978,peer_group,2141.18
1598712978,peer_group,2138.20
1598712978,peer_group,2137.64
1598712978,peer_group,2135.83
1598712978,peer_group,2135.52
1598712978,peer_group,2125.41
1598712978,peer_group,2123.17
1598712978,peer_group,2114.97
1598712978,peer_group,2109.54
1598712978,peer_group,2108.55
1598712978,peer_group,2108.10
1598712978,peer_group,2107.98
1598712978,peer_group,2107.09
1598712978,peer_group,2103.38
1598712978,peer_group,2100.74
1598712978,peer_group,2099.46
1598712978,peer_group,2097.79
1598712978,peer_group,2090.23
1598712978,peer_group,2087.29
1598712978,peer_group,2086.06
1598712978,peer_group,2083.96
1598712978,peer_group,2083.15
1598712978,peer_group,2079.32
1598712978,peer_group,2078.92
1598712978,peer_group,2078.91
1598712978,peer_group,2078.19
1598712978,peer_group,2071.69
1598712978,peer_group,2071.48
1598712978,peer_group,2065.58
1598712978,peer_group,2064.22
1598712978,peer_group,2063.51
1598712978,peer_group,2063.50
1598712978,peer_group,2063.16
1598712978,peer_group,2063.11
1598712978,peer_group,2054.89
1598712978,peer_group,2049.51
1598712978,peer_group,2047.86
1598712978,peer_group,2046.99
1598712978,peer_group,2042.15
1598712978,peer_group,2040.08
1598712978,peer_group,2039.68
1598712978,peer_group,2039.02
1598712978,peer_group,2035.85
1598712978,peer_group,2032.18
1598712978,peer_group,2031.67
1598712978,peer_group,2030.53
1598712978,peer_group,2027.83
1598712978,peer_group,2023.40
1598712978,peer_group,2022.89
1598712978,peer_group,2018.49
1598712978,peer_group,2016.68
1598712978,peer_group,2014.02
1598712978,peer_group,2013.60
1598712978,peer_group,2003.67
1598712978,peer_group,2001.77
1598712978,peer_group,1998.98
1598712978,peer_group,1998.31
1598712978,peer_group,1994.95
1598712978,peer_group,1992.87
1598712978,peer_group,1992.87
1598712978,peer_group,1991.88
1598712978,peer_group,1991.40
1598712978,peer_group,1991.17
1598712978,peer_group,1990.78
1598712978,peer_group,1989.86
1598712978,peer_group,1985.71
1598712978,peer_group,1985.41
1598712978,peer_group,1985.12
1598712978,peer_group,1983.66
1598712978,peer_group,1981.92
1598712978,peer_group,1979.60
1598712978,peer_group,1978.53
1598712978,peer_group,1975.13
1598712978,peer_group,1971.21
1598712978,peer_group,1968.05
1598712978,peer_group,1964.99
1598712978,peer_group,1963.33
1598712978,peer_group,1963.16
1598712978,peer_group,1963.07
1598712978,peer_group,1960.95
1598712978,peer_group,1957.87
1598712978,peer_group,1957.26
1598712978,peer_group,1954.97
1598712978,peer_group,1953.05
1598712978,peer_group,1952.29
1598712978,peer_group,1949.44
1598712978,peer_group,1946.63
1598712978,peer_group,1943.52
1598712978,peer_group,1939.50
1598712978,peer_group,1937.44
1598712978,peer_group,1935.88
1598712978,peer_group,1935.32
1598712978,peer_group,1933.85
1598712978,peer_group,1930.82
1598712978,peer_group,1929.49
1598712978,peer_group,1926.27
1598712978,peer_group,1922.34
1598712978,peer_group,1921.13
1598712978,peer_group,1919.37
1598712978,peer_group,1919.32
1598712978,peer_group,1917.96
1598712978,peer_group,1913.81
1598712978,peer_group,1912.69
1598712978,peer_group,1911.50
1598712978,peer_group,1910.62
1598712978,peer_group,1909.90
1598712978,peer_group,1908.72
1598712978,peer_group,1907.23
1598712978,peer_group,1906.91
1598712978,peer_group,1906.41
1598712978,peer_group,1903.44
1598712978,peer_group,1900.90
1598712978,peer_group,1898.92
1598712978,peer_group,1898.24
1598712978,peer_group,1897.80
1598712978,peer_group,1897.77
1598712978,peer_group,1894.94
1598712978,peer_group,1893.76
1598712978,peer_group,1889.87
1598712978,peer_group,1889.48
1598712978,peer_group,1888.91
1598712978,peer_group,1887.44
1598712978,peer_group,1886.52
1598712978,peer_group,1884.78
1598712978,peer_group,1880.64
1598712978,peer_group,1878.43
1598712978,peer_group,1878.03
1598712978,peer_group,1875.10
1598712978,peer_group,1874.27
1598712978,peer_group,1873.10
1598712978,peer_group,1871.13
1598712978,peer_group,1867.65
1598712978,peer_group,1867.58
1598712978,peer_group,1866.18
1598712978,peer_group,1862.82
1598712978,peer_group,1861.78
1598712978,peer_group,1861.62
1598712978,peer_group,1857.62
1598712978,peer_group,1856.28
1598712978,peer_group,1855.83
1598712978,peer_group,1855.51
1598712978,peer_group,1854.76
1598712978,peer_group,1851.48
1598712978,peer_group,1849.77
1598712978,peer_group,1848.15
1598712978,peer_group,1847.71
1598712978,peer_group,1844.59
1598712978,peer_group,1844.43
1598712978,peer_group,1841.58
1598712978,peer_group,1841.25
1598712978,peer_group,1840.96
1598712978,peer_group,1838.62
1598712978,peer_group,1837.06
1598712978,peer_group,1835.23
1598712978,peer_group,1834.20
1598712978,peer_group,1833.83
1598712978,peer_group,1831.22
1598712978,peer_group,1831.09
1598712978,peer_group,1826.93
1598712978,peer_group,1826.20
1598712978,peer_group,1825.97
1598712978,peer_group,1824.91
1598712978,peer_group,1824.91
1598712978,peer_group,1823.52
1598712978,peer_group,1823.31
1598712978,peer_group,1815.34
1598712978,peer_group,1813.46
1598712978,peer_group,1812.83
1598712978,peer_group,1808.22
1598712978,peer_group,1807.12
1598712978,peer_group,1806.84
1598712978,peer_group,1806.71
1598712978,peer_group,1805.72
1598712978,peer_group,1803.80
1598712978,peer_group,1802.27
1598712978,peer_group,1801.78
1598712978,peer_group,1799.61
1598712978,peer_group,1797.71
1598712978,peer_group,1793.57
1598712978,peer_group,1788.48
1598712978,peer_group,1788.13
1598712978,peer_group,1785.24
1598712978,peer_group,1781.58
1598712978,peer_group,1775.98
1598712978,peer_group,1775.02
1598712978,peer_group,1771.22
1598712978,peer_group,1770.82
1598712978,peer_group,1770.16
1598712978,peer_group,1770.10
1598712978,peer_group,1768.87
1598712978,peer_group,1767.82
1598712978,peer_group,1766.24
1598712978,peer_group,1764.72
1598712978,peer_group,1762.27
1598712978,peer_group,1757.64
1598712978,peer_group,1757.24
1598712978,peer_group,1753.73
1598712978,peer_group,1753.43
1598712978,peer_group,1751.91
1598712978,peer_group,1750.38
1598712978,peer_group,1749.48
1598712978,peer_group,1748.29
1598712978,peer_group,1747.89
1598712978,peer_group,1747.60
1598712978,peer_group,1746.34
1598712978,peer_group,1746.18
1598712978,peer_group,1741.59
1598712978,peer_group,1739.81
1598712978,peer_group,1736.83
1598712978,peer_group,1736.59
1598712978,peer_group,1736.18
1598712978,peer_group,1734.37
1598712978,peer_group,1733.70
1598712978,peer_group,1732.00
1598712978,peer_group,1729.53
1598712978,peer_group,1727.94
1598712978,peer_group,1724.24
1598712978,peer_group,1719.95
1598712978,peer_group,1719.38
1598712978,peer_group,1717.73
1598712978,peer_group,1716.02
1598712978,peer_group,1715.88
1598712978,peer_group,1715.76
1598712978,peer_group,1715.51
1598712978,peer_group,1715.39
1598712978,peer_group,1715.22
1598712978,peer_group,1713.31
1598712978,peer_group,1712.93
1598712978,peer_group,1712.55
1598712978,peer_group,1710.47
1598712978,peer_group,1710.00
1598712978,peer_group,1708.30
1598712978,peer_group,1706.43
1598712978,peer_group,1705.73
1598712978,peer_group,1704.86
1598712978,peer_group,1702.33
1598712978,peer_group,1702.18
1598712978,peer_group,1700.58
1598712978,peer_group,1698.97
1598712978,peer_group,1698.04
1598712978,peer_group,1696.87
1598712978,peer_group,1695.48
1598712978,peer_group,1690.88
1598712978,peer_group,1689.22
1598712978,peer_group,1687.36
1598712978,peer_group,1686.94
1598712978,peer_group,1683.35
1598712978,peer_group,1678.68
1598712978,peer_group,1678.29
1598712978,peer_group,1671.91
1598712978,peer_group,1669.23
1598712978,peer_group,1666.48
1598712978,peer_group,1665.05
1598712978,peer_group,1664.98
1598712978,peer_group,1664.26
1598712978,peer_group,1663.72
1598712978,peer_group,1662.25
1598712978,peer_group,1661.18
1598712978,peer_group,1657.58
1598712978,peer_group,1656.41
1598712978,peer_group,1655.00
1598712978,peer_group,1653.87
1598712978,peer_group,1653.50
1598712978,peer_group,1652.45
1598712978,peer_group,1651.88
1598712978,peer_group,1648.85
1598712978,peer_group,1648.55
1598712978,peer_group,1647.25
1598712978,peer_group,1646.22
1598712978,peer_group,1645.13
1598712978,peer_group,1643.11
1598712978,peer_group,1642.81
1598712978,peer_group,1640.07
1598712978,peer_group,1639.70
1598712978,peer_group,1632.13
1598712978,peer_group,1631.70
1598712978,peer_group,1629.60
1598712978,peer_group,1627.53
1598712978,peer_group,1623.33
1598712978,peer_group,1623.20
1598712978,peer_group,1622.73
1598712978,peer_group,1621.81
1598712978,peer_group,1621.00
1598712978,peer_group,1619.62
1598712978,peer_group,1616.44
1598712978,peer_group,1616.30
1598712978,peer_group,1614.55
1598712978,peer_group,1613.38
1598712978,peer_group,1612.86
1598712978,peer_group,1611.68
1598712978,peer_group,1611.19
1598712978,peer_group,1610.25
1598712978,peer_group,1609.99
1598712978,peer_group,1609.95
1598712978,peer_group,1606.00
1598712978,peer_group,1605.71
1598712978,peer_group,1604.33
1598712978,peer_group,1601.61
1598712978,peer_group,1590.35
1598712978,peer_group,1588.42
1598712978,peer_group,1587.59
1598712978,peer_group,1586.86
1598712978,peer_group,1586.28
1598712978,peer_group,1578.66
1598712978,peer_group,1578.65
1598712978,peer_group,1578.08
1598712978,peer_group,1578.01
1598712978,peer_group,1577.60
1598712978,peer_group,1577.55
1598712978,peer_group,1569.36
1598712978,peer_group,1564.42
1598712978,peer_group,1560.64
1598712978,peer_group,1560.00
1598712978,peer_group,1558.30
1598712978,peer_group,1557.67
1598712978,peer_group,1557.55
1598712978,peer_group,1556.07
1598712978,peer_group,1555.50
1598712978,peer_group,1553.35
1598712978,peer_group,1550.19
1598712978,peer_group,1549.68
1598712978,peer_group,1547.91
1598712978,peer_group,1547.25
1598712978,peer_group,1546.14
1598712978,peer_group,1545.82
1598712978,peer_group,1544.62
1598712978,peer_group,1539.87
1598712978,peer_group,1535.97
1598712978,peer_group,1534.63
1598712978,peer_group,1533.10
1598712978,peer_group,1532.91
1598712978,peer_group,1532.27
1598712978,peer_group,1531.10
1598712978,peer_group,1526.58
1598712978,peer_group,1526.27
1598712978,peer_group,1524.89
1598712978,peer_group,1520.99
1598712978,peer_group,1520.09
1598712978,peer_group,1519.95
1598712978,peer_group,1519.54
1598712978,peer_group,1517.14
1598712978,peer_group,1516.86
1598712978,peer_group,1516.41
1598712978,peer_group,1515.17
1598712978,peer_group,1512.98
1598712978,peer_group,1511.46
1598712978,peer_group,1511.20
1598712978,peer_group,1510.70
1598712978,peer_group,1503.39
1598712978,peer_group,1502.53
1598712978,peer_group,1502.24
1598712978,peer_group,1501.94
1598712978,peer_group,1495.92
1598712978,peer_group,1494.99
1598712978,peer_group,1492.62
1598712978,peer_group,1489.85
1598712978,peer_group,1489.05
1598712978,peer_group,1486.74
1598712978,peer_group,1485.90
1598712978,peer_group,1484.46
1598712978,peer_group,1483.01
1598712978,peer_group,1482.03
1598712978,peer_group,1478.94
1598712978,peer_group,1478.89
1598712978,peer_group,1478.40
1598712978,peer_group,1477.53
1598712978,peer_group,1476.49
1598712978,peer_group,1475.49
1598712978,peer_group,1472.05
1598712978,peer_group,1471.81
1598712978,peer_group,1471.39
1598712978,peer_group,1471.16
1598712978,peer_group,1470.74
1598712978,peer_group,1469.40
1598712978,peer_group,1466.03
1598712978,peer_group,1462.70
1598712978,peer_group,1458.01
1598712978,peer_group,1455.83
1598712978,peer_group,1454.89
1598712978,peer_group,1451.96
1598712978,peer_group,1448.46
1598712978,peer_group,1444.61
1598712978,peer_group,1444.33
1598712978,peer_group,1444.23
1598712978,peer_group,1444.13
1598712978,peer_group,1443.61
1598712978,peer_group,1438.89
1598712978,peer_group,1438.29
1598712978,peer_group,1436.80
1598712978,peer_group,1434.07
1598712978,peer_group,1432.39
1598712978,peer_group,1430.86
1598712978,peer_group,1430.03
1598712978,peer_group,1429.47
1598712978,peer_group,1429.31
1598712978,peer_group,1428.67
1598712978,peer_group,1424.50
1598712978,peer_group,1424.26
1598712978,peer_group,1423.68
1598712978,peer_group,1421.88
1598712978,peer_group,1421.35
1598712978,peer_group,1420.40
1598712978,peer_group,1420.03
1598712978,peer_group,1418.46
1598712978,peer_group,1418.04
1598712978,peer_group,1414.05
1598712978,peer_group,1410.46
1598712978,peer_group,1410.34
1598712978,peer_group,1409.10
1598712978,peer_group,1409.09
1598712978,peer_group,1408.79
1598712978,peer_group,1407.26
1598712978,peer_group,1406.96
1598712978,peer_group,1402.35
1598712978,peer_group,1399.10
1598712978,peer_group,1396.88
1598712978,peer_group,1395.75
1598712978,peer_group,1395.74
1598712978,peer_group,1392.86
1598712978,peer_group,1389.55
1598712978,peer_group,1388.46
1598712978,peer_group,1388.45
1598712978,peer_group,1386.29
1598712978,peer_group,1384.45
1598712978,peer_group,1383.73
1598712978,peer_group,1383.65
1598712978,peer_group,1383.06
1598712978,peer_group,1382.75
1598712978,peer_group,1381.66
1598712978,peer_group,1381.46
1598712978,peer_group,1380.86
1598712978,peer_group,1380.66
1598712978,peer_group,1380.09
1598712978,peer_group,1379.83
1598712978,peer_group,1379.43
1598712978,peer_group,1370.89
1598712978,peer_group,1368.60
1598712978,peer_group,1367.61
1598712978,peer_group,1362.97
1598712978,peer_group,1361.22
1598712978,peer_group,1360.81
1598712978,peer_group,1355.82
1598712978,peer_group,1355.33
1598712978,peer_group,1354.00
1598712978,peer_group,1352.30
1598712978,peer_group,1352.12
1598712978,peer_group,1350.87
1598712978,peer_group,1348.01
1598712978,peer_group,1347.94
1598712978,peer_group,1345.98
1598712978,peer_group,1345.08
1598712978,peer_group,1342.76
1598712978,peer_group,1340.51
1598712978,peer_group,1335.33
1598712978,peer_group,1335.30
1598712978,peer_group,1334.78
1598712978,peer_group,1333.97
1598712978,peer_group,1330.71
1598712978,peer_group,1329.19
1598712978,peer_group,1327.88
1598712978,peer_group,1327.15
1598712978,peer_group,1327.15
1598712978,peer_group,1326.20
1598712978,peer_group,1322.08
1598712978,peer_group,1321.68
1598712978,peer_group,1320.98
1598712978,peer_group,1319.05
1598712978,peer_group,1316.98
1598712978,peer_group,1314.74
1598712978,peer_group,1313.76
1598712978,peer_group,1312.66
1598712978,peer_group,1312.33
1598712978,peer_group,1309.54
1598712978,peer_group,1309.34
1598712978,peer_group,1309.34
1598712978,peer_group,1308.81
1598712978,peer_group,1307.46
1598712978,peer_group,1307.26
1598712978,peer_group,1306.95
1598712978,peer_group,1304.23
1598712978,peer_group,1303.26
1598712978,peer_group,1302.11
1598712978,peer_group,1300.64
1598712978,peer_group,1300.42
1598712978,peer_group,1300.23
1598712978,peer_group,1298.27
1598712978,peer_group,1297.95
1598712978,peer_group,1297.48
1598712978,peer_group,1295.34
1598712978,peer_group,1294.74
1598712978,peer_group,1294.52
1598712978,peer_group,1294.15
1598712978,peer_group,1292.07
1598712978,peer_group,1291.89
1598712978,peer_group,1291.43
1598712978,peer_group,1290.48
1598712978,peer_group,1290.40
1598712978,peer_group,1289.88
1598712978,peer_group,1289.50
1598712978,peer_group,1289.30
1598712978,peer_group,1287.90
1598712978,peer_group,1286.45
1598712978,peer_group,1286.23
1598712978,peer_group,1284.76
1598712978,peer_group,1283.52
1598712978,peer_group,1282.78
1598712978,peer_group,1282.69
1598712978,peer_group,1282.33
1598712978,peer_group,1281.94
1598712978,peer_group,1279.76
1598712978,peer_group,1279.05
1598712978,peer_group,1278.79
1598712978,peer_group,1277.40
1598712978,peer_group,1277.03
1598712978,peer_group,1276.23
1598712978,peer_group,1275.83
1598712978,peer_group,1274.66
1598712978,peer_group,1272.68
1598712978,peer_group,1271.99
1598712978,peer_group,1271.71
1598712978,peer_group,1271.48
1598712978,peer_group,1271.46
1598712978,peer_group,1271.33
1598712978,peer_group,1271.31
1598712978,peer_group,1270.40
1598712978,peer_group,1269.44
1598712978,peer_group,1267.31
1598712978,peer_group,1264.13
1598712978,peer_group,1263.14
1598712978,peer_group,1260.18
1598712978,peer_group,1259.15
1598712978,peer_group,1258.34
1598712978,peer_group,1258.24
1598712978,peer_group,1257.53
1598712978,peer_group,1257.22
1598712978,peer_group,1257.16
1598712978,peer_group,1256.84
1598712978,peer_group,1256.47
1598712978,peer_group,1255.72
1598712978,peer_group,1255.41
1598712978,peer_group,1253.44
1598712978,peer_group,1253.10
1598712978,peer_group,1249.53
1598712978,peer_group,1249.08
1598712978,peer_group,1248.90
1598712978,peer_group,1246.07
1598712978,peer_group,1245.29
1598712978,peer_group,1243.84
1598712978,peer_group,1242.55
1598712978,peer_group,1241.66
1598712978,peer_group,1239.93
1598712978,peer_group,1238.42
1598712978,peer_group,1238.17
1598712978,peer_group,1237.41
1598712978,peer_group,1236.84
1598712978,peer_group,1235.91
1598712978,peer_group,1235.52
1598712978,peer_group,1233.22
1598712978,peer_group,1231.78
1598712978,peer_group,1231.08
1598712978,peer_group,1229.62
1598712978,peer_group,1228.92
1598712978,peer_group,1227.68
1598712978,peer_group,1227.52
1598712978,peer_group,1226.16
1598712978,peer_group,1225.83
1598712978,peer_group,1224.96
1598712978,peer_group,1224.54
1598712978,peer_group,1223.84
1598712978,peer_group,1222.44
1598712978,peer_group,1222.26
1598712978,peer_group,1222.14
1598712978,peer_group,1222.07
1598712978,peer_group,1221.43
1598712978,peer_group,1221.02
1598712978,peer_group,1220.44
1598712978,peer_group,1219.41
1598712978,peer_group,1219.12
1598712978,peer_group,1217.43
1598712978,peer_group,1216.84
1598712978,peer_group,1216.72
1598712978,peer_group,1216.21
1598712978,peer_group,1216.05
1598712978,peer_group,1213.71
1598712978,peer_group,1210.17
1598712978,peer_group,1209.05
1598712978,peer_group,1209.00
1598712978,peer_group,1208.14
1598712978,peer_group,1206.89
1598712978,peer_group,1206.16
1598712978,peer_group,1206.16
1598712978,peer_group,1205.96
1598712978,peer_group,1203.84
1598712978,peer_group,1201.25
1598712978,peer_group,1196.59
1598712978,peer_group,1195.28
1598712978,peer_group,1193.75
1598712978,peer_group,1192.32
1598712978,peer_group,1191.60
1598712978,peer_group,1191.58
1598712978,peer_group,1190.13
1598712978,peer_group,1189.28
1598712978,peer_group,1188.94
1598712978,peer_group,1187.69
1598712978,peer_group,1184.93
1598712978,peer_group,1184.76
1598712978,peer_group,1183.73
1598712978,peer_group,1182.79
1598712978,peer_group,1182.29
1598712978,peer_group,1181.81
1598712978,peer_group,1181.42
1598712978,peer_group,1180.48
1598712978,peer_group,1178.06
1598712978,peer_group,1177.44
1598712978,peer_group,1177.41
1598712978,peer_group,1177.28
1598712978,peer_group,1177.25
1598712978,peer_group,1177.22
1598712978,peer_group,1177.08
1598712978,peer_group,1174.70
1598712978,peer_group,1173.54
1598712978,peer_group,1172.77
1598712978,peer_group,1172.21
1598712978,peer_group,1171.73
1598712978,peer_group,1170.79
1598712978,peer_group,1170.25
1598712978,peer_group,1169.54
1598712978,peer_group,1169.30
1598712978,peer_group,1166.08
1598712978,peer_group,1165.89
1598712978,peer_group,1165.49
1598712978,peer_group,1163.87
1598712978,peer_group,1161.28
1598712978,peer_group,1158.78
1598712978,peer_group,1158.45
1598712978,peer_group,1155.92
1598712978,peer_group,1154.84
1598712978,peer_group,1152.01
1598712978,peer_group,1151.37
1598712978,peer_group,1151.33
1598712978,peer_group,1149.81
1598712978,peer_group,1149.25
1598712978,peer_group,1148.57
1598712978,peer_group,1147.79
1598712978,peer_group,1147.04
1598712978,peer_group,1146.17
1598712978,peer_group,1145.19
1598712978,peer_group,1144.58
1598712978,peer_group,1144.41
1598712978,peer_group,1144.02
1598712978,peer_group,1142.77
1598712978,peer_group,1142.76
1598712978,peer_group,1140.72
1598712978,peer_group,1140.18
1598712978,peer_group,1138.75
1598712978,peer_group,1137.12
1598712978,peer_group,1133.71
1598712978,peer_group,1133.14
1598712978,peer_group,1132.72
1598712978,peer_group,1129.43
1598712978,peer_group,1128.77
1598712978,peer_group,1127.00
1598712978,peer_group,1126.72
1598712978,peer_group,1125.75
1598712978,peer_group,1124.99
1598712978,peer_group,1124.55
1598712978,peer_group,1124.54
1598712978,peer_group,1123.97
1598712978,peer_group,1123.90
1598712978,peer_group,1123.63
1598712978,peer_group,1123.50
1598712978,peer_group,1122.74
1598712978,peer_group,1122.60
1598712978,peer_group,1120.05
1598712978,peer_group,1119.10
1598712978,peer_group,1116.86
1598712978,peer_group,1114.05
1598712978,peer_group,1112.56
1598712978,peer_group,1112.41
1598712978,peer_group,1112.25
1598712978,peer_group,1110.75
1598712978,peer_group,1105.52
1598712978,peer_group,1103.63
1598712978,peer_group,1102.20
1598712978,peer_group,1101.60
1598712978,peer_group,1100.95
1598712978,peer_group,1100.91
1598712978,peer_group,1096.08
1598712978,peer_group,1095.90
1598712978,peer_group,1094.36
1598712978,peer_group,1092.39
1598712978,peer_group,1091.26
1598712978,peer_group,1091.03
1598712978,peer_group,1090.99
1598712978,peer_group,1090.14
1598712978,peer_group,1089.94
1598712978,peer_group,1088.46
1598712978,peer_group,1088.13
1598712978,peer_group,1087.48
1598712978,peer_group,1086.49
1598712978,peer_group,1084.86
1598712978,peer_group,1084.73
1598712978,peer_group,1084.65
1598712978,peer_group,1084.20
1598712978,peer_group,1082.89
1598712978,peer_group,1082.47
1598712978,peer_group,1081.24
1598712978,peer_group,1081.11
1598712978,peer_group,1080.61
1598712978,peer_group,1079.43
1598712978,peer_group,1079.19
1598712978,peer_group,1078.99
1598712978,peer_group,1078.88
1598712978,peer_group,1077.53
1598712978,peer_group,1076.33
1598712978,peer_group,1074.64
1598712978,peer_group,1074.43
1598712978,peer_group,1072.82
1598712978,peer_group,1071.49
1598712978,peer_group,1070.84
1598712978,peer_group,1070.74
1598712978,peer_group,1067.74
1598712978,peer_group,1066.87
1598712978,peer_group,1066.20
1598712978,peer_group,1065.21
1598712978,peer_group,1065.21
1598712978,peer_group,1064.01
1598712978,peer_group,1063.93
1598712978,peer_group,1062.98
1598712978,peer_group,1062.83
1598712978,peer_group,1059.03
1598712978,peer_group,1058.77
1598712978,peer_group,1057.49
1598712978,peer_group,1057.01
1598712978,peer_group,1055.93
1598712978,peer_group,1055.44
1598712978,peer_group,1053.87
1598712978,peer_group,1053.50
1598712978,peer_group,1053.05
1598712978,peer_group,1051.27
1598712978,peer_group,1051.18
1598712978,peer_group,1049.25
1598712978,peer_group,1048.81
1598712978,peer_group,1048.33
1598712978,peer_group,1046.74
1598712978,peer_group,1046.38
1598712978,peer_group,1045.11
1598712978,peer_group,1043.81
1598712978,peer_group,1043.63
1598712978,peer_group,1043.56
1598712978,peer_group,1043.28
1598712978,peer_group,1040.65
1598712978,peer_group,1040.36
1598712978,peer_group,1039.70
1598712978,peer_group,1039.45
1598712978,peer_group,1037.69
1598712978,peer_group,1036.67
1598712978,peer_group,1036.44
1598712978,peer_group,1035.31
1598712978,peer_group,1033.86
1598712978,peer_group,1033.57
1598712978,peer_group,1031.66
1598712978,peer_group,1030.71
1598712978,peer_group,1028.75
1598712978,peer_group,1028.40
1598712978,peer_group,1026.51
1598712978,peer_group,1025.79
1598712978,peer_group,1024.63
1598712978,peer_group,1024.15
1598712978,peer_group,1024.02
1598712978,peer_group,1022.62
1598712978,peer_group,1022.52
1598712978,peer_group,1019.09
1598712978,peer_group,1017.73
1598712978,peer_group,1015.34
1598712978,peer_group,1015.27
1598712978,peer_group,1013.44
1598712978,peer_group,1010.67
1598712978,peer_group,1010.18
1598712978,peer_group,1008.85
1598712978,peer_group,1007.98
1598712978,peer_group,1007.45
1598712978,peer_group,1006.77
1598712978,peer_group,1005.13
1598712978,peer_group,1004.29
1598712978,peer_group,1004.01
1598712978,peer_group,1003.74
1598712978,peer_group,1002.40
1598712978,peer_group,1002.09
1598712978,peer_group,1001.93
1598712978,peer_group,1001.67
1598712978,peer_group,999.54
1598712978,peer_group,993.23
1598712978,peer_group,992.52
1598712978,peer_group,992.44
1598712978,peer_group,991.71
1598712978,peer_group,990.87
1598712978,peer_group,989.38
1598712978,peer_group,989.38
1598712978,peer_group,988.08
1598712978,peer_group,985.39
1598712978,peer_group,985.34
1598712978,peer_group,984.55
1598712978,peer_group,983.96
1598712978,peer_group,983.33
1598712978,peer_group,982.83
1598712978,peer_group,982.63
1598712978,peer_group,982.22
1598712978,peer_group,982.09
1598712978,peer_group,980.31
1598712978,peer_group,979.94
1598712978,peer_group,979.65
1598712978,peer_group,978.30
1598712978,peer_group,977.30
1598712978,peer_group,976.34
1598712978,peer_group,973.02
1598712978,peer_group,972.27
1598712978,peer_group,968.22
1598712978,peer_group,968.20
1598712978,peer_group,968.08
1598712978,peer_group,967.61
1598712978,peer_group,966.83
1598712978,peer_group,966.01
1598712978,peer_group,964.22
1598712978,peer_group,964.18
1598712978,peer_group,963.43
1598712978,peer_group,960.67
1598712978,peer_group,960.40
1598712978,peer_group,960.32
1598712978,peer_group,957.75
1598712978,peer_group,957.63
1598712978,peer_group,957.22
1598712978,peer_group,953.93
1598712978,peer_group,953.41
1598712978,peer_group,952.88
1598712978,peer_group,951.58
1598712978,peer_group,950.37
1598712978,peer_group,950.27
1598712978,peer_group,948.98
1598712978,peer_group,948.51
1598712978,peer_group,946.72
1598712978,peer_group,946.57
1598712978,peer_group,946.32
1598712978,peer_group,946.25
1598712978,peer_group,944.52
1598712978,peer_group,943.34
1598712978,peer_group,942.52
1598712978,peer_group,941.65
1598712978,peer_group,941.32
1598712978,peer_group,939.61
1598712978,peer_group,939.21
1598712978,peer_group,938.61
1598712978,peer_group,938.60
1598712978,peer_group,937.63
1598712978,peer_group,936.96
1598712978,peer_group,936.70
1598712978,peer_group,936.15
1598712978,peer_group,934.42
1598712978,peer_group,933.99
1598712978,peer_group,933.56
1598712978,peer_group,933.14
1598712978,peer_group,933.07
1598712978,peer_group,932.52
1598712978,peer_group,932.41
1598712978,peer_group,931.90
1598712978,peer_group,931.87
1598712978,peer_group,930.79
1598712978,peer_group,930.59
1598712978,peer_group,930.47
1598712978,peer_group,926.53
1598712978,peer_group,926.51
1598712978,peer_group,925.91
1598712978,peer_group,925.11
1598712978,peer_group,924.91
1598712978,peer_group,923.84
1598712978,peer_group,923.51
1598712978,peer_group,923.35
1598712978,peer_group,921.65
1598712978,peer_group,921.06
1598712978,peer_group,920.40
1598712978,peer_group,919.43
1598712978,peer_group,918.97
1598712978,peer_group,918.77
1598712978,peer_group,917.45
1598712978,peer_group,914.39
1598712978,peer_group,913.29
1598712978,peer_group,912.62
1598712978,peer_group,912.27
1598712978,peer_group,911.31
1598712978,peer_group,911.00
1598712978,peer_group,910.85
1598712978,peer_group,908.90
1598712978,peer_group,908.48
1598712978,peer_group,907.42
1598712978,peer_group,906.27
1598712978,peer_group,905.88
1598712978,peer_group,905.29
1598712978,peer_group,905.26
1598712978,peer_group,904.55
1598712978,peer_group,904.31
1598712978,peer_group,902.69
1598712978,peer_group,901.77
1598712978,peer_group,901.30
1598712978,peer_group,901.10
1598712978,peer_group,900.60
1598712978,peer_group,898.49
1598712978,peer_group,898.06
1598712978,peer_group,894.68
1598712978,peer_group,894.64
1598712978,peer_group,893.50
1598712978,peer_group,893.28
1598712978,peer_group,893.02
1598712978,peer_group,892.31
1598712978,peer_group,892.21
1598712978,peer_group,891.09
1598712978,peer_group,890.88
1598712978,peer_group,890.53
1598712978,peer_group,890.40
1598712978,peer_group,890.40
1598712978,peer_group,887.55
1598712978,peer_group,884.80
1598712978,peer_group,884.78
1598712978,peer_group,882.97
1598712978,peer_group,881.06
1598712978,peer_group,881.05
1598712978,peer_group,880.88
1598712978,peer_group,880.08
1598712978,peer_group,879.18
1598712978,peer_group,877.19
1598712978,peer_group,876.82
1598712978,peer_group,875.58
1598712978,peer_group,875.31
1598712978,peer_group,874.96
1598712978,peer_group,874.80
1598712978,peer_group,874.37
1598712978,peer_group,874.27
1598712978,peer_group,874.19
1598712978,peer_group,873.99
1598712978,peer_group,873.23
1598712978,peer_group,873.03
1598712978,peer_group,870.75
1598712978,peer_group,870.40
1598712978,peer_group,869.63
1598712978,peer_group,869.32
1598712978,peer_group,869.25
1598712978,peer_group,868.90
1598712978,peer_group,868.81
1598712978,peer_group,867.62
1598712978,peer_group,866.45
1598712978,peer_group,864.13
1598712978,peer_group,862.93
1598712978,peer_group,860.49
1598712978,peer_group,859.76
1598712978,peer_group,859.49
1598712978,peer_group,859.44
1598712978,peer_group,859.21
1598712978,peer_group,858.36
1598712978,peer_group,858.20
1598712978,peer_group,857.78
1598712978,peer_group,857.00
1598712978,peer_group,856.90
1598712978,peer_group,856.80
1598712978,peer_group,856.34
1598712978,peer_group,856.31
1598712978,peer_group,856.22
1598712978,peer_group,855.28
1598712978,peer_group,854.96
1598712978,peer_group,854.36
1598712978,peer_group,853.51
1598712978,peer_group,853.15
1598712978,peer_group,852.75
1598712978,peer_group,850.90
1598712978,peer_group,850.73
1598712978,peer_group,850.71
1598712978,peer_group,850.67
1598712978,peer_group,848.64
1598712978,peer_group,848.02
1598712978,peer_group,847.81
1598712978,peer_group,847.73
1598712978,peer_group,847.52
1598712978,peer_group,844.66
1598712978,peer_group,843.36
1598712978,peer_group,843.07
1598712978,peer_group,842.87
1598712978,peer_group,842.73
1598712978,peer_group,842.60
1598712978,peer_group,841.57
1598712978,peer_group,841.15
1598712978,peer_group,840.69
1598712978,peer_group,840.41
1598712978,peer_group,840.17
1598712978,peer_group,839.98
1598712978,peer_group,839.63
1598712978,peer_group,839.42
1598712978,peer_group,839.38
1598712978,peer_group,839.00
1598712978,peer_group,838.81
1598712978,peer_group,838.36
1598712978,peer_group,838.18
1598712978,peer_group,837.54
1598712978,peer_group,836.67
1598712978,peer_group,835.70
1598712978,peer_group,834.93
1598712978,peer_group,834.54
1598712978,peer_group,834.00
1598712978,peer_group,833.22
1598712978,peer_group,832.86
1598712978,peer_group,832.00
1598712978,peer_group,831.63
1598712978,peer_group,831.44
1598712978,peer_group,831.03
1598712978,peer_group,830.59
1598712978,peer_group,830.05
1598712978,peer_group,829.80
1598712978,peer_group,827.80
1598712978,peer_group,827.71
1598712978,peer_group,827.53
1598712978,peer_group,827.26
1598712978,peer_group,823.33
1598712978,peer_group,822.77
1598712978,peer_group,820.66
1598712978,peer_group,819.98
1598712978,peer_group,819.71
1598712978,peer_group,819.63
1598712978,peer_group,819.09
1598712978,peer_group,818.86
1598712978,peer_group,818.70
1598712978,peer_group,818.25
1598712978,peer_group,816.97
1598712978,peer_group,816.63
1598712978,peer_group,815.60
1598712978,peer_group,815.60
1598712978,peer_group,815.56
1598712978,peer_group,815.07
1598712978,peer_group,814.89
1598712978,peer_group,814.80
1598712978,peer_group,812.43
1598712978,peer_group,811.67
1598712978,peer_group,811.29
1598712978,peer_group,811.16
1598712978,peer_group,809.59
1598712978,peer_group,808.52
1598712978,peer_group,808.19
1598712978,peer_group,808.00
1598712978,peer_group,804.66
1598712978,peer_group,803.78
1598712978,peer_group,803.65
1598712978,peer_group,803.52
1598712978,peer_group,801.84
1598712978,peer_group,801.82
1598712978,peer_group,801.80
1598712978,peer_group,801.65
1598712978,peer_group,801.51
1598712978,peer_group,800.75
1598712978,peer_group,800.24
1598712978,peer_group,799.71
1598712978,peer_group,799.50
1598712978,peer_group,798.74
1598712978,peer_group,798.44
1598712978,peer_group,797.52
1598712978,peer_group,797.49
1598712978,peer_group,797.09
1598712978,peer_group,796.86
1598712978,peer_group,796.19
1598712978,peer_group,796.09
1598712978,peer_group,795.56
1598712978,peer_group,795.09
1598712978,peer_group,794.98
1598712978,peer_group,794.62
1598712978,peer_group,794.42
1598712978,peer_group,794.14
1598712978,peer_group,793.39
1598712978,peer_group,792.56
1598712978,peer_group,791.80
1598712978,peer_group,791.70
1598712978,peer_group,791.27
1598712978,peer_group,790.70
1598712978,peer_group,789.95
1598712978,peer_group,789.37
1598712978,peer_group,788.34
1598712978,peer_group,788.32
1598712978,peer_group,788.14
1598712978,peer_group,786.40
1598712978,peer_group,785.30
1598712978,peer_group,785.05
1598712978,peer_group,784.37
1598712978,peer_group,784.18
1598712978,peer_group,781.46
1598712978,peer_group,780.60
1598712978,peer_group,780.59
1598712978,peer_group,780.08
1598712978,peer_group,780.00
1598712978,peer_group,779.72
1598712978,peer_group,779.60
1598712978,peer_group,779.42
1598712978,peer_group,778.17
1598712978,peer_group,777.00
1598712978,peer_group,776.12
1598712978,peer_group,775.47
1598712978,peer_group,774.91
1598712978,peer_group,774.29
1598712978,peer_group,772.79
1598712978,peer_group,770.92
1598712978,peer_group,770.17
1598712978,peer_group,768.58
1598712978,peer_group,768.29
1598712978,peer_group,767.85
1598712978,peer_group,767.30
1598712978,peer_group,767.17
1598712978,peer_group,766.65
1598712978,peer_group,766.01
1598712978,peer_group,765.92
1598712978,peer_group,763.93
1598712978,peer_group,763.84
1598712978,peer_group,763.69
1598712978,peer_group,763.52
1598712978,peer_group,763.33
1598712978,peer_group,760.67
1598712978,peer_group,760.65
1598712978,peer_group,760.14
1598712978,peer_group,759.49
1598712978,peer_group,758.86
1598712978,peer_group,757.10
1598712978,peer_group,756.77
1598712978,peer_group,756.56
1598712978,peer_group,756.05
1598712978,peer_group,756.02
1598712978,peer_group,755.62
1598712978,peer_group,755.32
1598712978,peer_group,754.61
1598712978,peer_group,753.34
1598712978,peer_group,753.17
1598712978,peer_group,752.57
1598712978,peer_group,748.14
1598712978,peer_group,748.14
1598712978,peer_group,748.05
1598712978,peer_group,747.42
1598712978,peer_group,747.41
1598712978,peer_group,747.18
1598712978,peer_group,745.44
1598712978,peer_group,744.93
1598712978,peer_group,742.80
1598712978,peer_group,741.96
1598712978,peer_group,741.08
1598712978,peer_group,741.07
1598712978,peer_group,739.34
1598712978,peer_group,739.01
1598712978,peer_group,738.72
1598712978,peer_group,738.70
1598712978,peer_group,738.23
1598712978,peer_group,738.22
1598712978,peer_group,737.75
1598712978,peer_group,736.94
1598712978,peer_group,736.33
1598712978,peer_group,736.07
1598712978,peer_group,736.03
1598712978,peer_group,735.86
1598712978,peer_group,735.76
1598712978,peer_group,735.73
1598712978,peer_group,735.42
1598712978,peer_group,735.41
1598712978,peer_group,735.30
1598712978,peer_group,733.52
1598712978,peer_group,733.33
1598712978,peer_group,733.31
1598712978,peer_group,732.46
1598712978,peer_group,730.77
1598712978,peer_group,730.39
1598712978,peer_group,730.22
1598712978,peer_group,729.84
1598712978,peer_group,729.79
1598712978,peer_group,729.45
1598712978,peer_group,729.14
1598712978,peer_group,728.06
1598712978,peer_group,728.00
1598712978,peer_group,727.01
1598712978,peer_group,726.62
1598712978,peer_group,725.20
1598712978,peer_group,723.40
1598712978,peer_group,723.18
1598712978,peer_group,721.74
1598712978,peer_group,721.47
1598712978,peer_group,720.71
1598712978,peer_group,720.48
1598712978,peer_group,720.46
1598712978,peer_group,718.51
1598712978,peer_group,717.46
1598712978,peer_group,717.10
1598712978,peer_group,716.45
1598712978,peer_group,716.42
1598712978,peer_group,716.25
1598712978,peer_group,715.45
1598712978,peer_group,715.42
1598712978,peer_group,715.40
1598712978,peer_group,715.17
1598712978,peer_group,715.04
1598712978,peer_group,715.00
1598712978,peer_group,714.48
1598712978,peer_group,713.57
1598712978,peer_group,713.30
1598712978,peer_group,712.31
1598712978,peer_group,712.05
1598712978,peer_group,711.14
1598712978,peer_group,710.45
1598712978,peer_group,710.39
1598712978,peer_group,709.96
1598712978,peer_group,709.24
1598712978,peer_group,708.69
1598712978,peer_group,708.47
1598712978,peer_group,708.40
1598712978,peer_group,708.09
1598712978,peer_group,708.01
1598712978,peer_group,707.03
1598712978,peer_group,706.69
1598712978,peer_group,706.40
1598712978,peer_group,704.02
1598712978,peer_group,703.97
1598712978,peer_group,703.89
1598712978,peer_group,702.72
1598712978,peer_group,701.70
1598712978,peer_group,700.96
1598712978,peer_group,699.72
1598712978,peer_group,699.62
1598712978,peer_group,699.19
1598712978,peer_group,698.88
1598712978,peer_group,698.61
1598712978,peer_group,697.44
1598712978,peer_group,695.80
1598712978,peer_group,695.28
1598712978,peer_group,694.67
1598712978,peer_group,694.47
1598712978,peer_group,693.67
1598712978,peer_group,693.05
1598712978,peer_group,690.30
1598712978,peer_group,690.22
1598712978,peer_group,689.73
1598712978,peer_group,688.66
1598712978,peer_group,688.51
1598712978,peer_group,687.36
1598712978,peer_group,686.89
1598712978,peer_group,686.17
1598712978,peer_group,685.80
1598712978,peer_group,685.34
1598712978,peer_group,684.57
1598712978,peer_group,684.19
1598712978,peer_group,683.81
1598712978,peer_group,683.50
1598712978,peer_group,683.39
1598712978,peer_group,682.83
1598712978,peer_group,682.83
1598712978,peer_group,680.40
1598712978,peer_group,679.35
1598712978,peer_group,679.31
1598712978,peer_group,678.77
1598712978,peer_group,678.72
1598712978,peer_group,677.97
1598712978,peer_group,677.68
1598712978,peer_group,677.12
1598712978,peer_group,677.07
1598712978,peer_group,676.34
1598712978,peer_group,675.85
1598712978,peer_group,674.46
1598712978,peer_group,674.07
1598712978,peer_group,674.02
1598712978,peer_group,673.20
1598712978,peer_group,673.12
1598712978,peer_group,672.22
1598712978,peer_group,670.06
1598712978,peer_group,669.99
1598712978,peer_group,668.95
1598712978,peer_group,668.67
1598712978,peer_group,668.60
1598712978,peer_group,667.28
1598712978,peer_group,666.75
1598712978,peer_group,666.29
1598712978,peer_group,665.64
1598712978,peer_group,665.38
1598712978,peer_group,665.25
1598712978,peer_group,665.07
1598712978,peer_group,664.57
1598712978,peer_group,664.19
1598712978,peer_group,663.44
1598712978,peer_group,663.37
1598712978,peer_group,663.09
1598712978,peer_group,662.59
1598712978,peer_group,662.50
1598712978,peer_group,661.01
1598712978,peer_group,660.83
1598712978,peer_group,660.70
1598712978,peer_group,660.32
1598712978,peer_group,659.26
1598712978,peer_group,658.80
1598712978,peer_group,658.12
1598712978,peer_group,658.03
1598712978,peer_group,657.71
1598712978,peer_group,657.62
1598712978,peer_group,657.51
1598712978,peer_group,657.37
1598712978,peer_group,655.42
1598712978,peer_group,654.77
1598712978,peer_group,654.21
1598712978,peer_group,654.00
1598712978,peer_group,653.25
1598712978,peer_group,651.99
1598712978,peer_group,651.56
1598712978,peer_group,650.67
1598712978,peer_group,649.81
1598712978,peer_group,649.29
1598712978,peer_group,648.81
1598712978,peer_group,647.77
1598712978,peer_group,646.41
1598712978,peer_group,645.81
1598712978,peer_group,645.66
1598712978,peer_group,645.46
1598712978,peer_group,645.35
1598712978,peer_group,644.57
1598712978,peer_group,643.82
1598712978,peer_group,643.81
1598712978,peer_group,643.76
1598712978,peer_group,643.60
1598712978,peer_group,643.44
1598712978,peer_group,643.14
1598712978,peer_group,642.27
1598712978,peer_group,641.76
1598712978,peer_group,641.73
1598712978,peer_group,641.62
1598712978,peer_group,641.61
1598712978,peer_group,640.31
1598712978,peer_group,639.92
1598712978,peer_group,639.25
1598712978,peer_group,639.11
1598712978,peer_group,638.85
1598712978,peer_group,638.71
1598712978,peer_group,636.97
1598712978,peer_group,636.80
1598712978,peer_group,636.72
1598712978,peer_group,636.26
1598712978,peer_group,635.83
1598712978,peer_group,635.03
1598712978,peer_group,634.97
1598712978,peer_group,634.52
1598712978,peer_group,634.21
1598712978,peer_group,633.49
1598712978,peer_group,632.94
1598712978,peer_group,632.33
1598712978,peer_group,632.02
1598712978,peer_group,631.62
1598712978,peer_group,630.90
1598712978,peer_group,630.64
1598712978,peer_group,629.81
1598712978,peer_group,629.65
1598712978,peer_group,629.38
1598712978,peer_group,628.61
1598712978,peer_group,628.48
1598712978,peer_group,628.37
1598712978,peer_group,628.25
1598712978,peer_group,628.00
1598712978,peer_group,626.73
1598712978,peer_group,626.68
1598712978,peer_group,626.17
1598712978,peer_group,625.82
1598712978,peer_group,625.49
1598712978,peer_group,624.68
1598712978,peer_group,624.26
1598712978,peer_group,624.05
1598712978,peer_group,623.82
1598712978,peer_group,623.60
1598712978,peer_group,623.59
1598712978,peer_group,623.37
1598712978,peer_group,622.97
1598712978,peer_group,622.04
1598712978,peer_group,621.69
1598712978,peer_group,621.00
1598712978,peer_group,620.90
1598712978,peer_group,618.32
1598712978,peer_group,615.42
1598712978,peer_group,614.52
1598712978,peer_group,614.29
1598712978,peer_group,612.27
1598712978,peer_group,612.07
1598712978,peer_group,611.76
1598712978,peer_group,611.67
1598712978,peer_group,610.82
1598712978,peer_group,610.43
1598712978,peer_group,610.23
1598712978,peer_group,609.92
1598712978,peer_group,609.82
1598712978,peer_group,609.27
1598712978,peer_group,609.08
1598712978,peer_group,608.36
1598712978,peer_group,607.54
1598712978,peer_group,606.97
1598712978,peer_group,606.74
1598712978,peer_group,605.20
1598712978,peer_group,604.90
1598712978,peer_group,604.45
1598712978,peer_group,604.40
1598712978,peer_group,602.76
1598712978,peer_group,602.29
1598712978,peer_group,601.72
1598712978,peer_group,601.29
1598712978,peer_group,601.07
1598712978,peer_group,600.96
1598712978,peer_group,600.12
1598712978,peer_group,599.93
1598712978,peer_group,599.93
1598712978,peer_group,599.66
1598712978,peer_group,599.42
1598712978,peer_group,599.06
1598712978,peer_group,598.48
1598712978,peer_group,598.11
1598712978,peer_group,597.56
1598712978,peer_group,596.40
1598712978,peer_group,596.17
1598712978,peer_group,596.05
1598712978,peer_group,595.72
1598712978,peer_group,595.62
1598712978,peer_group,595.18
1598712978,peer_group,595.04
1598712978,peer_group,594.97
1598712978,peer_group,594.38
1598712978,peer_group,592.64
1598712978,peer_group,591.69
1598712978,peer_group,591.33
1598712978,peer_group,590.83
1598712978,peer_group,589.98
1598712978,peer_group,589.78
1598712978,peer_group,589.66
1598712978,peer_group,589.25
1598712978,peer_group,589.07
1598712978,peer_group,588.91
1598712978,peer_group,588.90
1598712978,peer_group,588.52
1598712978,peer_group,588.48
1598712978,peer_group,588.39
1598712978,peer_group,588.30
1598712978,peer_group,588.09
1598712978,peer_group,588.02
1598712978,peer_group,587.85
1598712978,peer_group,586.95
1598712978,peer_group,586.67
1598712978,peer_group,586.50
1598712978,peer_group,586.35
1598712978,peer_group,585.74
1598712978,peer_group,585.22
1598712978,peer_group,585.03
1598712978,peer_group,584.11
1598712978,peer_group,583.93
1598712978,peer_group,583.79
1598712978,peer_group,583.28
1598712978,peer_group,581.39
1598712978,peer_group,581.02
1598712978,peer_group,580.89
1598712978,peer_group,580.26
1598712978,peer_group,579.72
1598712978,peer_group,579.22
1598712978,peer_group,578.97
1598712978,peer_group,578.76
1598712978,peer_group,578.59
1598712978,peer_group,577.91
1598712978,peer_group,577.80
1598712978,peer_group,577.46
1598712978,peer_group,577.34
1598712978,peer_group,577.31
1598712978,peer_group,574.84
1598712978,peer_group,574.77
1598712978,peer_group,573.18
1598712978,peer_group,572.69
1598712978,peer_group,572.48
1598712978,peer_group,572.24
1598712978,peer_group,572.18
1598712978,peer_group,571.96
1598712978,peer_group,571.70
1598712978,peer_group,569.90
1598712978,peer_group,568.38
1598712978,peer_group,567.98
1598712978,peer_group,567.77
1598712978,peer_group,566.65
1598712978,peer_group,566.20
1598712978,peer_group,565.73
1598712978,peer_group,565.72
1598712978,peer_group,564.70
1598712978,peer_group,564.40
1598712978,peer_group,563.57
1598712978,peer_group,562.72
1598712978,peer_group,562.53
1598712978,peer_group,562.41
1598712978,peer_group,562.23
1598712978,peer_group,560.97
1598712978,peer_group,560.92
1598712978,peer_group,560.64
1598712978,peer_group,560.30
1598712978,peer_group,560.02
1598712978,peer_group,559.23
1598712978,peer_group,558.01
1598712978,peer_group,556.57
1598712978,peer_group,556.22
1598712978,peer_group,555.97
1598712978,peer_group,555.93
1598712978,peer_group,555.87
1598712978,peer_group,555.49
1598712978,peer_group,553.63
1598712978,peer_group,553.07
1598712978,peer_group,552.97
1598712978,peer_group,552.47
1598712978,peer_group,552.29
1598712978,peer_group,551.60
1598712978,peer_group,550.45
1598712978,peer_group,549.94
1598712978,peer_group,549.93
1598712978,peer_group,549.82
1598712978,peer_group,549.41
1598712978,peer_group,548.39
1598712978,peer_group,547.31
1598712978,peer_group,544.85
1598712978,peer_group,544.41
1598712978,peer_group,543.72
1598712978,peer_group,543.24
1598712978,peer_group,543.02
1598712978,peer_group,542.28
1598712978,peer_group,542.18
1598712978,peer_group,539.12
1598712978,peer_group,539.08
1598712978,peer_group,538.73
1598712978,peer_group,537.53
1598712978,peer_group,536.86
1598712978,peer_group,536.74
1598712978,peer_group,535.55
1598712978,peer_group,534.99
1598712978,peer_group,534.67
1598712978,peer_group,534.59
1598712978,peer_group,533.92
1598712978,peer_group,533.76
1598712978,peer_group,533.59
1598712978,peer_group,533.52
1598712978,peer_group,532.54
1598712978,peer_group,531.91
1598712978,peer_group,530.53
1598712978,peer_group,529.96
1598712978,peer_group,529.82
1598712978,peer_group,527.05
1598712978,peer_group,527.00
1598712978,peer_group,526.83
1598712978,peer_group,526.55
1598712978,peer_group,526.41
1598712978,peer_group,525.43
1598712978,peer_group,524.32
1598712978,peer_group,524.29
1598712978,peer_group,523.86
1598712978,peer_group,523.57
1598712978,peer_group,523.39
1598712978,peer_group,522.92
1598712978,peer_group,522.74
1598712978,peer_group,522.73
1598712978,peer_group,521.10
1598712978,peer_group,520.73
1598712978,peer_group,519.91
1598712978,peer_group,519.40
1598712978,peer_group,519.16
1598712978,peer_group,519.11
1598712978,peer_group,518.77
1598712978,peer_group,518.73
1598712978,peer_group,518.21
1598712978,peer_group,518.01
1598712978,peer_group,517.87
1598712978,peer_group,517.24
1598712978,peer_group,515.91
1598712978,peer_group,515.74
1598712978,peer_group,515.73
1598712978,peer_group,514.25
1598712978,peer_group,514.16
1598712978,peer_group,513.88
1598712978,peer_group,513.64
1598712978,peer_group,513.38
1598712978,peer_group,513.20
1598712978,peer_group,513.12
1598712978,peer_group,512.49
1598712978,peer_group,511.83
1598712978,peer_group,511.74
1598712978,peer_group,509.41
1598712978,peer_group,508.96
1598712978,peer_group,508.23
1598712978,peer_group,507.73
1598712978,peer_group,506.95
1598712978,peer_group,506.67
1598712978,peer_group,506.30
1598712978,peer_group,506.01
1598712978,peer_group,505.61
1598712978,peer_group,505.46
1598712978,peer_group,504.45
1598712978,peer_group,504.34
1598712978,peer_group,503.55
1598712978,peer_group,503.37
1598712978,peer_group,503.14
1598712978,peer_group,502.85
1598712978,peer_group,502.08
1598712978,peer_group,501.50
1598712978,peer_group,501.15
1598712978,peer_group,500.37
1598712978,peer_group,500.07
1598712978,peer_group,498.62
1598712978,peer_group,498.21
1598712978,peer_group,497.98
1598712978,peer_group,497.62
1598712978,peer_group,496.75
1598712978,peer_group,496.26
1598712978,peer_group,496.16
1598712978,peer_group,495.18
1598712978,peer_group,494.79
1598712978,peer_group,494.72
1598712978,peer_group,493.93
1598712978,peer_group,493.79
1598712978,peer_group,493.02
1598712978,peer_group,492.88
1598712978,peer_group,491.66
1598712978,peer_group,490.26
1598712978,peer_group,489.77
1598712978,peer_group,489.56
1598712978,peer_group,489.29
1598712978,peer_group,488.57
1598712978,peer_group,487.92
1598712978,peer_group,487.14
1598712978,peer_group,486.93
1598712978,peer_group,486.67
1598712978,peer_group,485.44
1598712978,peer_group,485.31
1598712978,peer_group,484.95
1598712978,peer_group,484.82
1598712978,peer_group,483.69
1598712978,peer_group,483.49
1598712978,peer_group,483.16
1598712978,peer_group,482.44
1598712978,peer_group,482.34
1598712978,peer_group,482.23
1598712978,peer_group,482.19
1598712978,peer_group,481.93
1598712978,peer_group,481.51
1598712978,peer_group,481.10
1598712978,peer_group,480.68
1598712978,peer_group,479.19
1598712978,peer_group,477.68
1598712978,peer_group,476.90
1598712978,peer_group,476.83
1598712978,peer_group,476.36
1598712978,peer_group,476.21
1598712978,peer_group,475.41
1598712978,peer_group,475.31
1598712978,peer_group,475.16
1598712978,peer_group,474.96
1598712978,peer_group,474.77
1598712978,peer_group,474.28
1598712978,peer_group,473.98
1598712978,peer_group,473.36
1598712978,peer_group,472.92
1598712978,peer_group,472.40
1598712978,peer_group,472.37
1598712978,peer_group,472.25
1598712978,peer_group,471.12
1598712978,peer_group,471.01
1598712978,peer_group,471.01
1598712978,peer_group,468.96
1598712978,peer_group,468.94
1598712978,peer_group,468.88
1598712978,peer_group,468.79
1598712978,peer_group,467.49
1598712978,peer_group,467.27
1598712978,peer_group,466.99
1598712978,peer_group,466.96
1598712978,peer_group,466.07
1598712978,peer_group,466.06
1598712978,peer_group,466.04
1598712978,peer_group,465.99
1598712978,peer_group,465.82
1598712978,peer_group,465.26
1598712978,peer_group,465.11
1598712978,peer_group,464.53
1598712978,peer_group,464.26
1598712978,peer_group,462.69
1598712978,peer_group,461.17
1598712978,peer_group,461.15
1598712978,peer_group,460.94
1598712978,peer_group,460.53
1598712978,peer_group,459.92
1598712978,peer_group,459.36
1598712978,peer_group,459.11
1598712978,peer_group,459.07
1598712978,peer_group,457.96
1598712978,peer_group,457.41
1598712978,peer_group,456.61
1598712978,peer_group,456.40
1598712978,peer_group,455.24
1598712978,peer_group,455.01
1598712978,peer_group,454.64
1598712978,peer_group,454.45
1598712978,peer_group,454.23
1598712978,peer_group,453.62
1598712978,peer_group,453.25
1598712978,peer_group,452.41
1598712978,peer_group,451.86
1598712978,peer_group,451.71
1598712978,peer_group,450.49
1598712978,peer_group,450.12
1598712978,peer_group,449.93
1598712978,peer_group,449.57
1598712978,peer_group,449.57
1598712978,peer_group,449.42
1598712978,peer_group,449.21
1598712978,peer_group,448.44
1598712978,peer_group,448.07
1598712978,peer_group,448.03
1598712978,peer_group,447.65
1598712978,peer_group,446.23
1598712978,peer_group,444.94
1598712978,peer_group,444.77
1598712978,peer_group,444.17
1598712978,peer_group,443.91
1598712978,peer_group,443.71
1598712978,peer_group,442.89
1598712978,peer_group,442.56
1598712978,peer_group,442.11
1598712978,peer_group,440.74
1598712978,peer_group,440.64
1598712978,peer_group,440.19
1598712978,peer_group,438.84
1598712978,peer_group,438.75
1598712978,peer_group,438.60
1598712978,peer_group,438.46
1598712978,peer_group,438.27
1598712978,peer_group,437.59
1598712978,peer_group,437.35
1598712978,peer_group,436.30
1598712978,peer_group,436.09
1598712978,peer_group,434.34
1598712978,peer_group,434.11
1598712978,peer_group,433.85
1598712978,peer_group,433.15
1598712978,peer_group,432.73
1598712978,peer_group,432.54
1598712978,peer_group,430.57
1598712978,peer_group,429.55
1598712978,peer_group,429.50
1598712978,peer_group,429.46
1598712978,peer_group,428.09
1598712978,peer_group,427.56
1598712978,peer_group,427.40
1598712978,peer_group,427.27
1598712978,peer_group,427.23
1598712978,peer_group,426.95
1598712978,peer_group,426.58
1598712978,peer_group,426.50
1598712978,peer_group,426.23
1598712978,peer_group,425.84
1598712978,peer_group,425.21
1598712978,peer_group,425.20
1598712978,peer_group,424.61
1598712978,peer_group,424.42
1598712978,peer_group,423.75
1598712978,peer_group,422.91
1598712978,peer_group,422.33
1598712978,peer_group,422.06
1598712978,peer_group,420.60
1598712978,peer_group,419.82
1598712978,peer_group,419.76
1598712978,peer_group,419.65
1598712978,peer_group,419.45
1598712978,peer_group,417.88
1598712978,peer_group,417.60
1598712978,peer_group,417.20
1598712978,peer_group,416.92
1598712978,peer_group,416.84
1598712978,peer_group,416.78
1598712978,peer_group,416.67
1598712978,peer_group,416.63
1598712978,peer_group,416.62
1598712978,peer_group,415.46
1598712978,peer_group,415.27
1598712978,peer_group,415.00
1598712978,peer_group,414.16
1598712978,peer_group,414.05
1598712978,peer_group,413.82
1598712978,peer_group,412.79
1598712978,peer_group,412.27
1598712978,peer_group,412.16
1598712978,peer_group,411.99
1598712978,peer_group,411.94
1598712978,peer_group,411.78
1598712978,peer_group,411.54
1598712978,peer_group,411.06
1598712978,peer_group,410.99
1598712978,peer_group,410.71
1598712978,peer_group,410.37
1598712978,peer_group,410.27
1598712978,peer_group,410.17
1598712978,peer_group,409.93
1598712978,peer_group,409.87
1598712978,peer_group,408.43
1598712978,peer_group,408.29
1598712978,peer_group,408.16
1598712978,peer_group,407.35
1598712978,peer_group,407.30
1598712978,peer_group,407.16
1598712978,peer_group,406.44
1598712978,peer_group,406.36
1598712978,peer_group,405.39
1598712978,peer_group,404.96
1598712978,peer_group,404.29
1598712978,peer_group,403.13
1598712978,peer_group,402.09
1598712978,peer_group,402.04
1598712978,peer_group,401.71
1598712978,peer_group,401.07
1598712978,peer_group,400.90
1598712978,peer_group,400.89
1598712978,peer_group,400.74
1598712978,peer_group,400.74
1598712978,peer_group,400.39
1598712978,peer_group,399.73
1598712978,peer_group,398.76
1598712978,peer_group,398.50
1598712978,peer_group,397.72
1598712978,peer_group,397.56
1598712978,peer_group,397.54
1598712978,peer_group,397.42
1598712978,peer_group,397.09
1598712978,peer_group,395.94
1598712978,peer_group,395.20
1598712978,peer_group,394.99
1598712978,peer_group,394.94
1598712978,peer_group,394.81
1598712978,peer_group,394.20
1598712978,peer_group,393.48
1598712978,peer_group,393.16
1598712978,peer_group,393.16
1598712978,peer_group,392.50
1598712978,peer_group,392.48
1598712978,peer_group,392.33
1598712978,peer_group,390.30
1598712978,peer_group,389.90
1598712978,peer_group,389.42
1598712978,peer_group,388.78
1598712978,peer_group,388.42
1598712978,peer_group,388.10
1598712978,peer_group,387.53
1598712978,peer_group,386.89
1598712978,peer_group,386.56
1598712978,peer_group,385.74
1598712978,peer_group,385.49
1598712978,peer_group,385.43
1598712978,peer_group,385.03
1598712978,peer_group,384.63
1598712978,peer_group,384.37
1598712978,peer_group,382.55
1598712978,peer_group,382.42
1598712978,peer_group,382.15
1598712978,peer_group,381.78
1598712978,peer_group,381.48
1598712978,peer_group,379.59
1598712978,peer_group,379.53
1598712978,peer_group,379.37
1598712978,peer_group,379.23
1598712978,peer_group,377.47
1598712978,peer_group,377.27
1598712978,peer_group,377.06
1598712978,peer_group,377.05
1598712978,peer_group,376.15
1598712978,peer_group,375.68
1598712978,peer_group,375.32
1598712978,peer_group,374.94
1598712978,peer_group,374.76
1598712978,peer_group,374.24
1598712978,peer_group,373.95
1598712978,peer_group,373.65
1598712978,peer_group,372.94
1598712978,peer_group,372.92
1598712978,peer_group,372.47
1598712978,peer_group,372.31
1598712978,peer_group,372.28
1598712978,peer_group,371.34
1598712978,peer_group,371.20
1598712978,peer_group,371.16
1598712978,peer_group,371.14
1598712978,peer_group,371.14
1598712978,peer_group,370.58
1598712978,peer_group,370.42
1598712978,peer_group,370.28
1598712978,peer_group,370.21
1598712978,peer_group,370.11
1598712978,peer_group,369.88
1598712978,peer_group,369.52
1598712978,peer_group,369.20
1598712978,peer_group,368.02
1598712978,peer_group,367.89
1598712978,peer_group,367.79
1598712978,peer_group,367.74
1598712978,peer_group,367.52
1598712978,peer_group,366.46
1598712978,peer_group,366.38
1598712978,peer_group,366.11
1598712978,peer_group,365.67
1598712978,peer_group,365.43
1598712978,peer_group,365.42
1598712978,peer_group,365.34
1598712978,peer_group,364.39
1598712978,peer_group,364.26
1598712978,peer_group,364.04
1598712978,peer_group,363.15
1598712978,peer_group,363.10
1598712978,peer_group,363.05
1598712978,peer_group,362.84
1598712978,peer_group,362.70
1598712978,peer_group,362.66
1598712978,peer_group,362.41
1598712978,peer_group,362.01
1598712978,peer_group,361.81
1598712978,peer_group,361.16
1598712978,peer_group,360.66
1598712978,peer_group,360.48
1598712978,peer_group,360.41
1598712978,peer_group,359.84
1598712978,peer_group,359.80
1598712978,peer_group,358.47
1598712978,peer_group,358.20
1598712978,peer_group,358.14
1598712978,peer_group,357.95
1598712978,peer_group,357.94
1598712978,peer_group,357.85
1598712978,peer_group,357.82
1598712978,peer_group,357.61
1598712978,peer_group,357.24
1598712978,peer_group,356.88
1598712978,peer_group,355.70
1598712978,peer_group,354.61
1598712978,peer_group,354.11
1598712978,peer_group,353.78
1598712978,peer_group,353.62
1598712978,peer_group,352.97
1598712978,peer_group,352.93
1598712978,peer_group,352.73
1598712978,peer_group,352.14
1598712978,peer_group,351.97
1598712978,peer_group,351.65
1598712978,peer_group,351.50
1598712978,peer_group,351.11
1598712978,peer_group,350.95
1598712978,peer_group,350.89
1598712978,peer_group,350.70
1598712978,peer_group,350.44
1598712978,peer_group,350.34
1598712978,peer_group,350.24
1598712978,peer_group,350.04
1598712978,peer_group,350.04
1598712978,peer_group,349.79
1598712978,peer_group,349.61
1598712978,peer_group,348.70
1598712978,peer_group,348.54
1598712978,peer_group,348.33
1598712978,peer_group,347.73
1598712978,peer_group,346.39
1598712978,peer_group,345.60
1598712978,peer_group,345.00
1598712978,peer_group,343.80
1598712978,peer_group,343.77
1598712978,peer_group,343.01
1598712978,peer_group,342.48
1598712978,peer_group,341.20
1598712978,peer_group,341.07
1598712978,peer_group,340.86
1598712978,peer_group,340.83
1598712978,peer_group,340.75
1598712978,peer_group,340.44
1598712978,peer_group,340.15
1598712978,peer_group,339.23
1598712978,peer_group,339.09
1598712978,peer_group,338.73
1598712978,peer_group,338.19
1598712978,peer_group,337.82
1598712978,peer_group,337.67
1598712978,peer_group,337.36
1598712978,peer_group,337.03
1598712978,peer_group,336.56
1598712978,peer_group,336.51
1598712978,peer_group,336.14
1598712978,peer_group,335.14
1598712978,peer_group,334.90
1598712978,peer_group,334.84
1598712978,peer_group,334.78
1598712978,peer_group,333.69
1598712978,peer_group,332.62
1598712978,peer_group,331.51
1598712978,peer_group,331.06
1598712978,peer_group,330.36
1598712978,peer_group,328.93
1598712978,peer_group,328.47
1598712978,peer_group,328.29
1598712978,peer_group,328.21
1598712978,peer_group,327.96
1598712978,peer_group,327.90
1598712978,peer_group,327.82
1598712978,peer_group,327.70
1598712978,peer_group,327.52
1598712978,peer_group,327.07
1598712978,peer_group,327.07
1598712978,peer_group,326.29
1598712978,peer_group,325.58
1598712978,peer_group,325.51
1598712978,peer_group,325.31
1598712978,peer_group,324.51
1598712978,peer_group,323.38
1598712978,peer_group,323.24
1598712978,peer_group,323.22
1598712978,peer_group,322.51
1598712978,peer_group,321.65
1598712978,peer_group,321.37
1598712978,peer_group,321.13
1598712978,peer_group,319.14
1598712978,peer_group,318.89
1598712978,peer_group,318.86
1598712978,peer_group,318.13
1598712978,peer_group,317.47
1598712978,peer_group,317.01
1598712978,peer_group,316.30
1598712978,peer_group,315.89
1598712978,peer_group,315.65
1598712978,peer_group,315.34
1598712978,peer_group,315.09
1598712978,peer_group,315.08
1598712978,peer_group,314.83
1598712978,peer_group,314.82
1598712978,peer_group,314.59
1598712978,peer_group,314.04
1598712978,peer_group,313.75
1598712978,peer_group,313.54
1598712978,peer_group,312.53
1598712978,peer_group,312.38
1598712978,peer_group,311.57
1598712978,peer_group,310.40
1598712978,peer_group,310.26
1598712978,peer_group,310.03
1598712978,peer_group,310.00
1598712978,peer_group,309.99
1598712978,peer_group,309.17
1598712978,peer_group,309.13
1598712978,peer_group,308.67
1598712978,peer_group,308.60
1598712978,peer_group,308.55
1598712978,peer_group,308.37
1598712978,peer_group,308.11
1598712978,peer_group,307.45
1598712978,peer_group,307.24
1598712978,peer_group,306.59
1598712978,peer_group,306.47
1598712978,peer_group,306.26
1598712978,peer_group,306.25
1598712978,peer_group,305.63
1598712978,peer_group,305.22
1598712978,peer_group,303.94
1598712978,peer_group,303.13
1598712978,peer_group,303.10
1598712978,peer_group,302.63
1598712978,peer_group,302.19
1598712978,peer_group,301.99
1598712978,peer_group,301.62
1598712978,peer_group,301.60
1598712978,peer_group,301.34
1598712978,peer_group,301.27
1598712978,peer_group,300.46
1598712978,peer_group,300.33
1598712978,peer_group,300.15
1598712978,peer_group,298.82
1598712978,peer_group,298.61
1598712978,peer_group,298.59
1598712978,peer_group,298.14
1598712978,peer_group,297.94
1598712978,peer_group,297.30
1598712978,peer_group,297.23
1598712978,peer_group,297.20
1598712978,peer_group,296.97
1598712978,peer_group,296.93
1598712978,peer_group,296.77
1598712978,peer_group,296.77
1598712978,peer_group,295.48
1598712978,peer_group,295.39
1598712978,peer_group,294.83
1598712978,peer_group,294.54
1598712978,peer_group,294.16
1598712978,peer_group,293.20
1598712978,peer_group,293.00
1598712978,peer_group,292.79
1598712978,peer_group,292.76
1598712978,peer_group,292.73
1598712978,peer_group,291.72
1598712978,peer_group,291.32
1598712978,peer_group,291.13
1598712978,peer_group,290.71
1598712978,peer_group,290.40
1598712978,peer_group,290.19
1598712978,peer_group,289.80
1598712978,peer_group,289.76
1598712978,peer_group,289.70
1598712978,peer_group,289.16
1598712978,peer_group,288.95
1598712978,peer_group,288.29
1598712978,peer_group,287.70
1598712978,peer_group,287.51
1598712978,peer_group,287.29
1598712978,peer_group,286.91
1598712978,peer_group,286.85
1598712978,peer_group,286.07
1598712978,peer_group,285.99
1598712978,peer_group,285.50
1598712978,peer_group,285.37
1598712978,peer_group,284.96
1598712978,peer_group,284.40
1598712978,peer_group,284.13
1598712978,peer_group,283.93
1598712978,peer_group,283.77
1598712978,peer_group,283.54
1598712978,peer_group,283.46
1598712978,peer_group,283.43
1598712978,peer_group,282.99
1598712978,peer_group,282.99
1598712978,peer_group,282.77
1598712978,peer_group,282.36
1598712978,peer_group,282.21
1598712978,peer_group,282.10
1598712978,peer_group,282.10
1598712978,peer_group,281.33
1598712978,peer_group,280.80
1598712978,peer_group,280.54
1598712978,peer_group,280.22
1598712978,peer_group,280.09
1598712978,peer_group,279.75
1598712978,peer_group,279.61
1598712978,peer_group,279.59
1598712978,peer_group,279.36
1598712978,peer_group,279.28
1598712978,peer_group,279.24
1598712978,peer_group,279.14
1598712978,peer_group,278.20
1598712978,peer_group,278.05
1598712978,peer_group,277.95
1598712978,peer_group,277.83
1598712978,peer_group,277.55
1598712978,peer_group,277.51
1598712978,peer_group,276.79
1598712978,peer_group,276.75
1598712978,peer_group,275.92
1598712978,peer_group,275.92
1598712978,peer_group,275.39
1598712978,peer_group,275.28
1598712978,peer_group,274.57
1598712978,peer_group,274.32
1598712978,peer_group,274.21
1598712978,peer_group,274.02
1598712978,peer_group,273.95
1598712978,peer_group,273.91
1598712978,peer_group,273.79
1598712978,peer_group,273.73
1598712978,peer_group,273.52
1598712978,peer_group,273.42
1598712978,peer_group,273.27
1598712978,peer_group,273.08
1598712978,peer_group,272.56
1598712978,peer_group,272.49
1598712978,peer_group,271.77
1598712978,peer_group,271.68
1598712978,peer_group,271.35
1598712978,peer_group,271.20
1598712978,peer_group,271.13
1598712978,peer_group,271.00
1598712978,peer_group,270.96
1598712978,peer_group,270.94
1598712978,peer_group,270.14
1598712978,peer_group,270.09
1598712978,peer_group,270.05
1598712978,peer_group,270.04
1598712978,peer_group,269.04
1598712978,peer_group,268.49
1598712978,peer_group,268.30
1598712978,peer_group,267.32
1598712978,peer_group,267.17
1598712978,peer_group,266.54
1598712978,peer_group,265.96
1598712978,peer_group,265.79
1598712978,peer_group,265.76
1598712978,peer_group,265.44
1598712978,peer_group,265.03
1598712978,peer_group,264.96
1598712978,peer_group,264.93
1598712978,peer_group,264.85
1598712978,peer_group,264.84
1598712978,peer_group,264.02
1598712978,peer_group,263.80
1598712978,peer_group,263.06
1598712978,peer_group,262.60
1598712978,peer_group,262.35
1598712978,peer_group,262.32
1598712978,peer_group,262.24
1598712978,peer_group,261.99
1598712978,peer_group,261.96
1598712978,peer_group,261.33
1598712978,peer_group,260.78
1598712978,peer_group,260.60
1598712978,peer_group,260.27
1598712978,peer_group,260.14
1598712978,peer_group,259.86
1598712978,peer_group,259.86
1598712978,peer_group,259.33
1598712978,peer_group,259.25
1598712978,peer_group,258.38
1598712978,peer_group,257.99
1598712978,peer_group,257.48
1598712978,peer_group,257.22
1598712978,peer_group,257.11
1598712978,peer_group,256.80
1598712978,peer_group,256.77
1598712978,peer_group,256.63
1598712978,peer_group,256.27
1598712978,peer_group,256.13
1598712978,peer_group,256.06
1598712978,peer_group,255.95
1598712978,peer_group,255.63
1598712978,peer_group,255.55
1598712978,peer_group,255.45
1598712978,peer_group,254.41
1598712978,peer_group,254.10
1598712978,peer_group,253.97
1598712978,peer_group,253.58
1598712978,peer_group,253.57
1598712978,peer_group,253.56
1598712978,peer_group,253.56
1598712978,peer_group,253.42
1598712978,peer_group,253.08
1598712978,peer_group,252.89
1598712978,peer_group,251.98
1598712978,peer_group,251.83
1598712978,peer_group,251.71
1598712978,peer_group,251.68
1598712978,peer_group,251.14
1598712978,peer_group,250.83
1598712978,peer_group,250.31
1598712978,peer_group,249.83
1598712978,peer_group,249.82
1598712978,peer_group,249.80
1598712978,peer_group,249.54
1598712978,peer_group,249.47
1598712978,peer_group,249.16
1598712978,peer_group,249.03
1598712978,peer_group,248.29
1598712978,peer_group,248.20
1598712978,peer_group,247.69
1598712978,peer_group,247.51
1598712978,peer_group,247.46
1598712978,peer_group,246.88
1598712978,peer_group,246.41
1598712978,peer_group,246.27
1598712978,peer_group,245.59
1598712978,peer_group,245.20
1598712978,peer_group,244.96
1598712978,peer_group,244.74
1598712978,peer_group,244.42
1598712978,peer_group,244.33
1598712978,peer_group,244.26
1598712978,peer_group,244.13
1598712978,peer_group,244.05
1598712978,peer_group,243.47
1598712978,peer_group,243.12
1598712978,peer_group,241.97
1598712978,peer_group,241.37
1598712978,peer_group,241.30
1598712978,peer_group,240.93
1598712978,peer_group,240.46
1598712978,peer_group,239.92
1598712978,peer_group,239.76
1598712978,peer_group,239.74
1598712978,peer_group,239.41
1598712978,peer_group,239.28
1598712978,peer_group,239.13
1598712978,peer_group,238.02
1598712978,peer_group,237.88
1598712978,peer_group,237.69
1598712978,peer_group,237.21
1598712978,peer_group,237.09
1598712978,peer_group,237.08
1598712978,peer_group,236.90
1598712978,peer_group,236.88
1598712978,peer_group,236.74
1598712978,peer_group,236.71
1598712978,peer_group,235.59
1598712978,peer_group,234.95
1598712978,peer_group,234.87
1598712978,peer_group,234.58
1598712978,peer_group,233.92
1598712978,peer_group,233.57
1598712978,peer_group,233.48
1598712978,peer_group,233.37
1598712978,peer_group,233.34
1598712978,peer_group,232.90
1598712978,peer_group,232.88
1598712978,peer_group,232.46
1598712978,peer_group,232.29
1598712978,peer_group,232.18
1598712978,peer_group,231.62
1598712978,peer_group,231.44
1598712978,peer_group,231.26
1598712978,peer_group,230.93
1598712978,peer_group,230.12
1598712978,peer_group,229.59
1598712978,peer_group,229.48
1598712978,peer_group,228.81
1598712978,peer_group,228.65
1598712978,peer_group,228.47
1598712978,peer_group,228.20
1598712978,peer_group,228.10
1598712978,peer_group,227.51
1598712978,peer_group,226.62
1598712978,peer_group,226.20
1598712978,peer_group,226.17
1598712978,peer_group,225.58
1598712978,peer_group,225.09
1598712978,peer_group,224.65
1598712978,peer_group,224.15
1598712978,peer_group,223.59
1598712978,peer_group,222.58
1598712978,peer_group,222.02
1598712978,peer_group,221.91
1598712978,peer_group,221.64
1598712978,peer_group,221.00
1598712978,peer_group,220.27
1598712978,peer_group,219.95
1598712978,peer_group,219.89
1598712978,peer_group,219.69
1598712978,peer_group,219.67
1598712978,peer_group,219.09
1598712978,peer_group,219.02
1598712978,peer_group,218.44
1598712978,peer_group,218.37
1598712978,peer_group,218.15
1598712978,peer_group,217.77
1598712978,peer_group,217.69
1598712978,peer_group,217.55
1598712978,peer_group,217.29
1598712978,peer_group,217.23
1598712978,peer_group,217.06
1598712978,peer_group,216.75
1598712978,peer_group,216.50
1598712978,peer_group,216.47
1598712978,peer_group,216.46
1598712978,peer_group,216.00
1598712978,peer_group,215.74
1598712978,peer_group,214.20
1598712978,peer_group,213.89
1598712978,peer_group,213.59
1598712978,peer_group,213.41
1598712978,peer_group,213.13
1598712978,peer_group,212.92
1598712978,peer_group,212.57
1598712978,peer_group,212.35
1598712978,peer_group,211.82
1598712978,peer_group,211.45
1598712978,peer_group,211.07
1598712978,peer_group,210.86
1598712978,peer_group,210.83
1598712978,peer_group,210.34
1598712978,peer_group,209.79
1598712978,peer_group,209.73
1598712978,peer_group,209.48
1598712978,peer_group,209.30
1598712978,peer_group,209.00
1598712978,peer_group,208.65
1598712978,peer_group,208.48
1598712978,peer_group,207.43
1598712978,peer_group,207.27
1598712978,peer_group,207.03
1598712978,peer_group,206.76
1598712978,peer_group,206.35
1598712978,peer_group,206.04
1598712978,peer_group,205.81
1598712978,peer_group,205.71
1598712978,peer_group,205.68
1598712978,peer_group,205.22
1598712978,peer_group,205.13
1598712978,peer_group,204.89
1598712978,peer_group,204.88
1598712978,peer_group,204.56
1598712978,peer_group,204.12
1598712978,peer_group,203.88
1598712978,peer_group,203.47
1598712978,peer_group,203.04
1598712978,peer_group,202.96
1598712978,peer_group,202.81
1598712978,peer_group,202.63
1598712978,peer_group,201.14
1598712978,peer_group,200.67
1598712978,peer_group,200.18
1598712978,peer_group,200.16
1598712978,peer_group,200.12
1598712978,peer_group,200.11
1598712978,peer_group,199.85
1598712978,peer_group,199.84
1598712978,peer_group,199.23
1598712978,peer_group,199.08
1598712978,peer_group,198.94
1598712978,peer_group,198.76
1598712978,peer_group,198.67
1598712978,peer_group,198.37
1598712978,peer_group,198.17
1598712978,peer_group,198.17
1598712978,peer_group,198.08
1598712978,peer_group,197.90
1598712978,peer_group,197.31
1598712978,peer_group,196.22
1598712978,peer_group,196.14
1598712978,peer_group,196.10
1598712978,peer_group,196.08
1598712978,peer_group,195.30
1598712978,peer_group,195.26
1598712978,peer_group,195.15
1598712978,peer_group,194.82
1598712978,peer_group,194.36
1598712978,peer_group,194.00
1598712978,peer_group,193.77
1598712978,peer_group,193.54
1598712978,peer_group,193.38
1598712978,peer_group,193.20
1598712978,peer_group,193.17
1598712978,peer_group,192.84
1598712978,peer_group,192.78
1598712978,peer_group,192.61
1598712978,peer_group,192.08
1598712978,peer_group,192.04
1598712978,peer_group,191.62
1598712978,peer_group,191.58
1598712978,peer_group,191.18
1598712978,peer_group,191.18
1598712978,peer_group,190.71
1598712978,peer_group,190.31
1598712978,peer_group,189.80
1598712978,peer_group,188.71
1598712978,peer_group,188.11
1598712978,peer_group,187.92
1598712978,peer_group,187.12
1598712978,peer_group,187.03
1598712978,peer_group,186.40
1598712978,peer_group,186.00
1598712978,peer_group,185.87
1598712978,peer_group,185.63
1598712978,peer_group,185.35
1598712978,peer_group,184.99
1598712978,peer_group,184.96
1598712978,peer_group,184.70
1598712978,peer_group,184.07
1598712978,peer_group,184.05
1598712978,peer_group,184.03
1598712978,peer_group,183.75
1598712978,peer_group,183.60
1598712978,peer_group,183.58
1598712978,peer_group,183.54
1598712978,peer_group,183.31
1598712978,peer_group,183.31
1598712978,peer_group,183.14
1598712978,peer_group,183.14
1598712978,peer_group,183.07
1598712978,peer_group,182.94
1598712978,peer_group,182.86
1598712978,peer_group,182.80
1598712978,peer_group,182.67
1598712978,peer_group,182.53
1598712978,peer_group,182.51
1598712978,peer_group,182.13
1598712978,peer_group,181.21
1598712978,peer_group,180.73
1598712978,peer_group,180.34
1598712978,peer_group,180.26
1598712978,peer_group,179.76
1598712978,peer_group,178.73
1598712978,peer_group,178.68
1598712978,peer_group,178.65
1598712978,peer_group,178.19
1598712978,peer_group,178.05
1598712978,peer_group,177.99
1598712978,peer_group,177.87
1598712978,peer_group,177.23
1598712978,peer_group,177.16
1598712978,peer_group,177.11
1598712978,peer_group,177.07
1598712978,peer_group,176.07
1598712978,peer_group,175.89
1598712978,peer_group,175.69
1598712978,peer_group,175.59
1598712978,peer_group,175.58
1598712978,peer_group,175.17
1598712978,peer_group,174.97
1598712978,peer_group,174.74
1598712978,peer_group,174.52
1598712978,peer_group,174.46
1598712978,peer_group,173.87
1598712978,peer_group,173.81
1598712978,peer_group,173.52
1598712978,peer_group,172.71
1598712978,peer_group,171.88
1598712978,peer_group,171.68
1598712978,peer_group,171.09
1598712978,peer_group,169.92
1598712978,peer_group,169.83
1598712978,peer_group,169.66
1598712978,peer_group,169.02
1598712978,peer_group,168.96
1598712978,peer_group,168.91
1598712978,peer_group,168.32
1598712978,peer_group,168.07
1598712978,peer_group,168.00
1598712978,peer_group,167.52
1598712978,peer_group,167.44
1598712978,peer_group,167.39
1598712978,peer_group,167.31
1598712978,peer_group,167.31
1598712978,peer_group,167.22
1598712978,peer_group,167.21
1598712978,peer_group,166.94
1598712978,peer_group,166.19
1598712978,peer_group,165.62
1598712978,peer_group,165.31
1598712978,peer_group,165.10
1598712978,peer_group,165.06
1598712978,peer_group,165.05
1598712978,peer_group,164.96
1598712978,peer_group,164.66
1598712978,peer_group,164.52
1598712978,peer_group,164.24
1598712978,peer_group,163.80
1598712978,peer_group,163.28
1598712978,peer_group,163.23
1598712978,peer_group,162.58
1598712978,peer_group,160.94
1598712978,peer_group,160.79
1598712978,peer_group,160.58
1598712978,peer_group,159.85
1598712978,peer_group,159.81
1598712978,peer_group,159.72
1598712978,peer_group,159.41
1598712978,peer_group,157.92
1598712978,peer_group,157.73
1598712978,peer_group,157.50
1598712978,peer_group,157.35
1598712978,peer_group,157.11
1598712978,peer_group,156.72
1598712978,peer_group,156.56
1598712978,peer_group,156.07
1598712978,peer_group,155.84
1598712978,peer_group,155.71
1598712978,peer_group,155.66
1598712978,peer_group,155.21
1598712978,peer_group,154.87
1598712978,peer_group,154.78
1598712978,peer_group,154.45
1598712978,peer_group,154.36
1598712978,peer_group,154.16
1598712978,peer_group,154.12
1598712978,peer_group,154.06
1598712978,peer_group,153.56
1598712978,peer_group,153.40
1598712978,peer_group,152.93
1598712978,peer_group,152.62
1598712978,peer_group,152.49
1598712978,peer_group,152.31
1598712978,peer_group,152.29
1598712978,peer_group,151.03
1598712978,peer_group,151.02
1598712978,peer_group,150.57
1598712978,peer_group,150.50
1598712978,peer_group,150.06
1598712978,peer_group,149.80
1598712978,peer_group,149.73
1598712978,peer_group,149.06
1598712978,peer_group,148.90
1598712978,peer_group,148.80
1598712978,peer_group,148.58
1598712978,peer_group,148.33
1598712978,peer_group,148.04
1598712978,peer_group,147.98
1598712978,peer_group,147.96
1598712978,peer_group,147.92
1598712978,peer_group,147.91
1598712978,peer_group,147.70
1598712978,peer_group,147.31
1598712978,peer_group,146.68
1598712978,peer_group,146.53
1598712978,peer_group,146.44
1598712978,peer_group,146.31
1598712978,peer_group,146.17
1598712978,peer_group,145.93
1598712978,peer_group,145.81
1598712978,peer_group,145.80
1598712978,peer_group,145.60
1598712978,peer_group,145.40
1598712978,peer_group,145.18
1598712978,peer_group,145.15
1598712978,peer_group,145.06
1598712978,peer_group,144.94
1598712978,peer_group,144.88
1598712978,peer_group,144.79
1598712978,peer_group,144.52
1598712978,peer_group,144.33
1598712978,peer_group,144.06
1598712978,peer_group,143.44
1598712978,peer_group,143.40
1598712978,peer_group,143.01
1598712978,peer_group,142.83
1598712978,peer_group,142.72
1598712978,peer_group,141.99
1598712978,peer_group,141.80
1598712978,peer_group,141.50
1598712978,peer_group,141.47
1598712978,peer_group,141.24
1598712978,peer_group,140.77
1598712978,peer_group,140.32
1598712978,peer_group,140.19
1598712978,peer_group,140.11
1598712978,peer_group,140.06
1598712978,peer_group,140.01
1598712978,peer_group,140.00
1598712978,peer_group,139.61
1598712978,peer_group,139.08
1598712978,peer_group,139.02
1598712978,peer_group,138.94
1598712978,peer_group,138.84
1598712978,peer_group,138.81
1598712978,peer_group,138.58
1598712978,peer_group,138.50
1598712978,peer_group,138.23
1598712978,peer_group,137.85
1598712978,peer_group,137.69
1598712978,peer_group,136.40
1598712978,peer_group,136.32
1598712978,peer_group,136.05
1598712978,peer_group,135.54
1598712978,peer_group,135.44
1598712978,peer_group,135.36
1598712978,peer_group,134.42
1598712978,peer_group,134.30
1598712978,peer_group,134.03
1598712978,peer_group,134.00
1598712978,peer_group,133.99
1598712978,peer_group,133.93
1598712978,peer_group,133.85
1598712978,peer_group,132.93
1598712978,peer_group,132.66
1598712978,peer_group,132.45
1598712978,peer_group,132.26
1598712978,peer_group,132.22
1598712978,peer_group,132.20
1598712978,peer_group,131.82
1598712978,peer_group,131.23
1598712978,peer_group,131.17
1598712978,peer_group,130.84
1598712978,peer_group,130.70
1598712978,peer_group,130.60
1598712978,peer_group,130.46
1598712978,peer_group,130.25
1598712978,peer_group,130.01
1598712978,peer_group,129.63
1598712978,peer_group,129.58
1598712978,peer_group,129.53
1598712978,peer_group,129.18
1598712978,peer_group,128.52
1598712978,peer_group,127.72
1598712978,peer_group,127.68
1598712978,peer_group,127.57
1598712978,peer_group,126.93
1598712978,peer_group,126.90
1598712978,peer_group,126.75
1598712978,peer_group,126.48
1598712978,peer_group,126.32
1598712978,peer_group,126.28
1598712978,peer_group,126.09
1598712978,peer_group,126.07
1598712978,peer_group,125.75
1598712978,peer_group,125.57
1598712978,peer_group,125.32
1598712978,peer_group,125.12
1598712978,peer_group,124.80
1598712978,peer_group,124.74
1598712978,peer_group,124.60
1598712978,peer_group,124.26
1598712978,peer_group,124.02
1598712978,peer_group,123.97
1598712978,peer_group,123.91
1598712978,peer_group,123.60
1598712978,peer_group,123.11
1598712978,peer_group,123.00
1598712978,peer_group,122.65
1598712978,peer_group,122.45
1598712978,peer_group,122.16
1598712978,peer_group,121.89
1598712978,peer_group,121.34
1598712978,peer_group,121.05
1598712978,peer_group,120.98
1598712978,peer_group,120.82
1598712978,peer_group,120.71
1598712978,peer_group,120.20
1598712978,peer_group,119.97
1598712978,peer_group,119.42
1598712978,peer_group,119.34
1598712978,peer_group,119.17
1598712978,peer_group,118.61
1598712978,peer_group,118.43
1598712978,peer_group,118.41
1598712978,peer_group,118.25
1598712978,peer_group,118.12
1598712978,peer_group,118.04
1598712978,peer_group,117.73
1598712978,peer_group,117.50
1598712978,peer_group,117.50
1598712978,peer_group,117.08
1598712978,peer_group,116.90
1598712978,peer_group,116.68
1598712978,peer_group,116.42
1598712978,peer_group,116.17
1598712978,peer_group,115.78
1598712978,peer_group,115.62
1598712978,peer_group,115.51
1598712978,peer_group,115.50
1598712978,peer_group,115.21
1598712978,peer_group,115.12
1598712978,peer_group,115.04
1598712978,peer_group,114.73
1598712978,peer_group,114.47
1598712978,peer_group,114.23
1598712978,peer_group,114.20
1598712978,peer_group,114.01
1598712978,peer_group,114.01
1598712978,peer_group,113.40
1598712978,peer_group,112.91
1598712978,peer_group,112.86
1598712978,peer_group,112.59
1598712978,peer_group,112.35
1598712978,peer_group,112.00
1598712978,peer_group,111.95
1598712978,peer_group,111.46
1598712978,peer_group,110.82
1598712978,peer_group,110.02
1598712978,peer_group,109.89
1598712978,peer_group,109.86
1598712978,peer_group,109.84
1598712978,peer_group,109.73
1598712978,peer_group,109.53
1598712978,peer_group,108.85
1598712978,peer_group,108.39
1598712978,peer_group,108.29
1598712978,peer_group,108.17
1598712978,peer_group,107.92
1598712978,peer_group,107.77
1598712978,peer_group,107.76
1598712978,peer_group,107.06
1598712978,peer_group,106.94
1598712978,peer_group,106.24
1598712978,peer_group,106.15
1598712978,peer_group,105.74
1598712978,peer_group,105.30
1598712978,peer_group,105.06
1598712978,peer_group,104.93
1598712978,peer_group,104.82
1598712978,peer_group,104.53
1598712978,peer_group,103.93
1598712978,peer_group,103.78
1598712978,peer_group,103.65
1598712978,peer_group,103.17
1598712978,peer_group,102.75
1598712978,peer_group,102.70
1598712978,peer_group,102.65
1598712978,peer_group,102.12
1598712978,peer_group,101.91
1598712978,peer_group,101.36
1598712978,peer_group,101.32
1598712978,peer_group,100.47
1598712978,peer_group,100.35
1598712978,peer_group,100.18
1598712978,peer_group,99.55
1598712978,peer_group,99.49
1598712978,peer_group,99.44
1598712978,peer_group,99.31
1598712978,peer_group,98.68
1598712978,peer_group,98.47
1598712978,peer_group,98.09
1598712978,peer_group,97.64
1598712978,peer_group,97.62
1598712978,peer_group,97.58
1598712978,peer_group,96.91
1598712978,peer_group,96.83
1598712978,peer_group,96.77
1598712978,peer_group,96.50
1598712978,peer_group,95.53
1598712978,peer_group,95.32
1598712978,peer_group,94.84
1598712978,peer_group,94.49
1598712978,peer_group,94.32
1598712978,peer_group,94.26
1598712978,peer_group,94.22
1598712978,peer_group,94.00
1598712978,peer_group,93.88
1598712978,peer_group,93.28
1598712978,peer_group,93.27
1598712978,peer_group,93.20
1598712978,peer_group,92.94
1598712978,peer_group,92.87
1598712978,peer_group,92.66
1598712978,peer_group,92.12
1598712978,peer_group,91.75
1598712978,peer_group,91.35
1598712978,peer_group,90.92
1598712978,peer_group,90.40
1598712978,peer_group,90.21
1598712978,peer_group,90.01
1598712978,peer_group,89.34
1598712978,peer_group,89.14
1598712978,peer_group,87.98
1598712978,peer_group,87.93
1598712978,peer_group,87.77
1598712978,peer_group,87.72
1598712978,peer_group,87.69
1598712978,peer_group,87.65
1598712978,peer_group,86.10
1598712978,peer_group,85.65
1598712978,peer_group,84.74
1598712978,peer_group,84.67
1598712978,peer_group,84.64
1598712978,peer_group,84.48
1598712978,peer_group,84.02
1598712978,peer_group,83.70
1598712978,peer_group,83.61
1598712978,peer_group,83.55
1598712978,peer_group,82.73
1598712978,peer_group,82.63
1598712978,peer_group,82.53
1598712978,peer_group,82.48
1598712978,peer_group,82.43
1598712978,peer_group,82.34
1598712978,peer_group,82.19
1598712978,peer_group,81.98
1598712978,peer_group,81.88
1598712978,peer_group,81.73
1598712978,peer_group,81.54
1598712978,peer_group,81.46
1598712978,peer_group,81.43
1598712978,peer_group,81.36
1598712978,peer_group,81.00
1598712978,peer_group,80.75
1598712978,peer_group,80.73
1598712978,peer_group,80.54
1598712978,peer_group,80.35
1598712978,peer_group,80.34
1598712978,peer_group,80.30
1598712978,peer_group,78.95
1598712978,peer_group,78.89
1598712978,peer_group,78.50
1598712978,peer_group,78.45
1598712978,peer_group,78.19
1598712978,peer_group,77.64
1598712978,peer_group,77.28
1598712978,peer_group,77.03
1598712978,peer_group,76.99
1598712978,peer_group,76.95
1598712978,peer_group,76.86
1598712978,peer_group,76.73
1598712978,peer_group,76.10
1598712978,peer_group,76.02
1598712978,peer_group,75.81
1598712978,peer_group,75.58
1598712978,peer_group,75.34
1598712978,peer_group,75.32
1598712978,peer_group,75.04
1598712978,peer_group,74.46
1598712978,peer_group,74.07
1598712978,peer_group,74.04
1598712978,peer_group,73.97
1598712978,peer_group,73.80
1598712978,peer_group,73.69
1598712978,peer_group,73.23
1598712978,peer_group,73.01
1598712978,peer_group,72.65
1598712978,peer_group,72.42
1598712978,peer_group,72.35
1598712978,peer_group,72.06
1598712978,peer_group,72.03
1598712978,peer_group,71.95
1598712978,peer_group,71.52
1598712978,peer_group,71.17
1598712978,peer_group,70.85
1598712978,peer_group,70.70
1598712978,peer_group,70.18
1598712978,peer_group,68.57
1598712978,peer_group,68.57
1598712978,peer_group,67.94
1598712978,peer_group,67.75
1598712978,peer_group,67.65
1598712978,peer_group,67.65
1598712978,peer_group,67.45
1598712978,peer_group,67.06
1598712978,peer_group,66.72
1598712978,peer_group,66.07
1598712978,peer_group,65.83
1598712978,peer_group,65.62
1598712978,peer_group,65.30
1598712978,peer_group,65.03
1598712978,peer_group,64.00
1598712978,peer_group,63.43
1598712978,peer_group,63.11
1598712978,peer_group,63.10
1598712978,peer_group,62.70
1598712978,peer_group,62.27
1598712978,peer_group,62.05
1598712978,peer_group,61.83
1598712978,peer_group,61.50
1598712978,peer_group,61.41
1598712978,peer_group,61.24
1598712978,peer_group,61.13
1598712978,peer_group,60.95
1598712978,peer_group,60.79
1598712978,peer_group,60.55
1598712978,peer_group,60.53
1598712978,peer_group,60.53
1598712978,peer_group,60.24
1598712978,peer_group,60.22
1598712978,peer_group,59.99
1598712978,peer_group,59.85
1598712978,peer_group,59.31
1598712978,peer_group,59.24
1598712978,peer_group,59.04
1598712978,peer_group,59.01
1598712978,peer_group,58.96
1598712978,peer_group,58.90
1598712978,peer_group,58.85
1598712978,peer_group,58.79
1598712978,peer_group,58.76
1598712978,peer_group,58.59
1598712978,peer_group,58.24
1598712978,peer_group,57.94
1598712978,peer_group,57.92
1598712978,peer_group,57.42
1598712978,peer_group,57.29
1598712978,peer_group,57.21
1598712978,peer_group,56.49
1598712978,peer_group,56.32
1598712978,peer_group,55.64
1598712978,peer_group,55.13
1598712978,peer_group,55.01
1598712978,peer_group,54.93
1598712978,peer_group,54.74
1598712978,peer_group,54.58
1598712978,peer_group,53.80
1598712978,peer_group,53.20
1598712978,peer_group,53.18
1598712978,peer_group,52.68
1598712978,peer_group,52.50
1598712978,peer_group,52.47
1598712978,peer_group,52.10
1598712978,peer_group,51.99
1598712978,peer_group,51.30
1598712978,peer_group,51.21
1598712978,peer_group,50.60
1598712978,peer_group,50.57
1598712978,peer_group,50.52
1598712978,peer_group,50.34
1598712978,peer_group,49.80
1598712978,peer_group,49.24
1598712978,peer_group,47.94
1598712978,peer_group,47.22
1598712978,peer_group,47.11
1598712978,peer_group,47.09
1598712978,peer_group,46.75
1598712978,peer_group,46.32
1598712978,peer_group,46.31
1598712978,peer_group,46.10
1598712978,peer_group,45.48
1598712978,peer_group,44.23
1598712978,peer_group,44.15
1598712978,peer_group,43.27
1598712978,peer_group,43.25
1598712978,peer_group,43.17
1598712978,peer_group,43.07
1598712978,peer_group,43.02
1598712978,peer_group,40.51
1598712978,peer_group,39.91
1598712978,peer_group,38.80
1598712978,peer_group,38.18
1598712978,peer_group,36.88
1598712978,peer_group,36.58
1598712978,peer_group,34.87
1598712978,peer_group,33.91
1598712978,peer_group,32.90
1598712978,peer_group,32.60
1598712978,peer_group,31.97
1598712978,peer_group,31.83
1598712978,peer_group,31.80
1598712978,peer_group,30.91
1598712978,peer_group,30.81
1598712978,peer_group,30.45
1598712978,peer_group,30.05
1598712978,peer_group,29.10
1598712978,peer_group,28.27
1598712978,peer_group,27.75
1598712978,peer_group,25.36
1598712978,peer_group,25.19
1598712978,peer_group,21.74
1598712978,peer_group,20.36
1598712978,peer_group,19.78
1598712978,peer_group,16.80
1598712978,this_provider,24285393.33
1649365529,peer_group,84134877.16
1649365529,peer_group,3845576.43
1649365529,peer_group,2427796.31
1649365529,peer_group,1403964.09
1649365529,peer_group,1264931.84
1649365529,peer_group,1263284.66
1649365529,peer_group,1106567.47
1649365529,peer_group,975562.05
1649365529,peer_group,913723.94
1649365529,peer_group,906944.58
1649365529,peer_group,854492.06
1649365529,peer_group,722253.17
1649365529,peer_group,613651.83
1649365529,peer_group,574431.10
1649365529,peer_group,500596.43
1649365529,peer_group,454467.51
1649365529,peer_group,446085.60
1649365529,peer_group,422373.06
1649365529,peer_group,410954.47
1649365529,peer_group,402227.60
1649365529,peer_group,398394.96
1649365529,peer_group,374493.17
1649365529,peer_group,368041.04
1649365529,peer_group,361205.34
1649365529,peer_group,357949.64
1649365529,peer_group,353304.94
1649365529,peer_group,286719.68
1649365529,peer_group,275473.78
1649365529,peer_group,259479.10
1649365529,peer_group,222967.22
1649365529,peer_group,214179.32
1649365529,peer_group,204646.07
1649365529,peer_group,191279.84
1649365529,peer_group,185496.11
1649365529,peer_group,164021.87
1649365529,peer_group,161586.60
1649365529,peer_group,161025.63
1649365529,peer_group,124020.64
1649365529,peer_group,123181.83
1649365529,peer_group,120385.05
1649365529,peer_group,117048.27
1649365529,peer_group,113709.00
1649365529,peer_group,101984.23
1649365529,peer_group,98935.52
1649365529,peer_group,98244.79
1649365529,peer_group,85633.54
1649365529,peer_group,79623.13
1649365529,peer_group,76127.63
1649365529,peer_group,75105.40
1649365529,peer_group,74044.61
1649365529,peer_group,71602.79
1649365529,peer_group,71049.70
1649365529,peer_group,65737.03
1649365529,peer_group,63473.84
1649365529,peer_group,58824.21
1649365529,peer_group,48466.46
1649365529,peer_group,42628.96
1649365529,peer_group,38748.59
1649365529,peer_group,36989.69
1649365529,peer_group,24071.90
1649365529,peer_group,22700.30
1649365529,peer_group,22002.72
1649365529,peer_group,21986.11
1649365529,peer_group,21314.86
1649365529,peer_group,21139.05
1649365529,peer_group,19163.95
1649365529,peer_group,18959.08
1649365529,peer_group,18324.80
1649365529,peer_group,16630.76
1649365529,peer_group,15186.05
1649365529,peer_group,15024.15
1649365529,peer_group,14964.44
1649365529,peer_group,13569.48
1649365529,peer_group,13140.24
1649365529,peer_group,13067.86
1649365529,peer_group,11377.44
1649365529,peer_group,11204.81
1649365529,peer_group,11188.23
1649365529,peer_group,10724.21
1649365529,peer_group,10236.39
1649365529,peer_group,10062.47
1649365529,peer_group,9902.72
1649365529,peer_group,9588.38
1649365529,peer_group,9240.20
1649365529,peer_group,9143.25
1649365529,peer_group,8915.09
1649365529,peer_group,8673.68
1649365529,peer_group,8506.36
1649365529,peer_group,8446.53
1649365529,peer_group,8383.06
1649365529,peer_group,8346.02
1649365529,peer_group,8322.11
1649365529,peer_group,8131.91
1649365529,peer_group,8086.20
1649365529,peer_group,7977.49
1649365529,peer_group,7977.02
1649365529,peer_group,7547.23
1649365529,peer_group,7227.16
1649365529,peer_group,7135.58
1649365529,peer_group,7054.68
1649365529,peer_group,6959.20
1649365529,peer_group,6823.76
1649365529,peer_group,6735.97
1649365529,peer_group,6727.26
1649365529,peer_group,6669.97
1649365529,peer_group,6660.14
1649365529,peer_group,6621.49
1649365529,peer_group,6569.36
1649365529,peer_group,6473.28
1649365529,peer_group,6225.63
1649365529,peer_group,6141.57
1649365529,peer_group,5998.06
1649365529,peer_group,5969.29
1649365529,peer_group,5934.01
1649365529,peer_group,5612.28
1649365529,peer_group,5496.58
1649365529,peer_group,5481.52
1649365529,peer_group,5459.06
1649365529,peer_group,5323.28
1649365529,peer_group,5229.41
1649365529,peer_group,5075.86
1649365529,peer_group,5071.54
1649365529,peer_group,5048.24
1649365529,peer_group,5005.23
1649365529,peer_group,4955.27
1649365529,peer_group,4933.67
1649365529,peer_group,4726.64
1649365529,peer_group,4607.46
1649365529,peer_group,4498.10
1649365529,peer_group,4466.00
1649365529,peer_group,4461.94
1649365529,peer_group,4399.66
1649365529,peer_group,4316.96
1649365529,peer_group,4282.96
1649365529,peer_group,4258.29
1649365529,peer_group,4254.39
1649365529,peer_group,4246.09
1649365529,peer_group,4205.17
1649365529,peer_group,4176.75
1649365529,peer_group,4075.59
1649365529,peer_group,4060.99
1649365529,peer_group,4055.05
1649365529,peer_group,4050.95
1649365529,peer_group,4025.32
1649365529,peer_group,3991.59
1649365529,peer_group,3897.61
1649365529,peer_group,3867.31
1649365529,peer_group,3828.39
1649365529,peer_group,3817.47
1649365529,peer_group,3793.84
1649365529,peer_group,3769.34
1649365529,peer_group,3750.49
1649365529,peer_group,3606.55
1649365529,peer_group,3579.10
1649365529,peer_group,3532.15
1649365529,peer_group,3471.49
1649365529,peer_group,3469.54
1649365529,peer_group,3306.55
1649365529,peer_group,3280.67
1649365529,peer_group,3209.46
1649365529,peer_group,3203.28
1649365529,peer_group,3191.83
1649365529,peer_group,3189.51
1649365529,peer_group,3161.17
1649365529,peer_group,3118.61
1649365529,peer_group,3107.42
1649365529,peer_group,3097.58
1649365529,peer_group,3085.37
1649365529,peer_group,3080.94
1649365529,peer_group,2989.65
1649365529,peer_group,2978.50
1649365529,peer_group,2974.78
1649365529,peer_group,2971.98
1649365529,peer_group,2874.20
1649365529,peer_group,2868.55
1649365529,peer_group,2867.63
1649365529,peer_group,2836.47
1649365529,peer_group,2836.35
1649365529,peer_group,2835.52
1649365529,peer_group,2826.53
1649365529,peer_group,2825.13
1649365529,peer_group,2808.38
1649365529,peer_group,2766.73
1649365529,peer_group,2753.51
1649365529,peer_group,2735.89
1649365529,peer_group,2685.72
1649365529,peer_group,2667.00
1649365529,peer_group,2632.77
1649365529,peer_group,2595.84
1649365529,peer_group,2577.93
1649365529,peer_group,2568.14
1649365529,peer_group,2480.14
1649365529,peer_group,2429.43
1649365529,peer_group,2423.72
1649365529,peer_group,2420.66
1649365529,peer_group,2413.47
1649365529,peer_group,2409.96
1649365529,peer_group,2388.41
1649365529,peer_group,2369.56
1649365529,peer_group,2369.33
1649365529,peer_group,2365.76
1649365529,peer_group,2363.26
1649365529,peer_group,2341.64
1649365529,peer_group,2334.67
1649365529,peer_group,2319.58
1649365529,peer_group,2310.98
1649365529,peer_group,2306.65
1649365529,peer_group,2272.83
1649365529,peer_group,2262.88
1649365529,peer_group,2258.06
1649365529,peer_group,2257.58
1649365529,peer_group,2254.19
1649365529,peer_group,2253.46
1649365529,peer_group,2248.84
1649365529,peer_group,2247.57
1649365529,peer_group,2234.21
1649365529,peer_group,2231.45
1649365529,peer_group,2223.17
1649365529,peer_group,2220.33
1649365529,peer_group,2209.60
1649365529,peer_group,2186.14
1649365529,peer_group,2170.32
1649365529,peer_group,2158.37
1649365529,peer_group,2149.99
1649365529,peer_group,2117.89
1649365529,peer_group,2114.45
1649365529,peer_group,2102.51
1649365529,peer_group,2101.01
1649365529,peer_group,2066.95
1649365529,peer_group,2059.39
1649365529,peer_group,2058.92
1649365529,peer_group,2056.34
1649365529,peer_group,2044.57
1649365529,peer_group,2034.08
1649365529,peer_group,2026.09
1649365529,peer_group,2025.71
1649365529,peer_group,2019.64
1649365529,peer_group,2018.26
1649365529,peer_group,2015.41
1649365529,peer_group,2001.91
1649365529,peer_group,2001.53
1649365529,peer_group,2001.13
1649365529,peer_group,1997.38
1649365529,peer_group,1973.56
1649365529,peer_group,1967.49
1649365529,peer_group,1962.61
1649365529,peer_group,1951.65
1649365529,peer_group,1946.73
1649365529,peer_group,1944.62
1649365529,peer_group,1940.44
1649365529,peer_group,1934.26
1649365529,peer_group,1932.70
1649365529,peer_group,1928.30
1649365529,peer_group,1925.28
1649365529,peer_group,1905.23
1649365529,peer_group,1899.83
1649365529,peer_group,1889.57
1649365529,peer_group,1885.12
1649365529,peer_group,1882.70
1649365529,peer_group,1882.23
1649365529,peer_group,1879.53
1649365529,peer_group,1876.38
1649365529,peer_group,1853.43
1649365529,peer_group,1848.52
1649365529,peer_group,1844.03
1649365529,peer_group,1838.32
1649365529,peer_group,1837.06
1649365529,peer_group,1828.66
1649365529,peer_group,1825.86
1649365529,peer_group,1824.84
1649365529,peer_group,1818.67
1649365529,peer_group,1817.78
1649365529,peer_group,1815.44
1649365529,peer_group,1803.60
1649365529,peer_group,1800.83
1649365529,peer_group,1798.51
1649365529,peer_group,1790.33
1649365529,peer_group,1786.91
1649365529,peer_group,1786.00
1649365529,peer_group,1777.19
1649365529,peer_group,1776.90
1649365529,peer_group,1769.28
1649365529,peer_group,1767.58
1649365529,peer_group,1758.51
1649365529,peer_group,1757.79
1649365529,peer_group,1734.35
1649365529,peer_group,1732.55
1649365529,peer_group,1729.34
1649365529,peer_group,1727.30
1649365529,peer_group,1723.50
1649365529,peer_group,1721.41
1649365529,peer_group,1720.51
1649365529,peer_group,1713.55
1649365529,peer_group,1706.04
1649365529,peer_group,1693.96
1649365529,peer_group,1687.90
1649365529,peer_group,1686.64
1649365529,peer_group,1680.30
1649365529,peer_group,1675.88
1649365529,peer_group,1671.77
1649365529,peer_group,1665.32
1649365529,peer_group,1645.24
1649365529,peer_group,1642.85
1649365529,peer_group,1637.49
1649365529,peer_group,1608.06
1649365529,peer_group,1604.41
1649365529,peer_group,1604.11
1649365529,peer_group,1597.24
1649365529,peer_group,1580.28
1649365529,peer_group,1579.35
1649365529,peer_group,1579.23
1649365529,peer_group,1575.77
1649365529,peer_group,1570.23
1649365529,peer_group,1568.32
1649365529,peer_group,1566.24
1649365529,peer_group,1558.80
1649365529,peer_group,1540.73
1649365529,peer_group,1540.57
1649365529,peer_group,1528.04
1649365529,peer_group,1520.86
1649365529,peer_group,1520.46
1649365529,peer_group,1519.53
1649365529,peer_group,1518.81
1649365529,peer_group,1515.03
1649365529,peer_group,1512.16
1649365529,peer_group,1506.14
1649365529,peer_group,1502.97
1649365529,peer_group,1501.19
1649365529,peer_group,1498.71
1649365529,peer_group,1498.41
1649365529,peer_group,1481.56
1649365529,peer_group,1478.09
1649365529,peer_group,1476.60
1649365529,peer_group,1473.89
1649365529,peer_group,1471.43
1649365529,peer_group,1470.34
1649365529,peer_group,1466.93
1649365529,peer_group,1447.90
1649365529,peer_group,1446.48
1649365529,peer_group,1438.39
1649365529,peer_group,1432.57
1649365529,peer_group,1429.87
1649365529,peer_group,1425.31
1649365529,peer_group,1420.99
1649365529,peer_group,1420.32
1649365529,peer_group,1420.27
1649365529,peer_group,1416.14
1649365529,peer_group,1416.08
1649365529,peer_group,1412.11
1649365529,peer_group,1410.06
1649365529,peer_group,1402.79
1649365529,peer_group,1395.82
1649365529,peer_group,1394.02
1649365529,peer_group,1393.04
1649365529,peer_group,1390.94
1649365529,peer_group,1386.59
1649365529,peer_group,1381.85
1649365529,peer_group,1381.19
1649365529,peer_group,1367.59
1649365529,peer_group,1363.46
1649365529,peer_group,1361.92
1649365529,peer_group,1357.74
1649365529,peer_group,1356.43
1649365529,peer_group,1354.01
1649365529,peer_group,1352.42
1649365529,peer_group,1350.04
1649365529,peer_group,1347.40
1649365529,peer_group,1341.46
1649365529,peer_group,1340.54
1649365529,peer_group,1340.12
1649365529,peer_group,1338.86
1649365529,peer_group,1336.32
1649365529,peer_group,1334.19
1649365529,peer_group,1325.36
1649365529,peer_group,1321.30
1649365529,peer_group,1319.13
1649365529,peer_group,1318.59
1649365529,peer_group,1317.18
1649365529,peer_group,1316.86
1649365529,peer_group,1314.23
1649365529,peer_group,1309.72
1649365529,peer_group,1307.76
1649365529,peer_group,1306.18
1649365529,peer_group,1296.55
1649365529,peer_group,1287.18
1649365529,peer_group,1285.87
1649365529,peer_group,1285.84
1649365529,peer_group,1277.75
1649365529,peer_group,1272.35
1649365529,peer_group,1269.65
1649365529,peer_group,1260.71
1649365529,peer_group,1259.89
1649365529,peer_group,1259.08
1649365529,peer_group,1256.24
1649365529,peer_group,1250.78
1649365529,peer_group,1244.36
1649365529,peer_group,1243.36
1649365529,peer_group,1241.45
1649365529,peer_group,1240.42
1649365529,peer_group,1237.13
1649365529,peer_group,1235.64
1649365529,peer_group,1233.58
1649365529,peer_group,1227.83
1649365529,peer_group,1227.71
1649365529,peer_group,1225.37
1649365529,peer_group,1220.52
1649365529,peer_group,1218.59
1649365529,peer_group,1216.42
1649365529,peer_group,1214.60
1649365529,peer_group,1213.62
1649365529,peer_group,1213.14
1649365529,peer_group,1210.17
1649365529,peer_group,1209.00
1649365529,peer_group,1202.03
1649365529,peer_group,1199.64
1649365529,peer_group,1198.37
1649365529,peer_group,1198.11
1649365529,peer_group,1195.11
1649365529,peer_group,1194.34
1649365529,peer_group,1193.94
1649365529,peer_group,1192.80
1649365529,peer_group,1183.42
1649365529,peer_group,1183.10
1649365529,peer_group,1182.64
1649365529,peer_group,1179.42
1649365529,peer_group,1177.22
1649365529,peer_group,1173.24
1649365529,peer_group,1170.39
1649365529,peer_group,1170.27
1649365529,peer_group,1170.12
1649365529,peer_group,1162.11
1649365529,peer_group,1160.44
1649365529,peer_group,1159.49
1649365529,peer_group,1149.00
1649365529,peer_group,1148.32
1649365529,peer_group,1141.66
1649365529,peer_group,1140.24
1649365529,peer_group,1139.14
1649365529,peer_group,1134.17
1649365529,peer_group,1132.89
1649365529,peer_group,1132.85
1649365529,peer_group,1129.42
1649365529,peer_group,1125.99
1649365529,peer_group,1124.96
1649365529,peer_group,1122.26
1649365529,peer_group,1122.08
1649365529,peer_group,1117.00
1649365529,peer_group,1112.51
1649365529,peer_group,1111.12
1649365529,peer_group,1104.28
1649365529,peer_group,1097.11
1649365529,peer_group,1092.07
1649365529,peer_group,1090.07
1649365529,peer_group,1088.57
1649365529,peer_group,1087.10
1649365529,peer_group,1086.65
1649365529,peer_group,1086.49
1649365529,peer_group,1086.11
1649365529,peer_group,1082.19
1649365529,peer_group,1080.60
1649365529,peer_group,1079.35
1649365529,peer_group,1078.87
1649365529,peer_group,1077.53
1649365529,peer_group,1077.26
1649365529,peer_group,1077.17
1649365529,peer_group,1076.16
1649365529,peer_group,1075.54
1649365529,peer_group,1075.43
1649365529,peer_group,1071.00
1649365529,peer_group,1070.24
1649365529,peer_group,1050.44
1649365529,peer_group,1049.48
1649365529,peer_group,1047.67
1649365529,peer_group,1045.79
1649365529,peer_group,1038.69
1649365529,peer_group,1035.23
1649365529,peer_group,1034.46
1649365529,peer_group,1034.17
1649365529,peer_group,1032.19
1649365529,peer_group,1030.96
1649365529,peer_group,1030.72
1649365529,peer_group,1029.34
1649365529,peer_group,1021.22
1649365529,peer_group,1020.63
1649365529,peer_group,1020.30
1649365529,peer_group,1018.05
1649365529,peer_group,1016.21
1649365529,peer_group,1010.81
1649365529,peer_group,1001.43
1649365529,peer_group,1000.42
1649365529,peer_group,999.87
1649365529,peer_group,993.08
1649365529,peer_group,992.49
1649365529,peer_group,984.95
1649365529,peer_group,981.99
1649365529,peer_group,981.93
1649365529,peer_group,980.53
1649365529,peer_group,980.47
1649365529,peer_group,979.92
1649365529,peer_group,977.07
1649365529,peer_group,975.39
1649365529,peer_group,972.97
1649365529,peer_group,970.21
1649365529,peer_group,969.30
1649365529,peer_group,965.99
1649365529,peer_group,963.68
1649365529,peer_group,957.21
1649365529,peer_group,949.61
1649365529,peer_group,948.72
1649365529,peer_group,948.49
1649365529,peer_group,947.08
1649365529,peer_group,942.29
1649365529,peer_group,941.75
1649365529,peer_group,935.06
1649365529,peer_group,933.17
1649365529,peer_group,924.33
1649365529,peer_group,920.95
1649365529,peer_group,920.69
1649365529,peer_group,919.62
1649365529,peer_group,919.40
1649365529,peer_group,918.93
1649365529,peer_group,917.87
1649365529,peer_group,917.08
1649365529,peer_group,916.49
1649365529,peer_group,911.66
1649365529,peer_group,911.26
1649365529,peer_group,906.16
1649365529,peer_group,899.19
1649365529,peer_group,896.66
1649365529,peer_group,894.81
1649365529,peer_group,892.40
1649365529,peer_group,891.34
1649365529,peer_group,890.21
1649365529,peer_group,888.90
1649365529,peer_group,884.45
1649365529,peer_group,877.12
1649365529,peer_group,876.25
1649365529,peer_group,876.19
1649365529,peer_group,871.46
1649365529,peer_group,871.09
1649365529,peer_group,869.76
1649365529,peer_group,867.47
1649365529,peer_group,862.67
1649365529,peer_group,862.36
1649365529,peer_group,854.61
1649365529,peer_group,854.11
1649365529,peer_group,852.20
1649365529,peer_group,852.05
1649365529,peer_group,850.71
1649365529,peer_group,848.25
1649365529,peer_group,846.40
1649365529,peer_group,845.48
1649365529,peer_group,841.70
1649365529,peer_group,841.29
1649365529,peer_group,840.69
1649365529,peer_group,837.55
1649365529,peer_group,836.82
1649365529,peer_group,835.01
1649365529,peer_group,832.97
1649365529,peer_group,832.95
1649365529,peer_group,827.28
1649365529,peer_group,826.02
1649365529,peer_group,824.88
1649365529,peer_group,822.87
1649365529,peer_group,819.58
1649365529,peer_group,817.24
1649365529,peer_group,815.03
1649365529,peer_group,814.81
1649365529,peer_group,814.80
1649365529,peer_group,814.69
1649365529,peer_group,811.38
1649365529,peer_group,811.37
1649365529,peer_group,811.08
1649365529,peer_group,808.92
1649365529,peer_group,806.23
1649365529,peer_group,801.07
1649365529,peer_group,800.54
1649365529,peer_group,797.41
1649365529,peer_group,795.37
1649365529,peer_group,790.78
1649365529,peer_group,789.04
1649365529,peer_group,785.34
1649365529,peer_group,784.32
1649365529,peer_group,781.30
1649365529,peer_group,779.80
1649365529,peer_group,779.31
1649365529,peer_group,778.34
1649365529,peer_group,778.05
1649365529,peer_group,774.94
1649365529,peer_group,771.92
1649365529,peer_group,771.74
1649365529,peer_group,768.77
1649365529,peer_group,765.54
1649365529,peer_group,764.62
1649365529,peer_group,759.22
1649365529,peer_group,756.60
1649365529,peer_group,756.39
1649365529,peer_group,755.54
1649365529,peer_group,753.39
1649365529,peer_group,752.55
1649365529,peer_group,751.99
1649365529,peer_group,750.43
1649365529,peer_group,748.67
1649365529,peer_group,747.91
1649365529,peer_group,744.87
1649365529,peer_group,744.83
1649365529,peer_group,738.23
1649365529,peer_group,737.90
1649365529,peer_group,734.56
1649365529,peer_group,734.56
1649365529,peer_group,733.68
1649365529,peer_group,733.66
1649365529,peer_group,730.27
1649365529,peer_group,728.16
1649365529,peer_group,727.84
1649365529,peer_group,726.96
1649365529,peer_group,725.55
1649365529,peer_group,724.68
1649365529,peer_group,723.17
1649365529,peer_group,722.68
1649365529,peer_group,721.89
1649365529,peer_group,721.66
1649365529,peer_group,721.59
1649365529,peer_group,721.23
1649365529,peer_group,719.84
1649365529,peer_group,719.37
1649365529,peer_group,719.36
1649365529,peer_group,717.82
1649365529,peer_group,717.75
1649365529,peer_group,717.42
1649365529,peer_group,715.67
1649365529,peer_group,715.59
1649365529,peer_group,715.14
1649365529,peer_group,714.69
1649365529,peer_group,712.87
1649365529,peer_group,712.28
1649365529,peer_group,711.62
1649365529,peer_group,709.12
1649365529,peer_group,709.10
1649365529,peer_group,707.92
1649365529,peer_group,707.81
1649365529,peer_group,704.26
1649365529,peer_group,703.85
1649365529,peer_group,703.59
1649365529,peer_group,703.02
1649365529,peer_group,702.20
1649365529,peer_group,701.00
1649365529,peer_group,699.92
1649365529,peer_group,699.86
1649365529,peer_group,699.45
1649365529,peer_group,699.33
1649365529,peer_group,698.40
1649365529,peer_group,698.21
1649365529,peer_group,697.32
1649365529,peer_group,697.13
1649365529,peer_group,695.53
1649365529,peer_group,692.10
1649365529,peer_group,691.90
1649365529,peer_group,688.99
1649365529,peer_group,688.26
1649365529,peer_group,685.09
1649365529,peer_group,683.15
1649365529,peer_group,681.94
1649365529,peer_group,681.65
1649365529,peer_group,680.96
1649365529,peer_group,679.05
1649365529,peer_group,678.50
1649365529,peer_group,678.38
1649365529,peer_group,677.11
1649365529,peer_group,676.69
1649365529,peer_group,676.45
1649365529,peer_group,676.22
1649365529,peer_group,675.62
1649365529,peer_group,675.17
1649365529,peer_group,672.88
1649365529,peer_group,672.79
1649365529,peer_group,671.81
1649365529,peer_group,670.47
1649365529,peer_group,669.95
1649365529,peer_group,669.03
1649365529,peer_group,668.97
1649365529,peer_group,666.00
1649365529,peer_group,663.62
1649365529,peer_group,661.60
1649365529,peer_group,660.67
1649365529,peer_group,660.16
1649365529,peer_group,653.14
1649365529,peer_group,652.47
1649365529,peer_group,649.62
1649365529,peer_group,648.43
1649365529,peer_group,645.27
1649365529,peer_group,643.16
1649365529,peer_group,642.26
1649365529,peer_group,642.17
1649365529,peer_group,641.01
1649365529,peer_group,640.06
1649365529,peer_group,639.51
1649365529,peer_group,639.28
1649365529,peer_group,636.46
1649365529,peer_group,635.92
1649365529,peer_group,635.90
1649365529,peer_group,630.48
1649365529,peer_group,629.60
1649365529,peer_group,629.31
1649365529,peer_group,628.65
1649365529,peer_group,626.11
1649365529,peer_group,624.11
1649365529,peer_group,623.50
1649365529,peer_group,623.04
1649365529,peer_group,620.53
1649365529,peer_group,618.42
1649365529,peer_group,617.80
1649365529,peer_group,616.88
1649365529,peer_group,610.96
1649365529,peer_group,610.90
1649365529,peer_group,610.68
1649365529,peer_group,607.63
1649365529,peer_group,607.21
1649365529,peer_group,605.48
1649365529,peer_group,604.75
1649365529,peer_group,604.63
1649365529,peer_group,604.37
1649365529,peer_group,603.87
1649365529,peer_group,601.16
1649365529,peer_group,599.45
1649365529,peer_group,598.67
1649365529,peer_group,597.50
1649365529,peer_group,596.38
1649365529,peer_group,596.23
1649365529,peer_group,595.87
1649365529,peer_group,595.56
1649365529,peer_group,595.39
1649365529,peer_group,594.33
1649365529,peer_group,593.39
1649365529,peer_group,592.60
1649365529,peer_group,592.18
1649365529,peer_group,591.30
1649365529,peer_group,589.93
1649365529,peer_group,589.17
1649365529,peer_group,588.75
1649365529,peer_group,587.67
1649365529,peer_group,586.44
1649365529,peer_group,584.05
1649365529,peer_group,582.85
1649365529,peer_group,577.49
1649365529,peer_group,577.12
1649365529,peer_group,576.65
1649365529,peer_group,575.14
1649365529,peer_group,574.96
1649365529,peer_group,574.77
1649365529,peer_group,574.48
1649365529,peer_group,574.34
1649365529,peer_group,571.26
1649365529,peer_group,569.67
1649365529,peer_group,568.12
1649365529,peer_group,565.83
1649365529,peer_group,564.03
1649365529,peer_group,563.23
1649365529,peer_group,561.87
1649365529,peer_group,561.56
1649365529,peer_group,559.50
1649365529,peer_group,558.25
1649365529,peer_group,553.50
1649365529,peer_group,551.35
1649365529,peer_group,549.86
1649365529,peer_group,549.32
1649365529,peer_group,548.54
1649365529,peer_group,548.35
1649365529,peer_group,547.39
1649365529,peer_group,547.16
1649365529,peer_group,544.25
1649365529,peer_group,544.09
1649365529,peer_group,541.67
1649365529,peer_group,539.30
1649365529,peer_group,538.19
1649365529,peer_group,538.09
1649365529,peer_group,535.99
1649365529,peer_group,535.10
1649365529,peer_group,534.13
1649365529,peer_group,533.77
1649365529,peer_group,533.51
1649365529,peer_group,532.21
1649365529,peer_group,531.51
1649365529,peer_group,530.90
1649365529,peer_group,529.65
1649365529,peer_group,528.49
1649365529,peer_group,527.52
1649365529,peer_group,526.57
1649365529,peer_group,524.79
1649365529,peer_group,523.17
1649365529,peer_group,522.77
1649365529,peer_group,522.14
1649365529,peer_group,520.29
1649365529,peer_group,519.38
1649365529,peer_group,517.65
1649365529,peer_group,517.30
1649365529,peer_group,516.87
1649365529,peer_group,516.65
1649365529,peer_group,516.00
1649365529,peer_group,515.16
1649365529,peer_group,513.40
1649365529,peer_group,512.67
1649365529,peer_group,512.38
1649365529,peer_group,510.95
1649365529,peer_group,510.85
1649365529,peer_group,508.99
1649365529,peer_group,506.74
1649365529,peer_group,506.67
1649365529,peer_group,501.32
1649365529,peer_group,501.12
1649365529,peer_group,498.56
1649365529,peer_group,496.88
1649365529,peer_group,496.31
1649365529,peer_group,496.13
1649365529,peer_group,495.17
1649365529,peer_group,492.40
1649365529,peer_group,491.37
1649365529,peer_group,489.21
1649365529,peer_group,489.04
1649365529,peer_group,487.24
1649365529,peer_group,482.96
1649365529,peer_group,481.20
1649365529,peer_group,480.30
1649365529,peer_group,478.59
1649365529,peer_group,474.89
1649365529,peer_group,474.48
1649365529,peer_group,473.37
1649365529,peer_group,473.04
1649365529,peer_group,469.31
1649365529,peer_group,466.36
1649365529,peer_group,464.00
1649365529,peer_group,463.79
1649365529,peer_group,463.54
1649365529,peer_group,462.47
1649365529,peer_group,462.03
1649365529,peer_group,461.16
1649365529,peer_group,460.79
1649365529,peer_group,459.80
1649365529,peer_group,458.76
1649365529,peer_group,458.09
1649365529,peer_group,457.72
1649365529,peer_group,457.47
1649365529,peer_group,457.28
1649365529,peer_group,455.64
1649365529,peer_group,452.92
1649365529,peer_group,452.49
1649365529,peer_group,450.78
1649365529,peer_group,450.22
1649365529,peer_group,449.08
1649365529,peer_group,448.64
1649365529,peer_group,447.90
1649365529,peer_group,447.79
1649365529,peer_group,447.64
1649365529,peer_group,446.90
1649365529,peer_group,446.30
1649365529,peer_group,444.69
1649365529,peer_group,442.93
1649365529,peer_group,441.21
1649365529,peer_group,437.45
1649365529,peer_group,436.26
1649365529,peer_group,436.24
1649365529,peer_group,435.79
1649365529,peer_group,433.83
1649365529,peer_group,432.61
1649365529,peer_group,431.91
1649365529,peer_group,430.94
1649365529,peer_group,430.46
1649365529,peer_group,428.32
1649365529,peer_group,427.17
1649365529,peer_group,424.15
1649365529,peer_group,423.85
1649365529,peer_group,423.06
1649365529,peer_group,422.85
1649365529,peer_group,422.05
1649365529,peer_group,420.02
1649365529,peer_group,419.69
1649365529,peer_group,415.16
1649365529,peer_group,413.56
1649365529,peer_group,413.13
1649365529,peer_group,411.78
1649365529,peer_group,410.96
1649365529,peer_group,408.76
1649365529,peer_group,408.49
1649365529,peer_group,407.29
1649365529,peer_group,405.44
1649365529,peer_group,404.73
1649365529,peer_group,404.09
1649365529,peer_group,403.89
1649365529,peer_group,403.62
1649365529,peer_group,402.03
1649365529,peer_group,401.95
1649365529,peer_group,400.31
1649365529,peer_group,399.55
1649365529,peer_group,399.38
1649365529,peer_group,399.27
1649365529,peer_group,398.78
1649365529,peer_group,398.74
1649365529,peer_group,398.10
1649365529,peer_group,397.28
1649365529,peer_group,396.14
1649365529,peer_group,395.88
1649365529,peer_group,395.51
1649365529,peer_group,395.18
1649365529,peer_group,394.58
1649365529,peer_group,393.89
1649365529,peer_group,393.49
1649365529,peer_group,393.32
1649365529,peer_group,392.58
1649365529,peer_group,390.51
1649365529,peer_group,390.27
1649365529,peer_group,390.24
1649365529,peer_group,390.01
1649365529,peer_group,389.94
1649365529,peer_group,387.82
1649365529,peer_group,387.82
1649365529,peer_group,386.64
1649365529,peer_group,384.57
1649365529,peer_group,383.04
1649365529,peer_group,382.69
1649365529,peer_group,382.49
1649365529,peer_group,381.09
1649365529,peer_group,380.21
1649365529,peer_group,379.39
1649365529,peer_group,376.16
1649365529,peer_group,375.82
1649365529,peer_group,371.76
1649365529,peer_group,369.95
1649365529,peer_group,369.57
1649365529,peer_group,369.25
1649365529,peer_group,368.50
1649365529,peer_group,368.34
1649365529,peer_group,368.11
1649365529,peer_group,367.74
1649365529,peer_group,366.58
1649365529,peer_group,365.22
1649365529,peer_group,365.07
1649365529,peer_group,364.27
1649365529,peer_group,363.76
1649365529,peer_group,362.21
1649365529,peer_group,361.80
1649365529,peer_group,360.56
1649365529,peer_group,358.98
1649365529,peer_group,358.61
1649365529,peer_group,355.24
1649365529,peer_group,354.79
1649365529,peer_group,354.28
1649365529,peer_group,353.10
1649365529,peer_group,352.84
1649365529,peer_group,351.67
1649365529,peer_group,350.11
1649365529,peer_group,349.01
1649365529,peer_group,344.76
1649365529,peer_group,343.12
1649365529,peer_group,342.30
1649365529,peer_group,341.48
1649365529,peer_group,341.20
1649365529,peer_group,340.44
1649365529,peer_group,340.37
1649365529,peer_group,339.40
1649365529,peer_group,339.34
1649365529,peer_group,339.30
1649365529,peer_group,338.53
1649365529,peer_group,338.18
1649365529,peer_group,336.33
1649365529,peer_group,335.86
1649365529,peer_group,335.75
1649365529,peer_group,335.53
1649365529,peer_group,335.20
1649365529,peer_group,332.30
1649365529,peer_group,331.54
1649365529,peer_group,331.16
1649365529,peer_group,330.38
1649365529,peer_group,328.91
1649365529,peer_group,327.30
1649365529,peer_group,326.88
1649365529,peer_group,326.48
1649365529,peer_group,326.43
1649365529,peer_group,326.36
1649365529,peer_group,324.64
1649365529,peer_group,323.65
1649365529,peer_group,322.78
1649365529,peer_group,322.64
1649365529,peer_group,321.60
1649365529,peer_group,321.55
1649365529,peer_group,317.91
1649365529,peer_group,317.37
1649365529,peer_group,317.16
1649365529,peer_group,315.57
1649365529,peer_group,315.46
1649365529,peer_group,315.15
1649365529,peer_group,312.19
1649365529,peer_group,312.17
1649365529,peer_group,311.81
1649365529,peer_group,310.96
1649365529,peer_group,310.64
1649365529,peer_group,310.46
1649365529,peer_group,307.84
1649365529,peer_group,306.91
1649365529,peer_group,306.74
1649365529,peer_group,306.24
1649365529,peer_group,305.50
1649365529,peer_group,304.91
1649365529,peer_group,303.39
1649365529,peer_group,303.28
1649365529,peer_group,301.65
1649365529,peer_group,300.11
1649365529,peer_group,299.23
1649365529,peer_group,298.23
1649365529,peer_group,298.07
1649365529,peer_group,297.74
1649365529,peer_group,297.60
1649365529,peer_group,296.12
1649365529,peer_group,294.52
1649365529,peer_group,293.87
1649365529,peer_group,292.76
1649365529,peer_group,292.16
1649365529,peer_group,291.94
1649365529,peer_group,291.83
1649365529,peer_group,291.79
1649365529,peer_group,291.30
1649365529,peer_group,290.55
1649365529,peer_group,289.40
1649365529,peer_group,288.11
1649365529,peer_group,287.30
1649365529,peer_group,284.76
1649365529,peer_group,284.71
1649365529,peer_group,284.52
1649365529,peer_group,284.01
1649365529,peer_group,283.00
1649365529,peer_group,282.40
1649365529,peer_group,282.35
1649365529,peer_group,280.98
1649365529,peer_group,280.95
1649365529,peer_group,280.48
1649365529,peer_group,279.48
1649365529,peer_group,278.32
1649365529,peer_group,277.89
1649365529,peer_group,277.82
1649365529,peer_group,277.27
1649365529,peer_group,277.13
1649365529,peer_group,276.88
1649365529,peer_group,276.77
1649365529,peer_group,276.64
1649365529,peer_group,274.95
1649365529,peer_group,274.20
1649365529,peer_group,274.18
1649365529,peer_group,274.03
1649365529,peer_group,271.26
1649365529,peer_group,269.97
1649365529,peer_group,269.62
1649365529,peer_group,269.08
1649365529,peer_group,268.36
1649365529,peer_group,267.99
1649365529,peer_group,266.66
1649365529,peer_group,265.50
1649365529,peer_group,263.25
1649365529,peer_group,263.25
1649365529,peer_group,262.93
1649365529,peer_group,262.39
1649365529,peer_group,261.57
1649365529,peer_group,259.85
1649365529,peer_group,258.11
1649365529,peer_group,257.00
1649365529,peer_group,255.63
1649365529,peer_group,255.16
1649365529,peer_group,254.64
1649365529,peer_group,254.01
1649365529,peer_group,253.62
1649365529,peer_group,253.19
1649365529,peer_group,252.42
1649365529,peer_group,251.37
1649365529,peer_group,249.63
1649365529,peer_group,249.52
1649365529,peer_group,248.67
1649365529,peer_group,248.40
1649365529,peer_group,248.10
1649365529,peer_group,247.95
1649365529,peer_group,247.64
1649365529,peer_group,247.52
1649365529,peer_group,247.49
1649365529,peer_group,246.69
1649365529,peer_group,246.50
1649365529,peer_group,245.57
1649365529,peer_group,245.56
1649365529,peer_group,244.88
1649365529,peer_group,244.75
1649365529,peer_group,244.23
1649365529,peer_group,243.56
1649365529,peer_group,243.27
1649365529,peer_group,242.81
1649365529,peer_group,242.36
1649365529,peer_group,241.74
1649365529,peer_group,241.64
1649365529,peer_group,241.49
1649365529,peer_group,241.01
1649365529,peer_group,240.86
1649365529,peer_group,240.62
1649365529,peer_group,239.51
1649365529,peer_group,238.06
1649365529,peer_group,237.48
1649365529,peer_group,237.20
1649365529,peer_group,236.80
1649365529,peer_group,234.74
1649365529,peer_group,234.30
1649365529,peer_group,232.82
1649365529,peer_group,232.63
1649365529,peer_group,231.66
1649365529,peer_group,231.61
1649365529,peer_group,230.48
1649365529,peer_group,230.05
1649365529,peer_group,229.72
1649365529,peer_group,229.14
1649365529,peer_group,228.77
1649365529,peer_group,228.31
1649365529,peer_group,227.85
1649365529,peer_group,227.03
1649365529,peer_group,225.55
1649365529,peer_group,225.35
1649365529,peer_group,222.46
1649365529,peer_group,219.67
1649365529,peer_group,219.59
1649365529,peer_group,219.56
1649365529,peer_group,219.20
1649365529,peer_group,218.67
1649365529,peer_group,217.95
1649365529,peer_group,216.46
1649365529,peer_group,216.14
1649365529,peer_group,215.20
1649365529,peer_group,215.02
1649365529,peer_group,214.72
1649365529,peer_group,214.27
1649365529,peer_group,214.13
1649365529,peer_group,213.85
1649365529,peer_group,213.35
1649365529,peer_group,213.32
1649365529,peer_group,211.75
1649365529,peer_group,211.73
1649365529,peer_group,210.77
1649365529,peer_group,210.11
1649365529,peer_group,209.90
1649365529,peer_group,208.57
1649365529,peer_group,208.43
1649365529,peer_group,207.23
1649365529,peer_group,206.94
1649365529,peer_group,206.73
1649365529,peer_group,206.58
1649365529,peer_group,206.33
1649365529,peer_group,204.46
1649365529,peer_group,204.18
1649365529,peer_group,204.10
1649365529,peer_group,203.45
1649365529,peer_group,203.38
1649365529,peer_group,203.05
1649365529,peer_group,201.36
1649365529,peer_group,200.77
1649365529,peer_group,200.46
1649365529,peer_group,199.63
1649365529,peer_group,198.21
1649365529,peer_group,197.93
1649365529,peer_group,197.88
1649365529,peer_group,197.79
1649365529,peer_group,196.85
1649365529,peer_group,196.32
1649365529,peer_group,194.66
1649365529,peer_group,193.58
1649365529,peer_group,193.53
1649365529,peer_group,192.24
1649365529,peer_group,191.61
1649365529,peer_group,190.52
1649365529,peer_group,190.11
1649365529,peer_group,188.88
1649365529,peer_group,188.38
1649365529,peer_group,188.26
1649365529,peer_group,187.62
1649365529,peer_group,187.41
1649365529,peer_group,186.85
1649365529,peer_group,186.65
1649365529,peer_group,185.25
1649365529,peer_group,185.24
1649365529,peer_group,184.97
1649365529,peer_group,184.26
1649365529,peer_group,183.04
1649365529,peer_group,182.62
1649365529,peer_group,182.07
1649365529,peer_group,181.96
1649365529,peer_group,181.48
1649365529,peer_group,181.33
1649365529,peer_group,180.89
1649365529,peer_group,180.23
1649365529,peer_group,180.02
1649365529,peer_group,179.96
1649365529,peer_group,178.86
1649365529,peer_group,178.62
1649365529,peer_group,176.86
1649365529,peer_group,176.49
1649365529,peer_group,176.32
1649365529,peer_group,175.05
1649365529,peer_group,174.92
1649365529,peer_group,174.39
1649365529,peer_group,173.61
1649365529,peer_group,173.09
1649365529,peer_group,173.02
1649365529,peer_group,172.87
1649365529,peer_group,172.24
1649365529,peer_group,172.17
1649365529,peer_group,171.58
1649365529,peer_group,170.55
1649365529,peer_group,170.16
1649365529,peer_group,169.34
1649365529,peer_group,168.36
1649365529,peer_group,168.11
1649365529,peer_group,167.60
1649365529,peer_group,166.98
1649365529,peer_group,165.20
1649365529,peer_group,165.10
1649365529,peer_group,164.45
1649365529,peer_group,164.23
1649365529,peer_group,163.99
1649365529,peer_group,163.97
1649365529,peer_group,163.56
1649365529,peer_group,163.18
1649365529,peer_group,162.35
1649365529,peer_group,162.31
1649365529,peer_group,162.04
1649365529,peer_group,161.02
1649365529,peer_group,160.84
1649365529,peer_group,160.47
1649365529,peer_group,159.05
1649365529,peer_group,158.41
1649365529,peer_group,158.19
1649365529,peer_group,157.04
1649365529,peer_group,156.98
1649365529,peer_group,156.71
1649365529,peer_group,156.16
1649365529,peer_group,156.10
1649365529,peer_group,155.02
1649365529,peer_group,154.82
1649365529,peer_group,154.76
1649365529,peer_group,154.45
1649365529,peer_group,153.66
1649365529,peer_group,153.01
1649365529,peer_group,152.40
1649365529,peer_group,151.31
1649365529,peer_group,150.74
1649365529,peer_group,150.36
1649365529,peer_group,150.23
1649365529,peer_group,149.02
1649365529,peer_group,147.94
1649365529,peer_group,146.86
1649365529,peer_group,145.39
1649365529,peer_group,144.78
1649365529,peer_group,144.56
1649365529,peer_group,144.40
1649365529,peer_group,144.06
1649365529,peer_group,142.71
1649365529,peer_group,142.66
1649365529,peer_group,140.49
1649365529,peer_group,140.36
1649365529,peer_group,140.15
1649365529,peer_group,139.97
1649365529,peer_group,139.40
1649365529,peer_group,138.69
1649365529,peer_group,138.01
1649365529,peer_group,137.83
1649365529,peer_group,137.75
1649365529,peer_group,136.85
1649365529,peer_group,136.25
1649365529,peer_group,134.85
1649365529,peer_group,134.66
1649365529,peer_group,133.36
1649365529,peer_group,132.42
1649365529,peer_group,130.96
1649365529,peer_group,130.83
1649365529,peer_group,130.70
1649365529,peer_group,129.67
1649365529,peer_group,129.67
1649365529,peer_group,129.51
1649365529,peer_group,128.99
1649365529,peer_group,128.90
1649365529,peer_group,128.23
1649365529,peer_group,128.12
1649365529,peer_group,127.54
1649365529,peer_group,127.23
1649365529,peer_group,127.03
1649365529,peer_group,126.72
1649365529,peer_group,126.63
1649365529,peer_group,126.43
1649365529,peer_group,126.17
1649365529,peer_group,126.10
1649365529,peer_group,125.91
1649365529,peer_group,125.70
1649365529,peer_group,124.74
1649365529,peer_group,124.55
1649365529,peer_group,124.47
1649365529,peer_group,123.90
1649365529,peer_group,122.54
1649365529,peer_group,122.38
1649365529,peer_group,122.18
1649365529,peer_group,121.28
1649365529,peer_group,121.25
1649365529,peer_group,120.94
1649365529,peer_group,120.66
1649365529,peer_group,119.21
1649365529,peer_group,118.99
1649365529,peer_group,117.55
1649365529,peer_group,117.29
1649365529,peer_group,115.27
1649365529,peer_group,113.79
1649365529,peer_group,113.58
1649365529,peer_group,113.31
1649365529,peer_group,112.24
1649365529,peer_group,112.15
1649365529,peer_group,112.08
1649365529,peer_group,111.98
1649365529,peer_group,109.38
1649365529,peer_group,109.20
1649365529,peer_group,109.13
1649365529,peer_group,108.70
1649365529,peer_group,108.28
1649365529,peer_group,107.86
1649365529,peer_group,107.67
1649365529,peer_group,107.46
1649365529,peer_group,107.10
1649365529,peer_group,106.94
1649365529,peer_group,106.82
1649365529,peer_group,106.43
1649365529,peer_group,106.39
1649365529,peer_group,106.20
1649365529,peer_group,105.53
1649365529,peer_group,105.24
1649365529,peer_group,103.06
1649365529,peer_group,102.49
1649365529,peer_group,102.44
1649365529,peer_group,101.72
1649365529,peer_group,101.56
1649365529,peer_group,101.44
1649365529,peer_group,101.35
1649365529,peer_group,100.97
1649365529,peer_group,100.73
1649365529,peer_group,100.21
1649365529,peer_group,98.11
1649365529,peer_group,98.00
1649365529,peer_group,97.33
1649365529,peer_group,97.30
1649365529,peer_group,96.22
1649365529,peer_group,96.07
1649365529,peer_group,95.48
1649365529,peer_group,94.83
1649365529,peer_group,94.55
1649365529,peer_group,93.97
1649365529,peer_group,93.72
1649365529,peer_group,93.61
1649365529,peer_group,93.58
1649365529,peer_group,93.54
1649365529,peer_group,92.67
1649365529,peer_group,92.25
1649365529,peer_group,91.97
1649365529,peer_group,90.43
1649365529,peer_group,90.32
1649365529,peer_group,90.22
1649365529,peer_group,89.66
1649365529,peer_group,87.90
1649365529,peer_group,86.70
1649365529,peer_group,86.48
1649365529,peer_group,85.35
1649365529,peer_group,85.11
1649365529,peer_group,84.79
1649365529,peer_group,84.66
1649365529,peer_group,83.48
1649365529,peer_group,83.31
1649365529,peer_group,82.64
1649365529,peer_group,82.13
1649365529,peer_group,81.47
1649365529,peer_group,80.96
1649365529,peer_group,80.21
1649365529,peer_group,79.64
1649365529,peer_group,79.24
1649365529,peer_group,78.75
1649365529,peer_group,78.24
1649365529,peer_group,77.94
1649365529,peer_group,77.25
1649365529,peer_group,76.98
1649365529,peer_group,76.92
1649365529,peer_group,76.60
1649365529,peer_group,76.36
1649365529,peer_group,76.25
1649365529,peer_group,76.12
1649365529,peer_group,75.86
1649365529,peer_group,71.67
1649365529,peer_group,69.66
1649365529,peer_group,69.42
1649365529,peer_group,68.11
1649365529,peer_group,67.90
1649365529,peer_group,67.88
1649365529,peer_group,67.57
1649365529,peer_group,67.16
1649365529,peer_group,66.62
1649365529,peer_group,66.09
1649365529,peer_group,65.93
1649365529,peer_group,65.22
1649365529,peer_group,65.05
1649365529,peer_group,64.95
1649365529,peer_group,64.10
1649365529,peer_group,63.14
1649365529,peer_group,63.13
1649365529,peer_group,63.06
1649365529,peer_group,62.87
1649365529,peer_group,62.39
1649365529,peer_group,61.91
1649365529,peer_group,61.52
1649365529,peer_group,61.40
1649365529,peer_group,61.32
1649365529,peer_group,60.40
1649365529,peer_group,58.98
1649365529,peer_group,58.44
1649365529,peer_group,57.82
1649365529,peer_group,56.94
1649365529,peer_group,56.07
1649365529,peer_group,55.95
1649365529,peer_group,55.38
1649365529,peer_group,55.36
1649365529,peer_group,55.10
1649365529,peer_group,54.97
1649365529,peer_group,54.51
1649365529,peer_group,54.38
1649365529,peer_group,53.94
1649365529,peer_group,53.12
1649365529,peer_group,52.63
1649365529,peer_group,51.29
1649365529,peer_group,50.60
1649365529,peer_group,50.58
1649365529,peer_group,50.19
1649365529,peer_group,50.14
1649365529,peer_group,49.80
1649365529,peer_group,49.71
1649365529,peer_group,48.56
1649365529,peer_group,48.05
1649365529,peer_group,47.47
1649365529,peer_group,46.29
1649365529,peer_group,44.84
1649365529,peer_group,44.60
1649365529,peer_group,44.31
1649365529,peer_group,44.03
1649365529,peer_group,43.78
1649365529,peer_group,43.06
1649365529,peer_group,42.76
1649365529,peer_group,42.38
1649365529,peer_group,42.19
1649365529,peer_group,42.07
1649365529,peer_group,42.04
1649365529,peer_group,41.81
1649365529,peer_group,40.83
1649365529,peer_group,40.30
1649365529,peer_group,40.23
1649365529,peer_group,40.13
1649365529,peer_group,39.56
1649365529,peer_group,39.36
1649365529,peer_group,39.34
1649365529,peer_group,38.27
1649365529,peer_group,38.00
1649365529,peer_group,37.75
1649365529,peer_group,37.73
1649365529,peer_group,37.64
1649365529,peer_group,36.99
1649365529,peer_group,36.75
1649365529,peer_group,36.12
1649365529,peer_group,35.85
1649365529,peer_group,35.69
1649365529,peer_group,34.68
1649365529,peer_group,34.55
1649365529,peer_group,34.08
1649365529,peer_group,33.28
1649365529,peer_group,33.20
1649365529,peer_group,33.11
1649365529,peer_group,31.50
1649365529,peer_group,30.63
1649365529,peer_group,30.30
1649365529,peer_group,30.18
1649365529,peer_group,28.65
1649365529,peer_group,28.52
1649365529,peer_group,27.40
1649365529,peer_group,26.90
1649365529,peer_group,26.63
1649365529,peer_group,25.96
1649365529,peer_group,25.63
1649365529,peer_group,25.34
1649365529,peer_group,24.39
1649365529,peer_group,22.47
1649365529,peer_group,21.06
1649365529,peer_group,20.03
1649365529,peer_group,18.52
1649365529,peer_group,16.35
1649365529,peer_group,15.68
1649365529,this_provider,84134877.16
